scenario_uid,source,split,outcome,gate_lo_m,gate_hi_m,reconstruction_residual_m,components_forward,components_aligned,nearest_gap_m,nearest_lo_m,nearest_hi_m,nearest_lane_types,nearest_is_route_lane,lane_change_left_crosses,lane_change_right_crosses
pg:scenarionet_v1:PGMap-12920000,pg,test,ok,-5.651443897733898,5.6514438977339125,0.0,1,1,,,,,False,True,True
pg:scenarionet_v1:PGMap-12920016,pg,train,ok,-5.52311229284382,5.52311229284382,0.0,1,1,,,,,False,True,True
pg:scenarionet_v1:PGMap-12920018,pg,train,ok,-5.1662390927002235,5.1662390927002235,0.0,1,1,,,,,False,True,True
pg:scenarionet_v1:PGMap-12920025,pg,train,ok,-10.868280292479085,2.1736560584958227,0.0,1,1,,,,,False,True,False
pg:scenarionet_v1:PGMap-12920029,pg,train,ok,-6.318836368791681,2.106278789597252,2.6645352591003757e-15,1,1,,,,,False,True,False
pg:scenarionet_v1:PGMap-12920044,pg,train,ok,-9.965698911202916,1.993139782240596,8.881784197001252e-15,1,1,,,,,False,True,False
pg:scenarionet_v1:PGMap-12920050,pg,train,ok,-6.097391712908789,6.097391712908821,9.769962616701378e-15,1,1,,,,,False,True,True
pg:scenarionet_v1:PGMap-12920057,pg,train,ok,-1.9679920382161527,1.967992038216181,0.0,1,1,,,,,False,False,False
pg:scenarionet_v1:PGMap-12920061,pg,train,ok,-11.178359935347817,2.2356719870696056,1.1546319456101628e-14,1,1,,,,,False,True,False
pg:scenarionet_v1:PGMap-12920065,pg,train,ok,-5.460573620379307,1.8201912067930834,0.0,1,1,,,,,False,True,False
pg:scenarionet_v1:PGMap-12920068,pg,train,ok,-1.8704151701183094,1.8704151701183587,4.6629367034256575e-15,1,1,,,,,False,False,False
pg:scenarionet_v1:PGMap-12920073,pg,train,ok,-2.2325450902171013,2.2325450902171156,0.0,1,1,,,,,False,False,False
pg:scenarionet_v1:PGMap-12920074,pg,test,ok,-2.001506307627977,6.0045189228839275,9.769962616701378e-15,1,1,,,,,False,False,True
pg:scenarionet_v1:PGMap-12920078,pg,train,ok,-5.98836176293552,1.9961205876451944,5.329070518200751e-15,1,1,,,,,False,True,False
pg:scenarionet_v1:PGMap-12920100,pg,train,ok,-4.652096685966995,1.550698895322327,0.0,1,1,,,,,False,True,False
pg:scenarionet_v1:PGMap-12920103,pg,test,ok,-2.1195285720162356,10.59764286008115,1.7763568394002505e-15,1,1,,,,,False,False,True
pg:scenarionet_v1:PGMap-12920147,pg,train,ok,-4.967757324283454,4.967757324283455,8.881784197001252e-16,1,1,,,,,False,True,True
pg:scenarionet_v1:PGMap-12920149,pg,train,ok,-6.650905228435628,6.650905228435569,7.105427357601002e-15,1,1,,,,,False,True,True
pg:scenarionet_v1:PGMap-12920162,pg,train,ok,-6.5423603908463885,6.542360390846358,5.329070518200751e-15,1,1,,,,,False,True,True
pg:scenarionet_v1:PGMap-12920166,pg,train,ok,-11.111978147912026,2.222395629582394,0.0,1,1,,,,,False,True,False
pg:scenarionet_v1:PGMap-12920172,pg,train,ok,-6.236560718256653,12.195539258378172,3.552713678800501e-15,2,1,31.431389535971622,43.626928794349794,64.44015451937878,LANE_SURFACE_STREET,False,True,True
pg:scenarionet_v1:PGMap-12920196,pg,train,ok,-2.0149358814597633,2.0149358814597775,0.0,1,1,,,,,False,False,False
pg:scenarionet_v1:PGMap-12920219,pg,train,ok,-1.8271900050052652,9.135950025026315,1.2656542480726785e-14,1,1,,,,,False,False,True
pg:scenarionet_v1:PGMap-12920223,pg,train,ok,-1.9844514704560239,9.922257352280072,2.6645352591003757e-14,1,1,,,,,False,False,True
pg:scenarionet_v1:PGMap-12920225,pg,test,ok,-2.028608623425183,2.028608623425112,2.220446049250313e-15,1,1,,,,,False,False,False
pg:scenarionet_v1:PGMap-12920245,pg,train,ok,-6.031753599111459,6.031753599111432,6.217248937900877e-15,1,1,,,,,False,True,True
pg:scenarionet_v1:PGMap-12920249,pg,train,ok,-4.724624424534511,1.5748748081781803,4.440892098500626e-16,1,1,,,,,False,True,False
pg:scenarionet_v1:PGMap-12920254,pg,train,ok,-5.137260369897382,5.137260369897497,2.1316282072803006e-14,1,1,,,,,False,True,True
pg:scenarionet_v1:PGMap-13920004,pg,train,ok,-14.528286989858145,8.0524904894651,0.0,2,2,4.797758989328173,12.850249478793273,23.91210533858508,LANE_SURFACE_UNSTRUCTURE,False,True,True
pg:scenarionet_v1:PGMap-13920022,pg,train,ok,-1.9468404423831203,31.352500579055004,0.0,2,1,3.373728591268275,-11.0,-5.320569033651395,LANE_SURFACE_UNSTRUCTURE,False,False,True
pg:scenarionet_v1:PGMap-13920025,pg,train,ok,-1.677660874422358,8.388304372111776,0.0,1,1,,,,,False,False,True
pg:scenarionet_v1:PGMap-13920028,pg,train,ok,-11.0,24.700853806940714,0.0,1,1,,,,,False,True,True
pg:scenarionet_v1:PGMap-13920035,pg,train,ok,-21.992483937254608,6.491883924880355,1.0658141036401503e-14,1,1,,,,,False,True,True
pg:scenarionet_v1:PGMap-13920039,pg,test,ok,-1.7099323938269038,5.1297971814807255,0.0,1,1,,,,,False,False,True
pg:scenarionet_v1:PGMap-13920041,pg,train,ok,-9.973701282460041,1.9947402564919798,0.0,1,1,,,,,False,True,False
pg:scenarionet_v1:PGMap-13920053,pg,train,ok,-1.7598377446524864,8.799188723262446,0.0,1,1,,,,,False,False,True
pg:scenarionet_v1:PGMap-13920063,pg,train,ok,-1.8623736840758767,5.587121052227701,0.0,1,1,,,,,False,False,True
pg:scenarionet_v1:PGMap-13920081,pg,train,ok,-5.937602964592969,5.937602964592983,0.0,1,1,,,,,False,True,True
pg:scenarionet_v1:PGMap-13920098,pg,train,ok,-4.96306765323186,4.96306765323186,0.0,1,1,,,,,False,True,True
pg:scenarionet_v1:PGMap-13920103,pg,test,ok,-6.1224950889417045,2.0408316963139015,0.0,1,1,,,,,False,True,False
pg:scenarionet_v1:PGMap-13920128,pg,train,ok,-1.9143426621142596,9.571713310571145,8.659739592076221e-15,1,1,,,,,False,False,True
pg:scenarionet_v1:PGMap-13920139,pg,train,ok,-1.7591217973863138,5.277365392158998,0.0,1,1,,,,,False,False,True
pg:scenarionet_v1:PGMap-13920156,pg,train,ok,-5.9245871959578125,23.228069162825918,0.0,2,2,0.01812429172116481,-11.33071368337373,-5.942711487678977,LANE_SURFACE_UNSTRUCTURE,False,True,True
pg:scenarionet_v1:PGMap-13920157,pg,train,ok,-6.298246625754871,6.298246625754885,0.0,1,1,,,,,False,True,True
pg:scenarionet_v1:PGMap-13920161,pg,train,ok,-6.644389604005883,2.214796534668621,2.6645352591003757e-15,1,1,,,,,False,True,False
pg:scenarionet_v1:PGMap-13920173,pg,train,ok,-1.9370820255734174,5.8112460767202805,0.0,1,1,,,,,False,False,True
pg:scenarionet_v1:PGMap-13920191,pg,train,ok,-2.1011568146971826,6.303470444091561,8.43769498715119e-15,1,1,,,,,False,False,True
pg:scenarionet_v1:PGMap-13920206,pg,train,ok,-11.256864691701622,4.577586153463756,0.0,1,1,,,,,False,True,True
pg:scenarionet_v1:PGMap-13920228,pg,train,ok,-1.973769736474324,5.921309209423001,0.0,1,1,,,,,False,False,True
pg:scenarionet_v1:PGMap-13920236,pg,train,ok,-8.086338131005462,1.6172676262010839,0.0,1,1,,,,,False,True,False
pg:scenarionet_v1:PGMap-13920237,pg,train,ok,-4.696792408989566,24.01807109296388,0.0,1,1,,,,,False,True,True
pg:scenarionet_v1:PGMap-13920247,pg,test,ok,-1.9619014811379145,9.809507405689558,0.0,1,1,,,,,False,False,True
pg:scenarionet_v1:PGMap-13920253,pg,train,ok,-1.6611354434709966,8.305677217354997,0.0,1,1,,,,,False,False,True
pg:scenarionet_v1:PGMap-13920255,pg,test,ok,-1.6227240925052087,4.868172277515612,0.0,1,1,,,,,False,False,True
pg:scenarionet_v1:PGMap-13920259,pg,test,ok,-4.100157958761358,5.520729706825975,0.0,2,2,0.01208522734796702,-11.0,-4.112243186109325,LANE_SURFACE_UNSTRUCTURE,False,True,True
pg:scenarionet_v1:PGMap-13920285,pg,train,ok,-1.60082612229263,20.6049567337556,6.661338147750939e-16,2,2,1.3900883744043149,-11.259500317973277,-2.990914496696945,LANE_SURFACE_UNSTRUCTURE,False,False,True
pg:scenarionet_v1:PGMap-13920299,pg,train,ok,-6.125409185667853,2.0418030618892695,1.3322676295501878e-14,1,1,,,,,False,True,False
pg:scenarionet_v1:PGMap-13920341,pg,train,ok,-4.856263754938039,4.85626375493803,1.5987211554602254e-14,2,2,94.50546284322922,99.36172659816725,100.0,LANE_SURFACE_STREET,False,True,True
pg:scenarionet_v1:PGMap-13920355,pg,train,ok,-2.0643182285229216,6.192954685568779,0.0,1,1,,,,,False,False,True
pg:scenarionet_v1:PGMap-13920364,pg,train,ok,-6.08644827548888,6.056688681332204,2.6645352591003757e-15,2,2,4.965388659935354,-33.45506628647283,-11.051836935424234,LANE_SURFACE_STREET|LANE_SURFACE_UNSTRUCTURE,False,True,True
pg:scenarionet_v1:PGMap-13920365,pg,train,ok,-1.939402195247368,9.697010976236811,0.0,1,1,,,,,False,False,True
pg:scenarionet_v1:PGMap-13920368,pg,train,ok,-5.706173139317134,1.902057713105666,1.865174681370263e-14,1,1,,,,,False,True,False
pg:scenarionet_v1:PGMap-13920373,pg,train,ok,-2.0401361556738067,6.1204084670214485,0.0,1,1,,,,,False,False,True
pg:scenarionet_v1:PGMap-13920375,pg,train,ok,-2.011502515176376,10.057512575881866,1.554312234475219e-14,1,1,,,,,False,False,True
pg:scenarionet_v1:PGMap-14920002,pg,train,ok,-4.882497928367739,16.10582452363832,1.7763568394002505e-15,2,1,51.73047696024338,67.8363014838817,83.69281830513367,LANE_SURFACE_STREET,False,True,True
pg:scenarionet_v1:PGMap-14920007,pg,train,ok,-7.757371137733799,1.5308463285519593,0.0,1,1,,,,,False,True,False
pg:scenarionet_v1:PGMap-14920010,pg,train,ok,-4.789109998937832,6.001723969841265,0.0,3,1,0.012147665636035754,6.013871635477301,17.965768744846343,LANE_SURFACE_STREET,False,True,True
pg:scenarionet_v1:PGMap-14920021,pg,train,ok,-1.8304275934675425,17.530464458743186,3.197442310920451e-14,3,2,30.800345263085088,48.330809721828274,56.24667446843347,LANE_SURFACE_STREET,False,False,True
pg:scenarionet_v1:PGMap-14920025,pg,train,ok,-5.059056352033494,1.686352117344513,8.881784197001252e-16,1,1,,,,,False,True,False
pg:scenarionet_v1:PGMap-14920027,pg,train,ok,-9.359481063596348,1.871896212719264,0.0,1,1,,,,,False,True,False
pg:scenarionet_v1:PGMap-14920031,pg,train,ok,-5.827593900321842,9.71265650053642,5.329070518200751e-15,1,1,,,,,False,True,True
pg:scenarionet_v1:PGMap-14920040,pg,train,ok,-15.062144467473587,26.56895497240785,0.0,1,1,,,,,False,True,True
pg:scenarionet_v1:PGMap-14920051,pg,train,ok,-14.222756318467006,2.0318223312095824,0.0,1,1,,,,,False,True,False
pg:scenarionet_v1:PGMap-14920060,pg,train,ok,-2.0432800698560527,6.129840209568172,0.0,1,1,,,,,False,False,True
pg:scenarionet_v1:PGMap-14920065,pg,train,ok,-10.46136583495904,27.895794902950158,0.0,2,2,0.015203565354184434,-15.101279806473485,-10.476569400313224,LANE_SURFACE_UNSTRUCTURE,False,True,True
pg:scenarionet_v1:PGMap-14920078,pg,train,ok,-10.720703143242691,2.144140628648547,3.9968028886505635e-15,2,2,74.06047123166483,-97.64601814679874,-84.78117437490752,LANE_SURFACE_STREET,False,True,False
pg:scenarionet_v1:PGMap-14920093,pg,train,ok,-9.732250656814623,1.936801126829869,5.995204332975845e-15,2,2,4.581205379475952,-34.960013824443095,-14.313456036290575,LANE_SURFACE_STREET|LANE_SURFACE_UNSTRUCTURE,False,True,False
pg:scenarionet_v1:PGMap-14920105,pg,train,ok,-4.645727287677289,1.5485757625590677,1.3988810110276972e-14,1,1,,,,,False,True,False
pg:scenarionet_v1:PGMap-14920120,pg,train,ok,-2.085478225655905,23.696744090864243,0.0,2,2,0.8491648291512774,-11.0,-2.9346430548071822,LANE_SURFACE_UNSTRUCTURE,False,False,True
pg:scenarionet_v1:PGMap-14920122,pg,train,ok,-2.175821636329813,8.001068397473574,1.7763568394002505e-15,1,1,,,,,False,False,True
pg:scenarionet_v1:PGMap-14920123,pg,train,ok,-7.761878026376998,1.552375605275416,7.105427357601002e-15,1,1,,,,,False,True,False
pg:scenarionet_v1:PGMap-14920144,pg,train,ok,-2.0461323621638736,10.230661810819479,8.881784197001252e-15,1,1,,,,,False,False,True
pg:scenarionet_v1:PGMap-14920154,pg,train,ok,-1.9526506119963916,22.838862659119084,5.3290705182007514e-14,2,1,24.000778371650117,46.8396410307692,71.45493130009194,LANE_SURFACE_STREET,False,False,True
pg:scenarionet_v1:PGMap-14920161,pg,test,ok,-1.8600885514167667,5.58026565425031,1.7763568394002505e-15,1,1,,,,,False,False,True
pg:scenarionet_v1:PGMap-14920163,pg,test,ok,-1.6161167803305287,16.70366698795678,2.220446049250313e-16,2,1,52.90000673651306,69.60367372446984,76.16717930573782,LANE_SURFACE_STREET,False,False,True
pg:scenarionet_v1:PGMap-14920166,pg,train,ok,-6.52209041694114,6.522090416941168,0.0,1,1,,,,,False,True,True
pg:scenarionet_v1:PGMap-14920174,pg,train,ok,-1.707529126357393,5.122587379072179,7.105427357601002e-15,1,1,,,,,False,False,True
pg:scenarionet_v1:PGMap-14920176,pg,train,ok,-1.7743054306814736,5.3229162920443684,6.217248937900877e-15,1,1,,,,,False,False,True
pg:scenarionet_v1:PGMap-14920178,pg,train,ok,-6.306101415868817,2.1020338052896346,7.105427357601002e-15,1,1,,,,,False,True,False
pg:scenarionet_v1:PGMap-14920214,pg,train,ok,-1.9606503377691131,9.803251688845506,3.3306690738754696e-15,1,1,,,,,False,False,True
pg:scenarionet_v1:PGMap-14920215,pg,train,ok,-8.039343374524151,6.28530574296029,0.0,2,2,0.031738315350196444,-11.348630736271659,-8.071081689874347,LANE_SURFACE_UNSTRUCTURE,False,True,True
pg:scenarionet_v1:PGMap-14920225,pg,train,ok,-4.833774596992712,10.994421364950957,5.329070518200751e-15,2,1,43.679517265710594,54.67393863066155,67.61542259129041,LANE_SURFACE_STREET,False,True,True
pg:scenarionet_v1:PGMap-14920229,pg,train,ok,-9.185343685650675,1.8370687371301662,3.552713678800501e-15,1,1,,,,,False,True,False
pg:scenarionet_v1:PGMap-14920235,pg,train,ok,-12.520358982368563,1.7886227117669469,8.881784197001252e-16,1,1,,,,,False,True,False
pg:scenarionet_v1:PGMap-14920248,pg,test,ok,-1.8601540510312429,5.58046215309379,1.509903313490213e-14,1,1,,,,,False,False,True
pg:scenarionet_v1:PGMap-14920253,pg,train,ok,-2.1019549008931575,6.928169755583096,4.440892098500626e-15,1,1,,,,,False,False,True
pg:scenarionet_v1:PGMap-14920280,pg,train,ok,-1.4789968354040588,18.632663022382513,3.552713678800501e-15,2,1,23.079029982638662,41.711693005021175,53.537285044198086,LANE_SURFACE_STREET,False,False,True
pg:scenarionet_v1:PGMap-14920326,pg,train,ok,-15.174265070482221,25.9863900343303,0.0,1,1,,,,,False,True,True
pg:scenarionet_v1:PGMap-14920330,pg,train,ok,-1.7788365444392227,11.38466109041063,7.105427357601002e-15,1,1,,,,,False,False,True
pg:scenarionet_v1:PGMap-14920342,pg,test,ok,-10.964769539352659,2.192953907870532,0.0,1,1,,,,,False,True,False
pg:scenarionet_v1:PGMap-14920349,pg,train,ok,-6.466118932204564,13.37537654856142,1.7763568394002505e-15,2,1,23.529513559865237,36.904890108426656,57.65442943606766,LANE_SURFACE_STREET,False,True,True
pg:scenarionet_v1:PGMap-14920351,pg,train,ok,-1.8906074388882104,1.8906074388881962,0.0,1,1,,,,,False,False,False
pg:scenarionet_v1:PGMap-14920374,pg,train,ok,-6.525631465272012,2.159502863192628,1.7763568394002505e-15,3,3,5.495326195657983,-27.640646652005344,-12.020957660929994,LANE_SURFACE_STREET|LANE_SURFACE_UNSTRUCTURE,False,True,False
pg:scenarionet_v1:PGMap-14920376,pg,train,ok,-11.333463213252557,20.39222987442426,0.0,1,1,,,,,False,True,True
pg:scenarionet_v1:PGMap-14920394,pg,train,ok,-2.2168656054081293,2.2168656054081435,1.5987211554602254e-14,1,1,,,,,False,False,False
pg:scenarionet_v1:PGMap-14920397,pg,train,ok,-6.381655595049045,2.1339302748893463,8.881784197001252e-15,1,1,,,,,False,True,False
pg:scenarionet_v1:PGMap-14920419,pg,train,ok,-5.9163763776926395,5.916376377692686,1.4210854715202004e-14,1,1,,,,,False,True,True
pg:scenarionet_v1:PGMap-14920448,pg,train,ok,-8.443517933481473,1.6887035866962776,0.0,1,1,,,,,False,True,False
pg:scenarionet_v1:PGMap-14920465,pg,train,ok,-2.037917573054557,10.189587865272813,0.0,1,1,,,,,False,False,True
pg:scenarionet_v1:PGMap-14920491,pg,train,ok,-6.160906545828013,2.0536355152760137,0.0,1,1,,,,,False,True,False
pg:scenarionet_v1:PGMap-14920495,pg,train,ok,-1.6240617544397513,14.828311675638249,1.7763568394002505e-15,3,2,17.832219723355735,32.66053139899398,39.86338362520533,LANE_SURFACE_STREET,False,False,True
pg:scenarionet_v1:PGMap-14920517,pg,train,ok,-1.4809919254978057,4.266839679793961,4.263256414560601e-14,3,2,15.760422761405223,20.027262441199184,22.899152111192464,LANE_SURFACE_STREET,False,False,True
pg:scenarionet_v1:PGMap-14920520,pg,train,ok,-12.854081739621051,1.9676954269505273,0.0,1,1,,,,,False,True,False
pg:scenarionet_v1:PGMap-14920522,pg,train,ok,-2.0843764812881886,10.421882406440886,0.0,2,2,4.688343312361951,-10.941472756226503,-6.77271979365014,LANE_SURFACE_STREET,False,False,True
pg:scenarionet_v1:PGMap-14920532,pg,train,ok,-14.90886973641895,19.746447373921953,0.0,2,2,0.010131274819613623,19.756578648741566,24.712210356483567,LANE_SURFACE_UNSTRUCTURE,False,True,True
pg:scenarionet_v1:PGMap-14920534,pg,test,ok,-11.06220661506712,4.0551765533680255,5.329070518200751e-15,1,1,,,,,False,True,True
pg:scenarionet_v1:PGMap-14920552,pg,train,ok,-5.045842777429812,5.045842777429812,0.0,1,1,,,,,False,True,True
pg:scenarionet_v1:PGMap-14920575,pg,train,ok,-2.184862149865438,6.554586449596329,0.0,1,1,,,,,False,False,True
pg:scenarionet_v1:PGMap-14920578,pg,train,ok,-5.203387484819102,1.7344624949397311,1.3322676295501878e-14,1,1,,,,,False,True,False
pg:scenarionet_v1:PGMap-14920582,pg,train,ok,-15.863237668093973,27.74500035925871,0.0,1,1,,,,,False,True,True
pg:scenarionet_v1:PGMap-14920593,pg,train,ok,-1.559305297626068,20.35583178575638,0.0,2,2,2.8206307172880116,-11.406328961740513,-4.37993601491408,LANE_SURFACE_UNSTRUCTURE,False,False,True
pg:scenarionet_v1:PGMap-14920598,pg,train,ok,-10.69169532158692,2.7421653535820525,0.0,1,1,,,,,False,True,True
pg:scenarionet_v1:PGMap-14920620,pg,train,ok,-14.187363465861866,6.418719991495666,2.6645352591003757e-15,2,1,0.024865852188808546,-32.690645063259055,-14.212229318050674,LANE_SURFACE_STREET,False,True,True
pg:scenarionet_v1:PGMap-14920622,pg,train,ok,-1.9580383058697701,9.799327903950845,7.549516567451064e-15,1,1,,,,,False,False,True
pg:scenarionet_v1:PGMap-14920624,pg,train,ok,-8.926807217611369,6.26956967927255,0.0,3,3,0.029009829068073145,-14.929036781013153,-8.955817046679442,LANE_SURFACE_UNSTRUCTURE,False,True,True
pg:scenarionet_v1:PGMap-14920632,pg,train,ok,-8.863967372385403,17.427831195794596,0.0,2,1,46.717384840256756,64.14521603605135,86.00770409419513,LANE_SURFACE_STREET,False,True,True
pg:scenarionet_v1:PGMap-14920674,pg,train,ok,-1.8551105006171698,10.764527276221799,2.6645352591003757e-15,2,1,25.017770822194393,35.78229809841619,39.91563249579809,LANE_SURFACE_STREET,False,False,True
pg:scenarionet_v1:PGMap-14920682,pg,train,ok,-17.83380886649599,2.0546327304505203,1.0658141036401503e-14,2,2,83.02862086782213,85.08325359827265,85.32529569716294,LANE_SURFACE_STREET,False,True,False
pg:scenarionet_v1:PGMap-14920686,pg,train,ok,-2.1192352821150955,18.25195770098434,2.1316282072803006e-14,1,2,,,,,False,False,True
pg:scenarionet_v1:PGMap-14920694,pg,train,ok,-4.885395704889822,1.6284652349633135,5.329070518200751e-15,1,1,,,,,False,True,False
pg:scenarionet_v1:PGMap-14920697,pg,train,ok,-4.607310360576898,12.120574748031366,7.105427357601002e-15,2,1,49.971699000215985,62.09227374824735,66.28592405213172,LANE_SURFACE_STREET,False,True,True
pg:scenarionet_v1:PGMap-14920717,pg,train,ok,-8.436097743810933,1.687219548762187,4.440892098500626e-16,1,1,,,,,False,True,False
pg:scenarionet_v1:PGMap-14920723,pg,train,ok,-2.2051951263779443,2.2051951263779586,0.0,1,1,,,,,False,False,False
pg:scenarionet_v1:PGMap-14920734,pg,test,ok,-14.99327029239629,24.611741227779333,0.0,1,1,,,,,False,True,True
pg:scenarionet_v1:PGMap-14920743,pg,train,ok,-10.152962425501237,2.0305924851002857,2.842170943040401e-14,1,1,,,,,False,True,False
pg:scenarionet_v1:PGMap-14920787,pg,train,ok,-1.9243999123374076,9.621999561687138,5.329070518200751e-15,1,1,,,,,False,False,True
pg:scenarionet_v1:PGMap-14920792,pg,train,ok,-7.128024013851065,2.0395136347453993,9.325873406851315e-15,1,1,,,,,False,True,False
pg:scenarionet_v1:PGMap-14920796,pg,train,ok,-19.883441787352822,56.748005243311574,7.105427357601002e-15,1,2,,,,,False,True,True
pg:scenarionet_v1:PGMap-14920803,pg,train,ok,-1.9183690682442793,1.9352585975291323,9.547918011776346e-15,1,1,,,,,False,False,False
pg:scenarionet_v1:PGMap-14920819,pg,train,ok,-5.276012613361288,3.061565415591046,1.7763568394002505e-15,1,1,,,,,False,True,True
pg:scenarionet_v1:PGMap-14920841,pg,train,ok,-7.649902119732218,1.5491447370384037,0.0,1,1,,,,,False,True,False
pg:scenarionet_v1:PGMap-14920882,pg,test,ok,-4.581046711293311,23.21612456344883,0.0,2,2,7.379450640349191,-14.816365102973052,-11.960497351642502,LANE_SURFACE_UNSTRUCTURE,False,True,True
pg:scenarionet_v1:PGMap-14920892,pg,train,ok,-11.215358070615178,16.348863675861775,3.907985046680551e-14,2,2,0.01931341504107209,16.368177090902847,58.48463334688577,LANE_SURFACE_STREET|LANE_SURFACE_UNSTRUCTURE,False,True,True
pg:scenarionet_v1:PGMap-14920909,pg,train,ok,-2.1358228185340256,2.1691126159980567,3.1086244689504383e-15,2,2,0.012373514641413674,2.1814861306394704,16.74379725665345,LANE_SURFACE_STREET,False,False,False
pg:scenarionet_v1:PGMap-14920937,pg,train,ok,-2.0344383062946054,6.103314918883797,1.7763568394002505e-15,1,1,,,,,False,False,True
pg:scenarionet_v1:PGMap-14920940,pg,train,ok,-9.009501151050742,1.8019002302101654,0.0,1,1,,,,,False,True,False
pg:scenarionet_v1:PGMap-14920958,pg,train,ok,-7.811555163004073,1.5623110326008032,0.0,1,1,,,,,False,True,False
pg:scenarionet_v1:PGMap-14921009,pg,train,ok,-5.312692725354246,21.03953945282488,7.105427357601002e-15,3,2,35.46383289041769,56.503372343242575,77.85091578446566,LANE_SURFACE_STREET,False,True,True
pg:scenarionet_v1:PGMap-14921010,pg,train,ok,-5.380200053972672,1.7934000179908907,0.0,1,1,,,,,False,True,False
pg:scenarionet_v1:PGMap-14921012,pg,test,ok,-5.678048699590249,1.892682899863416,4.440892098500626e-16,1,1,,,,,False,True,False
pg:scenarionet_v1:PGMap-14921013,pg,train,ok,-9.699575943956532,1.9399151887913044,8.881784197001252e-16,1,1,,,,,False,True,False
pg:scenarionet_v1:PGMap-14921015,pg,train,ok,-5.229401113802003,5.229401113801985,4.440892098500626e-15,1,1,,,,,False,True,True
pg:scenarionet_v1:PGMap-14921037,pg,test,ok,-1.4958776117466976,3.8573704067735712,5.10702591327572e-15,1,1,,,,,False,False,True
pg:scenarionet_v1:PGMap-14921046,pg,train,ok,-5.691503503525924,10.11002256128981,1.7763568394002505e-15,4,2,0.025051908084961383,10.135074469374771,11.65607882831074,LANE_SURFACE_STREET,False,True,True
pg:scenarionet_v1:PGMap-14921064,pg,train,ok,-1.740128794899241,8.700643974495973,3.4638958368304884e-14,2,2,5.124058116399973,-45.000000000000014,-6.864186911299214,LANE_SURFACE_STREET|LANE_SURFACE_UNSTRUCTURE,False,False,True
pg:scenarionet_v1:PGMap-14921070,pg,test,ok,-9.155782151943885,1.8311564303887697,3.774758283725532e-15,1,1,,,,,False,True,False
pg:scenarionet_v1:PGMap-14921077,pg,train,ok,-1.9678636978553925,9.839318489276948,0.0,1,1,,,,,False,False,True
pg:scenarionet_v1:PGMap-14921083,pg,train,ok,-9.038343209195489,1.8076686418391015,8.881784197001252e-16,1,1,,,,,False,True,False
pg:scenarionet_v1:PGMap-1920007,pg,train,ok,-1.875707456848147,5.6271223705443845,0.0,1,1,,,,,False,False,True
pg:scenarionet_v1:PGMap-1920008,pg,train,ok,-7.93052172366087,1.5861043447321843,6.661338147750939e-15,1,1,,,,,False,True,False
pg:scenarionet_v1:PGMap-1920009,pg,train,ok,-5.453376580386163,1.8177921934620542,0.0,1,1,,,,,False,True,False
pg:scenarionet_v1:PGMap-1920013,pg,train,ok,-5.486755329952418,1.8289184433174688,6.217248937900877e-15,1,1,,,,,False,True,False
pg:scenarionet_v1:PGMap-1920015,pg,train,ok,-5.057278886566706,1.6857596288555499,0.0,1,1,,,,,False,True,False
pg:scenarionet_v1:PGMap-1920019,pg,train,ok,-6.576606716964335,2.1922022389881306,0.0,1,1,,,,,False,True,False
pg:scenarionet_v1:PGMap-1920022,pg,train,ok,-2.2065974198322844,11.03298709916129,7.549516567451064e-15,1,1,,,,,False,False,True
pg:scenarionet_v1:PGMap-1920027,pg,train,ok,-5.875998455325634,5.875998455325637,6.217248937900877e-15,1,1,,,,,False,True,True
pg:scenarionet_v1:PGMap-1920034,pg,train,ok,-1.8531523258124416,5.581869824956416,1.1546319456101628e-14,1,1,,,,,False,False,True
pg:scenarionet_v1:PGMap-1920037,pg,train,ok,-4.812878278813815,1.6042927596046057,2.6645352591003757e-15,1,1,,,,,False,True,False
pg:scenarionet_v1:PGMap-1920039,pg,train,ok,-2.071790275778253,6.215370827334683,3.019806626980426e-14,1,1,,,,,False,False,True
pg:scenarionet_v1:PGMap-1920043,pg,train,ok,-9.8221673864211,1.9644334772842171,0.0,1,1,,,,,False,True,False
pg:scenarionet_v1:PGMap-1920048,pg,train,ok,-8.19032529775335,1.6380650595506796,1.0658141036401503e-14,1,1,,,,,False,True,False
pg:scenarionet_v1:PGMap-1920057,pg,train,ok,-2.0265919044083063,6.079775713224905,0.0,1,1,,,,,False,False,True
pg:scenarionet_v1:PGMap-1920059,pg,train,ok,-10.279805207483971,2.055961041496828,3.552713678800501e-15,1,1,,,,,False,True,False
pg:scenarionet_v1:PGMap-1920061,pg,train,ok,-6.617218650374256,2.205739550124748,8.881784197001252e-16,1,1,,,,,False,True,False
pg:scenarionet_v1:PGMap-1920065,pg,train,ok,-6.0555004871228215,6.055500487122737,6.217248937900877e-15,1,1,,,,,False,True,True
pg:scenarionet_v1:PGMap-1920070,pg,train,ok,-5.251981257241553,1.7506604190805182,4.440892098500626e-16,1,1,,,,,False,True,False
pg:scenarionet_v1:PGMap-1920072,pg,train,ok,-5.4151253980423215,1.8050417993474106,3.552713678800501e-15,1,1,,,,,False,True,False
pg:scenarionet_v1:PGMap-1920073,pg,train,ok,-1.5727592014660774,7.863796007330386,7.105427357601002e-15,1,1,,,,,False,False,True
pg:scenarionet_v1:PGMap-1920076,pg,train,ok,-8.63795639548605,1.727591279097197,7.105427357601002e-15,1,1,,,,,False,True,False
pg:scenarionet_v1:PGMap-1920081,pg,train,ok,-9.909939279438035,1.9819878558875956,0.0,1,1,,,,,False,True,False
pg:scenarionet_v1:PGMap-1920087,pg,train,ok,-5.863628666276264,1.9545428887587784,7.993605777301127e-15,1,1,,,,,False,True,False
pg:scenarionet_v1:PGMap-1920088,pg,train,ok,-10.674707067440231,2.1349414134880655,2.1316282072803006e-14,1,1,,,,,False,True,False
pg:scenarionet_v1:PGMap-1920092,pg,train,ok,-5.0574772690284435,5.057477269028415,4.440892098500626e-15,1,1,,,,,False,True,True
pg:scenarionet_v1:PGMap-1920095,pg,train,ok,-2.1940391113389492,6.58211733401676,1.1546319456101628e-14,1,1,,,,,False,False,True
pg:scenarionet_v1:PGMap-1920104,pg,train,ok,-2.0271589078914127,10.135794539456976,7.993605777301127e-15,1,1,,,,,False,False,True
pg:scenarionet_v1:PGMap-1920107,pg,train,ok,-5.864079210236085,1.9546930700786653,1.4210854715202004e-14,1,1,,,,,False,True,False
pg:scenarionet_v1:PGMap-1920112,pg,train,ok,-2.110186004818388,10.550930024091926,0.0,1,1,,,,,False,False,True
pg:scenarionet_v1:PGMap-1920113,pg,test,ok,-6.452935166731295,2.1509783889104526,7.105427357601002e-15,1,1,,,,,False,True,False
pg:scenarionet_v1:PGMap-1920126,pg,train,ok,-6.14892797894812,2.0496426596493578,7.105427357601002e-15,1,1,,,,,False,True,False
pg:scenarionet_v1:PGMap-1920127,pg,train,ok,-2.1301453728073767,10.650726864036969,0.0,1,1,,,,,False,False,True
pg:scenarionet_v1:PGMap-1920129,pg,train,ok,-4.640433725764564,1.546811241921493,1.1546319456101628e-14,1,1,,,,,False,True,False
pg:scenarionet_v1:PGMap-1920135,pg,train,ok,-1.602358239885124,4.8070747196553025,3.552713678800501e-15,1,1,,,,,False,False,True
pg:scenarionet_v1:PGMap-1920139,pg,train,ok,-2.1732412904986984,6.519723871496114,3.9968028886505635e-15,1,1,,,,,False,False,True
pg:scenarionet_v1:PGMap-1920140,pg,train,ok,-1.979174466767875,5.937523400303537,3.552713678800501e-15,1,1,,,,,False,False,True
pg:scenarionet_v1:PGMap-1920145,pg,test,ok,-11.180096027914118,2.2360192055828265,5.773159728050814e-15,1,1,,,,,False,True,False
pg:scenarionet_v1:PGMap-1920155,pg,train,ok,-6.696608940528037,2.2322029801760124,0.0,1,1,,,,,False,True,False
pg:scenarionet_v1:PGMap-1920159,pg,train,ok,-5.862122249616618,1.9540407498722057,4.440892098500626e-16,1,1,,,,,False,True,False
pg:scenarionet_v1:PGMap-1920160,pg,train,ok,-6.732220424493791,2.244073474831262,5.773159728050814e-15,1,1,,,,,False,True,False
pg:scenarionet_v1:PGMap-1920162,pg,train,ok,-1.7149178872264526,5.1447536616794105,6.217248937900877e-15,1,1,,,,,False,False,True
pg:scenarionet_v1:PGMap-1920171,pg,test,ok,-6.3076191814059825,6.3076191814059825,0.0,1,1,,,,,False,True,True
pg:scenarionet_v1:PGMap-1920173,pg,test,ok,-4.570886416811284,4.570886416811291,2.1316282072803006e-14,1,1,,,,,False,True,True
pg:scenarionet_v1:PGMap-1920175,pg,train,ok,-1.8570721720164158,5.571216516049262,0.0,1,1,,,,,False,False,True
pg:scenarionet_v1:PGMap-1920178,pg,test,ok,-5.738885900873305,1.9129619669577802,5.329070518200751e-15,1,1,,,,,False,True,False
pg:scenarionet_v1:PGMap-1920181,pg,train,ok,-1.8992021602579996,9.49601080128997,0.0,1,1,,,,,False,False,True
pg:scenarionet_v1:PGMap-1920190,pg,train,ok,-1.8930589325397307,9.465294662698625,0.0,1,1,,,,,False,False,True
pg:scenarionet_v1:PGMap-1920193,pg,train,ok,-2.147330055764742,6.441990167294195,1.7763568394002505e-15,1,1,,,,,False,False,True
pg:scenarionet_v1:PGMap-1920196,pg,train,ok,-8.159482341275428,1.6318964682550896,1.7319479184152442e-14,1,1,,,,,False,True,False
pg:scenarionet_v1:PGMap-1920202,pg,train,ok,-9.976199577165872,1.9952399154331601,0.0,1,1,,,,,False,True,False
pg:scenarionet_v1:PGMap-1920203,pg,test,ok,-6.056062831552595,2.01868761051756,0.0,1,1,,,,,False,True,False
pg:scenarionet_v1:PGMap-1920204,pg,train,ok,-8.121009547259472,1.6242019094518854,3.552713678800501e-15,1,1,,,,,False,True,False
pg:scenarionet_v1:PGMap-1920208,pg,train,ok,-5.006476878452615,5.006476878452672,1.2434497875801753e-14,1,1,,,,,False,True,True
pg:scenarionet_v1:PGMap-1920210,pg,train,ok,-6.31048234654061,2.1034941155135556,0.0,1,1,,,,,False,True,False
pg:scenarionet_v1:PGMap-1920215,pg,train,ok,-1.6839874502604242,5.05196235078123,6.661338147750939e-15,1,1,,,,,False,False,True
pg:scenarionet_v1:PGMap-1920217,pg,train,ok,-6.590615616477851,2.1968718721592895,2.6645352591003757e-15,1,1,,,,,False,True,False
pg:scenarionet_v1:PGMap-1920221,pg,train,ok,-1.9417647998219247,5.825294399465749,1.7763568394002505e-15,1,1,,,,,False,False,True
pg:scenarionet_v1:PGMap-1920224,pg,train,ok,-4.765871035052552,4.7658710350525215,5.329070518200751e-15,1,1,,,,,False,True,True
pg:scenarionet_v1:PGMap-1920225,pg,train,ok,-8.431462183023623,1.6862924366046923,1.021405182655144e-14,1,1,,,,,False,True,False
pg:scenarionet_v1:PGMap-1920231,pg,train,ok,-2.187506267612008,6.56251880283601,0.0,1,1,,,,,False,False,True
pg:scenarionet_v1:PGMap-1920233,pg,train,ok,-10.09606535521023,2.019213071042041,4.884981308350689e-15,1,1,,,,,False,True,False
pg:scenarionet_v1:PGMap-1920241,pg,train,ok,-1.8947598870563198,9.473799435281459,9.992007221626409e-15,1,1,,,,,False,False,True
pg:scenarionet_v1:PGMap-1920242,pg,train,ok,-2.1649145799323315,6.494743739796953,6.217248937900877e-15,1,1,,,,,False,False,True
pg:scenarionet_v1:PGMap-1920246,pg,train,ok,-4.851595209173272,4.851595209173334,1.0658141036401503e-14,1,1,,,,,False,True,True
pg:scenarionet_v1:PGMap-1920248,pg,train,ok,-4.513250144558988,1.5044167148529608,7.105427357601002e-15,1,1,,,,,False,True,False
pg:scenarionet_v1:PGMap-1920250,pg,test,ok,-2.1752626102463495,10.876313051231818,2.842170943040401e-14,1,1,,,,,False,False,True
pg:scenarionet_v1:PGMap-1920253,pg,test,ok,-9.3928730042538,1.87857460085076,5.129230373768223e-14,1,1,,,,,False,True,False
pg:scenarionet_v1:PGMap-1920255,pg,train,ok,-8.096848873681864,1.6193697747363833,8.881784197001252e-16,1,1,,,,,False,True,False
pg:scenarionet_v1:PGMap-1920264,pg,train,ok,-1.527126489092672,4.581379467277958,5.995204332975845e-15,1,1,,,,,False,False,True
pg:scenarionet_v1:PGMap-1920269,pg,train,ok,-9.343157126713638,1.8686314253427698,3.552713678800501e-15,1,1,,,,,False,True,False
pg:scenarionet_v1:PGMap-1920279,pg,train,ok,-6.300881471959446,2.1002938239864926,1.0658141036401503e-14,1,1,,,,,False,True,False
pg:scenarionet_v1:PGMap-1920283,pg,train,ok,-5.759078551417389,1.9196928504724724,0.0,1,1,,,,,False,True,False
pg:scenarionet_v1:PGMap-1920285,pg,train,ok,-5.435192277994815,1.8117307593316099,0.0,1,1,,,,,False,True,False
pg:scenarionet_v1:PGMap-1920298,pg,train,ok,-5.068321436985393,5.068321436985424,7.105427357601002e-15,1,1,,,,,False,True,True
pg:scenarionet_v1:PGMap-1920302,pg,train,ok,-4.744860114228132,1.5816200380760552,1.4210854715202004e-14,1,1,,,,,False,True,False
pg:scenarionet_v1:PGMap-1920306,pg,train,ok,-5.418836779790155,1.806278926596704,0.0,1,1,,,,,False,True,False
pg:scenarionet_v1:PGMap-1920309,pg,train,ok,-2.056496098125629,10.282480490628114,8.43769498715119e-15,1,1,,,,,False,False,True
pg:scenarionet_v1:PGMap-1920312,pg,train,ok,-6.522035522080316,2.1740118406934386,0.0,1,1,,,,,False,True,False
pg:scenarionet_v1:PGMap-1920314,pg,train,ok,-6.083907326595579,6.083907326595579,0.0,1,1,,,,,False,True,True
pg:scenarionet_v1:PGMap-1920315,pg,train,ok,-2.1020694453084445,10.510347226542251,0.0,1,1,,,,,False,False,True
pg:scenarionet_v1:PGMap-1920319,pg,train,ok,-1.6514568714950837,4.954370614485249,7.105427357601002e-15,1,1,,,,,False,False,True
pg:scenarionet_v1:PGMap-1920332,pg,train,ok,-6.38500317615439,6.3850031761543615,5.329070518200751e-15,1,1,,,,,False,True,True
pg:scenarionet_v1:PGMap-1920334,pg,train,ok,-1.7302727735849976,5.190818320755002,2.6645352591003757e-15,1,1,,,,,False,False,True
pg:scenarionet_v1:PGMap-1920344,pg,train,ok,-2.224518746933566,11.122593734667674,1.1102230246251565e-14,1,1,,,,,False,False,True
pg:scenarionet_v1:PGMap-1920346,pg,train,ok,-6.383247378751406,2.1277491262504498,0.0,1,1,,,,,False,True,False
pg:scenarionet_v1:PGMap-1920348,pg,train,ok,-2.032128752525182,6.096386257575517,0.0,1,1,,,,,False,False,True
pg:scenarionet_v1:PGMap-19920003,pg,train,ok,-3.5203632960480773,9.025366718366705,3.9968028886505635e-14,1,1,,,,,False,True,True
pg:scenarionet_v1:PGMap-19920026,pg,train,ok,-10.0359174349676,2.0123286955609467,2.042810365310288e-14,1,1,,,,,False,True,False
pg:scenarionet_v1:PGMap-19920041,pg,train,ok,-7.693155733399948,1.7195478090990401,4.440892098500626e-16,1,1,,,,,False,True,False
pg:scenarionet_v1:PGMap-19920050,pg,train,ok,-9.495102952977504,1.890797265671452,0.0,1,1,,,,,False,True,False
pg:scenarionet_v1:PGMap-19920052,pg,train,ok,-1.5121575933263487,8.094763885773848,1.7763568394002505e-14,1,1,,,,,False,False,True
pg:scenarionet_v1:PGMap-19920053,pg,train,ok,-4.558830526084978,1.5196101753616422,6.661338147750939e-15,1,1,,,,,False,True,False
pg:scenarionet_v1:PGMap-19920065,pg,train,ok,-10.348489201304162,23.41818704156499,0.0,2,2,0.4322793959352822,-19.576520606789387,-10.780768597239444,LANE_SURFACE_UNSTRUCTURE,False,True,True
pg:scenarionet_v1:PGMap-19920067,pg,train,ok,-6.15497496480417,4.06446070012433,1.7763568394002505e-15,3,2,0.02213289159405374,4.086593591718383,12.337029328908912,LANE_SURFACE_STREET,False,True,True
pg:scenarionet_v1:PGMap-19920075,pg,train,ok,-5.697399089313208,1.8991330297710638,8.881784197001252e-16,1,1,,,,,False,True,False
pg:scenarionet_v1:PGMap-19920079,pg,train,ok,-44.999999999999986,67.19746551705444,0.0,1,1,,,,,False,True,True
pg:scenarionet_v1:PGMap-19920080,pg,train,ok,-2.0786552681611243,2.0954979269758414,3.9968028886505635e-15,1,1,,,,,False,False,False
pg:scenarionet_v1:PGMap-19920081,pg,train,ok,-1.7597927532888724,8.79896376644451,3.352873534367973e-14,2,1,81.49009270439716,90.28905647084167,90.38515416723774,LANE_SURFACE_STREET,False,False,True
pg:scenarionet_v1:PGMap-19920092,pg,train,ok,-6.7201140533245365,3.5367411155391277,1.7763568394002505e-15,3,2,0.015180661670344264,3.551921777209472,13.860084123348699,LANE_SURFACE_STREET,False,True,True
pg:scenarionet_v1:PGMap-19920096,pg,train,ok,-1.6150290730199404,1.6150290730199985,1.5765166949677223e-14,1,1,,,,,False,False,False
pg:scenarionet_v1:PGMap-19920097,pg,train,ok,-2.105169870274966,4.287872358357343,1.687538997430238e-14,1,1,,,,,False,False,True
pg:scenarionet_v1:PGMap-19920137,pg,train,ok,-7.6069668767681,13.94769030460266,1.7763568394002505e-15,3,2,25.421629251575283,39.36931955617794,55.90587378737138,LANE_SURFACE_STREET,False,True,True
pg:scenarionet_v1:PGMap-19920166,pg,train,ok,-11.224269881571615,6.745563868549581,0.0,1,1,,,,,False,True,True
pg:scenarionet_v1:PGMap-19920173,pg,train,ok,-1.9274750300724812,9.663476137327136,4.884981308350689e-15,1,1,,,,,False,False,True
pg:scenarionet_v1:PGMap-19920176,pg,train,ok,-12.579165496572545,2.9262701972012755,1.7763568394002505e-15,1,1,,,,,False,True,True
pg:scenarionet_v1:PGMap-19920178,pg,test,ok,-1.7457679008789018,8.728839504394488,1.3100631690576847e-14,1,1,,,,,False,False,True
pg:scenarionet_v1:PGMap-19920209,pg,train,ok,-4.6295536525633825,24.0816646360997,3.197442310920451e-14,2,2,1.968894574059453,-14.086369101708911,-6.5984482266228355,LANE_SURFACE_UNSTRUCTURE,False,True,True
pg:scenarionet_v1:PGMap-19920212,pg,train,ok,-5.978555141716245,1.9928517139053703,1.1546319456101628e-14,1,1,,,,,False,True,False
pg:scenarionet_v1:PGMap-19920239,pg,test,ok,-5.266583231864876,1.7553773520312446,1.2656542480726785e-14,1,1,,,,,False,True,False
pg:scenarionet_v1:PGMap-19920251,pg,train,ok,-1.8040435614207606,13.881740272369518,5.329070518200751e-15,3,2,14.87918515087062,28.76092542324014,44.40768787329762,LANE_SURFACE_STREET,False,False,True
pg:scenarionet_v1:PGMap-19920265,pg,train,ok,-1.7858770558218247,25.78995132414755,1.4210854715202004e-14,1,1,,,,,False,False,True
pg:scenarionet_v1:PGMap-19920278,pg,train,ok,-6.648051488914263,2.2160171629714114,0.0,2,2,3.985766617195594,-15.134223705463327,-10.633818106109857,LANE_SURFACE_STREET,False,True,False
pg:scenarionet_v1:PGMap-19920315,pg,train,ok,-1.9158769944944964,1.9158769944944964,0.0,1,1,,,,,False,False,False
pg:scenarionet_v1:PGMap-19920316,pg,train,ok,-1.6881284907921459,8.440642453960615,7.549516567451064e-15,1,1,,,,,False,False,True
pg:scenarionet_v1:PGMap-19920317,pg,train,ok,-1.9722033597895128,5.916610079368538,4.884981308350689e-15,1,1,,,,,False,False,True
pg:scenarionet_v1:PGMap-19920321,pg,train,ok,-9.17258999308814,5.715453214637354,4.440892098500626e-15,2,2,0.013762091943190669,-15.143821838009316,-9.18635208503133,LANE_SURFACE_UNSTRUCTURE,False,True,True
pg:scenarionet_v1:PGMap-19920332,pg,test,ok,-8.301973860620294,5.983589771480354,0.0,3,3,0.02288756340480802,-15.434862162840375,-8.324861424025102,LANE_SURFACE_UNSTRUCTURE,False,True,True
pg:scenarionet_v1:PGMap-19920356,pg,train,ok,-2.0993510516940432,6.2980531550821155,0.0,1,1,,,,,False,False,True
pg:scenarionet_v1:PGMap-19920368,pg,train,ok,-11.079237045465732,2.2158474090931577,0.0,1,1,,,,,False,True,False
pg:scenarionet_v1:PGMap-19920377,pg,train,ok,-52.30939036549049,55.964085548235744,2.842170943040401e-14,1,1,,,,,False,True,True
pg:scenarionet_v1:PGMap-19920399,pg,train,ok,-5.422364309720479,25.459638159254652,0.0,2,2,3.8232362872415138,-15.621781261143212,-9.245600596961992,LANE_SURFACE_UNSTRUCTURE,False,True,True
pg:scenarionet_v1:PGMap-19920401,pg,train,ok,-1.7903665142939786,1.7903665142939795,8.881784197001252e-16,1,1,,,,,False,False,False
pg:scenarionet_v1:PGMap-19920426,pg,train,ok,-18.947134785213038,22.5995361183804,0.0,1,1,,,,,False,True,True
pg:scenarionet_v1:PGMap-19920440,pg,train,ok,-15.487034048440051,4.623818482256816,1.4210854715202004e-14,2,2,7.581913182519564,12.20573166477638,19.466350096869718,LANE_SURFACE_UNSTRUCTURE,False,True,True
pg:scenarionet_v1:PGMap-19920448,pg,train,ok,-1.813313101679442,5.439939305038321,1.532107773982716e-14,1,1,,,,,False,False,True
pg:scenarionet_v1:PGMap-19920449,pg,test,ok,-7.7500550684747935,1.5500110136949417,0.0,1,1,,,,,False,True,False
pg:scenarionet_v1:PGMap-19920454,pg,train,ok,-18.852498969068492,21.476853702887922,0.0,1,1,,,,,False,True,True
pg:scenarionet_v1:PGMap-19920495,pg,train,ok,-5.343078982424869,5.298967930867168,1.2434497875801753e-14,1,1,,,,,False,True,True
pg:scenarionet_v1:PGMap-19920506,pg,train,ok,-6.428054315148984,6.428054315148956,8.881784197001252e-16,1,1,,,,,False,True,True
pg:scenarionet_v1:PGMap-19920515,pg,train,ok,-5.497429068205661,11.017040772223737,8.881784197001252e-16,3,2,21.47276352391097,32.48980429613471,36.931619982305904,LANE_SURFACE_STREET,False,True,True
pg:scenarionet_v1:PGMap-19920542,pg,train,ok,-1.7480218031317776,1.7480218031317634,0.0,1,1,,,,,False,False,False
pg:scenarionet_v1:PGMap-19920553,pg,train,ok,-5.651541602976395,1.9142780355907856,2.4424906541753444e-15,2,1,1.8352380564804893,3.749516092071275,17.130657582900596,LANE_SURFACE_STREET,False,True,False
pg:scenarionet_v1:PGMap-19920561,pg,train,ok,-10.931380101686713,1.788148525479528,0.0,2,2,0.03891518434491559,-14.911691889652872,-10.970295286031629,LANE_SURFACE_UNSTRUCTURE,False,True,False
pg:scenarionet_v1:PGMap-19920563,pg,train,ok,-1.5410731030551252,11.923332655672752,8.881784197001252e-16,2,1,31.622495899171824,43.545828554844576,43.838586050695625,LANE_SURFACE_STREET,False,False,True
pg:scenarionet_v1:PGMap-19920568,pg,train,ok,-2.2168970653985856,11.115635279694905,8.881784197001252e-15,1,1,,,,,False,False,True
pg:scenarionet_v1:PGMap-19920570,pg,train,ok,-1.8961778585641114,2.6977488119536526,7.993605777301127e-15,1,1,,,,,False,False,True
pg:scenarionet_v1:PGMap-19920596,pg,train,ok,-2.123814982188179,6.371444946564523,0.0,1,1,,,,,False,False,True
pg:scenarionet_v1:PGMap-19920604,pg,train,ok,-4.945641636366503,4.945641636366504,8.881784197001252e-16,1,1,,,,,False,True,True
pg:scenarionet_v1:PGMap-19920612,pg,train,ok,-6.669096394086807,6.6690963940868215,0.0,2,2,1.2051939653591006,-15.790457520190586,-7.874290359445908,LANE_SURFACE_UNSTRUCTURE,False,True,True
pg:scenarionet_v1:PGMap-19920630,pg,train,ok,-10.67051996119666,2.1341039922393463,0.0,1,1,,,,,False,True,False
pg:scenarionet_v1:PGMap-19920641,pg,train,ok,-7.724059820812022,1.5448119641624356,7.993605777301127e-15,2,2,0.40217381459290724,-11.245228844109718,-8.12623363540493,LANE_SURFACE_STREET,False,True,False
pg:scenarionet_v1:PGMap-19920647,pg,train,ok,-7.759800656237928,1.5140356479131185,0.0,1,1,,,,,False,True,False
pg:scenarionet_v1:PGMap-19920648,pg,train,ok,-5.2408790494793465,1.7469596831597864,4.440892098500626e-16,2,2,4.6883433123619795,-13.423141728160886,-9.929222361841326,LANE_SURFACE_STREET,False,True,False
pg:scenarionet_v1:PGMap-19920667,pg,train,ok,-9.199978748390675,1.8399957496781154,8.659739592076221e-15,1,1,,,,,False,True,False
pg:scenarionet_v1:PGMap-19920689,pg,train,ok,-4.870135306000938,1.6239187629445724,5.395683899678261e-14,1,1,,,,,False,True,False
pg:scenarionet_v1:PGMap-19920694,pg,test,ok,-2.519735575659965,5.313967465780394,0.0,1,1,,,,,False,False,True
pg:scenarionet_v1:PGMap-19920703,pg,train,ok,-12.298286882265982,2.0019539100991643,1.2434497875801753e-14,1,1,,,,,False,True,False
pg:scenarionet_v1:PGMap-19920707,pg,train,ok,-5.027260210138934,8.378767016898209,0.0,1,1,,,,,False,True,True
pg:scenarionet_v1:PGMap-19920709,pg,train,ok,-2.206280082325594,11.031400411627935,7.105427357601002e-15,1,1,,,,,False,False,True
pg:scenarionet_v1:PGMap-19920712,pg,train,ok,-11.240575777247205,2.2481151554494536,3.197442310920451e-14,1,1,,,,,False,True,False
pg:scenarionet_v1:PGMap-19920729,pg,train,ok,-2.2023120761764665,2.202312076176514,2.6645352591003757e-15,1,1,,,,,False,False,False
pg:scenarionet_v1:PGMap-19920730,pg,train,ok,-10.161240313812073,2.0322480627624344,0.0,2,2,3.003898259944819,-17.292336103521293,-13.165138573756892,LANE_SURFACE_STREET,False,True,False
pg:scenarionet_v1:PGMap-19920739,pg,train,ok,-2.0657326443495054,26.489711936968522,3.9968028886505635e-15,2,1,48.831904382386654,75.32161631935517,91.3300997475464,LANE_SURFACE_STREET,False,False,True
pg:scenarionet_v1:PGMap-19920743,pg,train,ok,-1.5564806248541991,7.782403124271086,5.861977570020827e-14,1,1,,,,,False,False,True
pg:scenarionet_v1:PGMap-19920747,pg,test,ok,-4.757898549977181,1.5859661833257537,3.552713678800501e-15,1,1,,,,,False,True,False
pg:scenarionet_v1:PGMap-19920754,pg,train,ok,-1.922892963262484,1.9228929632624414,0.0,1,1,,,,,False,False,False
pg:scenarionet_v1:PGMap-19920763,pg,train,ok,-6.3397741915912595,4.093618040091145,8.881784197001252e-16,4,3,0.016912888264385195,4.11053092835553,12.599481186445573,LANE_SURFACE_STREET,False,True,True
pg:scenarionet_v1:PGMap-19920766,pg,train,ok,-1.5384451213110715,11.239502698731883,6.661338147750939e-16,4,2,0.01715201781831799,-4.669264633175715,-1.5555971391293895,LANE_SURFACE_STREET,False,False,True
pg:scenarionet_v1:PGMap-19920781,pg,test,ok,-5.92146991011289,5.92146991011289,0.0,1,1,,,,,False,True,True
pg:scenarionet_v1:PGMap-19920783,pg,train,ok,-11.305162562976463,5.539150189488268,0.0,1,1,,,,,False,True,True
pg:scenarionet_v1:PGMap-19920806,pg,train,ok,-3.1891729539865565,8.993002316631433,0.0,1,1,,,,,False,True,True
pg:scenarionet_v1:PGMap-19920810,pg,train,ok,-11.0,8.940650275299916,0.0,2,2,5.1313467337617595,14.071997009061675,23.559408233652988,LANE_SURFACE_UNSTRUCTURE,False,True,True
pg:scenarionet_v1:PGMap-19920817,pg,test,ok,-9.65655646203535,7.328162906533742,7.993605777301127e-15,2,1,28.577671195440708,35.90583410197445,37.84526167995969,LANE_SURFACE_STREET,False,True,True
pg:scenarionet_v1:PGMap-19920827,pg,train,ok,-6.044253304455765,2.0147511014852597,0.0,1,1,,,,,False,True,False
pg:scenarionet_v1:PGMap-19920834,pg,train,ok,-1.813725282832479,9.068626414162424,0.0,1,1,,,,,False,False,True
pg:scenarionet_v1:PGMap-19920840,pg,train,ok,-7.545233582435685,1.5995981208576358,4.440892098500626e-16,1,1,,,,,False,True,False
pg:scenarionet_v1:PGMap-19920847,pg,train,ok,-13.35323494702915,4.941174270027656,2.6645352591003757e-15,2,1,9.628311208927926,-42.20928812681932,-22.981546155957076,LANE_SURFACE_STREET,False,True,True
pg:scenarionet_v1:PGMap-19920854,pg,train,ok,-1.6268426760769188,4.880528028230756,0.0,1,1,,,,,False,False,True
pg:scenarionet_v1:PGMap-19920862,pg,train,ok,-4.5325504807135,2.345562478266758,3.552713678800501e-15,1,1,,,,,False,True,False
pg:scenarionet_v1:PGMap-19920878,pg,train,ok,-7.676281209349895,1.5352562418699591,0.0,1,1,,,,,False,True,False
pg:scenarionet_v1:PGMap-19920881,pg,train,ok,-9.638191580116144,1.9276383160231645,1.2878587085651816e-14,1,1,,,,,False,True,False
pg:scenarionet_v1:PGMap-19920906,pg,test,ok,-6.463398771603877,2.1544662572013067,0.0,2,2,1.248932032075217,-15.860729712329984,-7.7123308036790945,LANE_SURFACE_UNSTRUCTURE,False,True,False
pg:scenarionet_v1:PGMap-19920918,pg,train,ok,-1.5280281289355315,7.640140644677658,0.0,1,1,,,,,False,False,True
pg:scenarionet_v1:PGMap-19920938,pg,train,ok,-2.1401018399952307,10.700509199976155,5.773159728050814e-15,1,1,,,,,False,False,True
pg:scenarionet_v1:PGMap-19920963,pg,train,ok,-5.507139514675689,1.8357131715585628,1.0658141036401503e-14,2,2,94.4695754764804,-100.0,-99.97671499115609,LANE_SURFACE_STREET,False,True,False
pg:scenarionet_v1:PGMap-19920968,pg,train,ok,-5.92104286248653,18.453662061279857,0.0,2,1,25.385557089595892,43.83921915087575,57.11817248963138,LANE_SURFACE_STREET,False,True,True
pg:scenarionet_v1:PGMap-19920971,pg,train,ok,-4.862330392212969,9.2067010985607,8.881784197001252e-16,3,2,15.770888186303893,24.977589284864592,28.40751168419473,LANE_SURFACE_STREET,False,True,True
pg:scenarionet_v1:PGMap-19920996,pg,train,ok,-6.411929191947836,24.671995226474763,1.7763568394002505e-15,1,1,,,,,False,True,True
pg:scenarionet_v1:PGMap-19920998,pg,train,ok,-6.098289868691099,6.089985781657518,1.7763568394002505e-15,1,1,,,,,False,True,True
pg:scenarionet_v1:PGMap-19921005,pg,train,ok,-1.9078615672745376,9.53930783637266,3.552713678800501e-15,1,1,,,,,False,False,True
pg:scenarionet_v1:PGMap-19921012,pg,train,ok,-5.786017921340715,1.9286726404469192,0.0,1,1,,,,,False,True,False
pg:scenarionet_v1:PGMap-19921016,pg,test,ok,-1.9218555375153332,9.609277687576608,8.215650382226158e-15,1,1,,,,,False,False,True
pg:scenarionet_v1:PGMap-19921021,pg,train,ok,-1.6503654394647007,8.251827197323491,1.2434497875801753e-14,1,1,,,,,False,False,True
pg:scenarionet_v1:PGMap-19921028,pg,train,ok,-5.24910847394298,3.9733494038280273,3.1086244689504383e-15,1,1,,,,,False,True,True
pg:scenarionet_v1:PGMap-19921032,pg,train,ok,-4.930473517481727,1.6434911724939074,2.6645352591003757e-15,1,1,,,,,False,True,False
pg:scenarionet_v1:PGMap-19921038,pg,train,ok,-6.3275614591204175,6.327561459120432,0.0,1,1,,,,,False,True,True
pg:scenarionet_v1:PGMap-19921044,pg,train,ok,-10.459870639482851,19.319506600594778,7.105427357601002e-15,2,1,54.32308022673418,73.64258682732896,100.0,LANE_SURFACE_STREET,False,True,True
pg:scenarionet_v1:PGMap-19921058,pg,train,ok,-6.021537274528651,27.057432732076283,2.4868995751603507e-14,1,1,,,,,False,True,True
pg:scenarionet_v1:PGMap-19921080,pg,train,ok,-8.487604511236597,2.1383190040081814,0.0,1,1,,,,,False,True,False
pg:scenarionet_v1:PGMap-19921117,pg,train,ok,-10.229248277363112,2.0422802680018184,4.440892098500626e-16,1,1,,,,,False,True,False
pg:scenarionet_v1:PGMap-19921121,pg,train,ok,-4.759502923408306,1.5865009744694443,4.440892098500626e-16,1,1,,,,,False,True,False
pg:scenarionet_v1:PGMap-19921127,pg,train,ok,-12.135125286838985,2.0186950224607756,0.0,1,1,,,,,False,True,False
pg:scenarionet_v1:PGMap-19921136,pg,train,ok,-18.20684591000135,22.135323408579893,0.0,1,1,,,,,False,True,True
pg:scenarionet_v1:PGMap-19921150,pg,train,ok,-1.8580011892240553,12.959673352747158,1.7763568394002505e-15,3,2,0.0178783255717736,12.977551678318932,22.915549565797775,LANE_SURFACE_STREET,False,False,True
pg:scenarionet_v1:PGMap-19921152,pg,train,ok,-15.033344459108747,16.733788943109303,0.0,2,2,0.0113849721657715,16.745173915275075,26.809418260888165,LANE_SURFACE_UNSTRUCTURE,False,True,True
pg:scenarionet_v1:PGMap-19921160,pg,train,ok,-9.140549689639627,1.828109937927905,4.440892098500626e-16,1,1,,,,,False,True,False
pg:scenarionet_v1:PGMap-19921174,pg,train,ok,-2.1102889405191405,2.1102889405191405,0.0,1,1,,,,,False,False,False
pg:scenarionet_v1:PGMap-19921175,pg,train,ok,-6.098061816477625,10.163436360796041,0.0,1,1,,,,,False,True,True
pg:scenarionet_v1:PGMap-19921187,pg,train,ok,-4.503828563920649,17.71813226738537,0.0,2,1,58.425558993570846,76.14369126095622,100.0,LANE_SURFACE_STREET,False,True,True
pg:scenarionet_v1:PGMap-19921194,pg,train,ok,-1.9926033768072955,5.977810130421872,0.0,1,1,,,,,False,False,True
pg:scenarionet_v1:PGMap-19921195,pg,test,ok,-5.414214337957048,6.152104476843628,4.440892098500626e-15,1,1,,,,,False,True,True
pg:scenarionet_v1:PGMap-19921202,pg,train,ok,-1.503784665527562,14.377352538778611,1.7763568394002505e-15,3,3,0.056039258887279786,14.433391797665891,19.384174378826174,LANE_SURFACE_STREET,False,False,True
pg:scenarionet_v1:PGMap-19921203,pg,train,ok,-52.62230911208895,22.775524645015615,7.105427357601002e-15,1,3,,,,,False,True,True
pg:scenarionet_v1:PGMap-19921209,pg,test,ok,-1.823163715544929,9.115818577724882,1.2434497875801753e-14,1,1,,,,,False,False,True
pg:scenarionet_v1:PGMap-19921219,pg,train,ok,-1.6278933412350884,23.324827266632916,7.105427357601002e-15,2,1,37.59658319271808,60.921410459350994,83.09451624987352,LANE_SURFACE_STREET,False,False,True
pg:scenarionet_v1:PGMap-19921245,pg,train,ok,-7.6610035860042744,1.5322007172008667,4.440892098500626e-15,2,2,2.128040976415643,-12.900719328412265,-9.789044562419917,LANE_SURFACE_STREET,False,True,False
pg:scenarionet_v1:PGMap-19921262,pg,test,ok,-9.774247567827674,2.2063377429730773,1.7763568394002505e-15,1,1,,,,,False,True,False
pg:scenarionet_v1:PGMap-19921271,pg,train,ok,-14.925582046132433,5.8883730691986775,8.881784197001252e-16,1,1,,,,,False,True,True
pg:scenarionet_v1:PGMap-19921273,pg,train,ok,-1.8486319547032224,5.545895864109653,0.0,1,1,,,,,False,False,True
pg:scenarionet_v1:PGMap-19921276,pg,train,ok,-4.968572471885922,2.1373999271464545,2.1760371282653068e-14,1,1,,,,,False,True,False
pg:scenarionet_v1:PGMap-19921277,pg,train,ok,-5.391583480030022,5.391583480030023,8.881784197001252e-16,2,2,0.295675356271488,-15.599171109503956,-5.68725883630151,LANE_SURFACE_UNSTRUCTURE,False,True,True
pg:scenarionet_v1:PGMap-19921286,pg,train,ok,-6.469459829437355,2.1380747992341753,0.0,1,1,,,,,False,True,False
pg:scenarionet_v1:PGMap-19921289,pg,train,ok,-2.071556981916942,6.214670945750832,7.105427357601002e-15,1,1,,,,,False,False,True
pg:scenarionet_v1:PGMap-19921296,pg,train,ok,-5.370388114247575,1.7901293714158446,4.440892098500626e-16,1,1,,,,,False,True,False
pg:scenarionet_v1:PGMap-19921300,pg,train,ok,-10.827666435629254,2.1655332871258537,0.0,2,2,2.402056055504289,-19.6621331485034,-13.229722491133543,LANE_SURFACE_UNSTRUCTURE,False,True,False
pg:scenarionet_v1:PGMap-19921312,pg,test,ok,-10.153544095530453,2.0307088191061458,7.549516567451064e-15,1,1,,,,,False,True,False
pg:scenarionet_v1:PGMap-19921328,pg,train,ok,-6.063319360037113,2.021106453345695,0.0,1,1,,,,,False,True,False
pg:scenarionet_v1:PGMap-19921339,pg,train,ok,-1.6105385231929417,8.052692615964919,3.552713678800501e-15,1,1,,,,,False,False,True
pg:scenarionet_v1:PGMap-19921343,pg,train,ok,-7.775728793314017,1.5594151861627963,1.3322676295501878e-15,1,1,,,,,False,True,False
pg:scenarionet_v1:PGMap-19921384,pg,train,ok,-8.774826750090021,1.7549653500180051,7.105427357601002e-15,1,1,,,,,False,True,False
pg:scenarionet_v1:PGMap-19921399,pg,test,ok,-11.0,31.427660389738776,0.0,1,1,,,,,False,True,True
pg:scenarionet_v1:PGMap-19921410,pg,train,ok,-49.38400020402325,6.576000306034865,7.105427357601002e-15,1,1,,,,,False,True,True
pg:scenarionet_v1:PGMap-19921412,pg,train,ok,-1.7758090188102849,11.17052731354005,2.19824158875781e-14,1,1,,,,,False,False,True
pg:scenarionet_v1:PGMap-19921414,pg,train,ok,-9.202738015189071,14.45488334506199,3.552713678800501e-15,2,2,46.46184296008643,60.916726305148416,100.00000000000003,LANE_SURFACE_STREET,False,True,True
pg:scenarionet_v1:PGMap-19921415,pg,train,ok,-1.7273258770434852,17.542174110799078,3.552713678800501e-15,2,1,55.841073048332206,73.38324715913129,96.06261063818977,LANE_SURFACE_STREET,False,False,True
pg:scenarionet_v1:PGMap-19921432,pg,train,ok,-7.54010735573091,1.5080214711461934,0.0,1,1,,,,,False,True,False
pg:scenarionet_v1:PGMap-19921438,pg,train,ok,-1.5004948444485677,1.5004948444485677,0.0,1,1,,,,,False,False,False
pg:scenarionet_v1:PGMap-19921469,pg,train,ok,-4.6635915533808845,4.66359155338093,1.2434497875801753e-14,1,1,,,,,False,True,True
pg:scenarionet_v1:PGMap-19921512,pg,train,ok,-1.7115148438759742,5.162441328394335,1.7763568394002505e-15,3,2,0.016409182633779995,-5.16668252116483,-1.7279240265097542,LANE_SURFACE_STREET,False,False,True
pg:scenarionet_v1:PGMap-19921515,pg,test,ok,-5.8361443157416915,1.9453814385805686,0.0,1,1,,,,,False,True,False
pg:scenarionet_v1:PGMap-19921517,pg,train,ok,-1.579448564975337,3.2587668151541305,1.7763568394002505e-15,1,1,,,,,False,False,True
pg:scenarionet_v1:PGMap-19921529,pg,train,ok,-5.015559277510946,1.6728116610022563,8.881784197001252e-16,3,1,3.263136235822103,4.935947896824359,15.627024296634985,LANE_SURFACE_STREET,False,True,False
pg:scenarionet_v1:PGMap-19921530,pg,train,ok,-11.327199473838064,23.197063719547415,0.0,1,1,,,,,False,True,True
pg:scenarionet_v1:PGMap-19921546,pg,test,ok,-6.466059755089191,28.24282601357112,0.0,2,2,1.2901076568067253,-16.104487186448367,-7.756167411895916,LANE_SURFACE_UNSTRUCTURE,False,True,True
pg:scenarionet_v1:PGMap-19921567,pg,train,ok,-7.694646393960541,1.5389292787921387,1.7763568394002505e-15,2,2,2.8866622928610735,-13.70664817381288,-10.581308686821615,LANE_SURFACE_STREET,False,True,False
pg:scenarionet_v1:PGMap-19921572,pg,train,ok,-11.0,29.666916967787415,0.0,1,1,,,,,False,True,True
pg:scenarionet_v1:PGMap-19921582,pg,train,ok,-5.431669744392685,1.5252025186105915,6.661338147750939e-15,1,1,,,,,False,True,False
pg:scenarionet_v1:PGMap-19921608,pg,test,ok,-14.754348739974091,25.045145384381897,0.0,1,1,,,,,False,True,True
pg:scenarionet_v1:PGMap-19921615,pg,train,ok,-4.657467853306314,4.715746364903268,8.881784197001252e-16,1,1,,,,,False,True,True
pg:scenarionet_v1:PGMap-19921620,pg,train,ok,-11.087335474655598,2.2258148042216765,8.881784197001252e-15,1,1,,,,,False,True,False
pg:scenarionet_v1:PGMap-19921631,pg,train,ok,-12.549162098236408,1.7755688582516522,6.661338147750939e-15,1,1,,,,,False,True,False
pg:scenarionet_v1:PGMap-19921635,pg,train,ok,-1.850563998885363,5.551691996656132,0.0,1,1,,,,,False,False,True
pg:scenarionet_v1:PGMap-19921647,pg,train,ok,-2.094078300607376,11.475596608424734,3.552713678800501e-15,3,2,0.01005792208390588,11.48565453050864,29.611135778981122,LANE_SURFACE_STREET,False,False,True
pg:scenarionet_v1:PGMap-19921667,pg,train,ok,-1.9672465522574898,5.664589445554257,2.6645352591003757e-15,1,1,,,,,False,False,True
pg:scenarionet_v1:PGMap-19921673,pg,train,ok,-1.8623205604108317,9.311602802054257,4.6629367034256575e-15,1,1,,,,,False,False,True
pg:scenarionet_v1:PGMap-19921677,pg,test,ok,-6.728476528571747,2.2428255095239247,1.4654943925052066e-14,2,2,4.688343312362008,-15.902470859981591,-11.416819840933755,LANE_SURFACE_STREET,False,True,False
pg:scenarionet_v1:PGMap-19921690,pg,train,ok,-2.016118057272791,10.536987956270679,4.440892098500626e-16,1,1,,,,,False,False,True
pg:scenarionet_v1:PGMap-19921696,pg,train,ok,-8.590230412241763,1.7180460824483121,3.552713678800501e-15,1,1,,,,,False,True,False
pg:scenarionet_v1:PGMap-19921708,pg,train,ok,-8.177037186490436,1.621794085747454,1.7763568394002505e-15,1,1,,,,,False,True,False
pg:scenarionet_v1:PGMap-19921709,pg,test,ok,-1.72019807711969,5.160594231359056,0.0,1,1,,,,,False,False,True
pg:scenarionet_v1:PGMap-19921715,pg,train,ok,-16.244800721987172,1.8158424547858096,3.552713678800501e-15,2,1,22.204625751089846,-51.429827327176724,-38.44942647307702,LANE_SURFACE_STREET,False,True,False
pg:scenarionet_v1:PGMap-19921722,pg,train,ok,-1.8296516175655597,9.14825808782777,0.0,1,1,,,,,False,False,True
pg:scenarionet_v1:PGMap-19921745,pg,train,ok,-2.0894538515530976,8.804897592822583,4.884981308350689e-15,1,1,,,,,False,False,True
pg:scenarionet_v1:PGMap-2000001,pg,test,ok,-5.843195513610356,1.947731837870123,1.7763568394002505e-15,1,1,,,,,False,True,False
pg:scenarionet_v1:PGMap-2000002,pg,test,ok,-5.429020909530109,1.8096736365100408,4.440892098500626e-16,1,1,,,,,False,True,False
pg:scenarionet_v1:PGMap-2000003,pg,test,ok,-2.0355738089939166,10.177869044969597,0.0,1,1,,,,,False,False,True
pg:scenarionet_v1:PGMap-2000005,pg,test,ok,-4.731384925264109,1.5771283084213228,4.440892098500626e-16,1,1,,,,,False,True,False
pg:scenarionet_v1:PGMap-2000006,pg,validation,ok,-4.580609053351836,1.5268696844506167,0.0,1,1,,,,,False,True,False
pg:scenarionet_v1:PGMap-2000010,pg,train,ok,-11.120972477511655,2.22419449550236,1.4210854715202004e-14,1,1,,,,,False,True,False
pg:scenarionet_v1:PGMap-2000012,pg,validation,ok,-5.117719352272209,5.117719352272179,1.0658141036401503e-14,1,1,,,,,False,True,True
pg:scenarionet_v1:PGMap-2000013,pg,test,ok,-5.697461989306455,1.8991539964354853,7.993605777301127e-15,1,1,,,,,False,True,False
pg:scenarionet_v1:PGMap-2000014,pg,test,ok,-8.965396459848392,1.7930792919696765,8.881784197001252e-16,1,1,,,,,False,True,False
pg:scenarionet_v1:PGMap-2000016,pg,train,ok,-2.122628209369948,6.3678846281098265,6.217248937900877e-15,1,1,,,,,False,False,True
pg:scenarionet_v1:PGMap-2000020,pg,test,ok,-10.83893461932134,2.1677869238642944,3.9968028886505635e-15,1,1,,,,,False,True,False
pg:scenarionet_v1:PGMap-2000021,pg,train,ok,-4.571098690745962,1.523699563582027,7.993605777301127e-15,1,1,,,,,False,True,False
pg:scenarionet_v1:PGMap-2000022,pg,train,ok,-6.492132836904082,2.1640442789680123,8.881784197001252e-15,1,1,,,,,False,True,False
pg:scenarionet_v1:PGMap-2000023,pg,train,ok,-6.213449444011729,6.213449444011716,8.881784197001252e-16,1,1,,,,,False,True,True
pg:scenarionet_v1:PGMap-2000026,pg,train,ok,-7.712011857081578,1.5424023714163155,0.0,1,1,,,,,False,True,False
pg:scenarionet_v1:PGMap-2000027,pg,train,ok,-10.495430597397657,2.0990861194795514,0.0,1,1,,,,,False,True,False
pg:scenarionet_v1:PGMap-2000028,pg,test,ok,-1.5790098805514106,7.895049402756982,0.0,1,1,,,,,False,False,True
pg:scenarionet_v1:PGMap-2000030,pg,train,ok,-9.040318912049969,1.8080637824100232,7.549516567451064e-15,1,1,,,,,False,True,False
pg:scenarionet_v1:PGMap-2000033,pg,test,ok,-4.983639964137325,1.661213321379123,4.440892098500626e-16,1,1,,,,,False,True,False
pg:scenarionet_v1:PGMap-2000036,pg,train,ok,-5.688857285005582,1.8962857616685487,2.4424906541753444e-15,1,1,,,,,False,True,False
pg:scenarionet_v1:PGMap-2000037,pg,test,ok,-6.388729845006324,2.129576615002108,0.0,1,1,,,,,False,True,False
pg:scenarionet_v1:PGMap-2000038,pg,train,ok,-6.176082214895164,2.0586940716317597,2.4868995751603507e-14,1,1,,,,,False,True,False
pg:scenarionet_v1:PGMap-2000039,pg,train,ok,-6.1318295814166905,6.131829581416662,8.881784197001252e-15,1,1,,,,,False,True,True
pg:scenarionet_v1:PGMap-2000040,pg,test,ok,-8.961827136106615,1.7923654272212861,5.329070518200751e-15,1,1,,,,,False,True,False
pg:scenarionet_v1:PGMap-2000042,pg,train,ok,-5.37452547322067,1.791508491073567,4.440892098500626e-15,1,1,,,,,False,True,False
pg:scenarionet_v1:PGMap-2000045,pg,validation,ok,-1.7127135144092023,5.138140543227607,0.0,1,1,,,,,False,False,True
pg:scenarionet_v1:PGMap-2000046,pg,validation,ok,-4.52537113467135,4.52537113467135,9.769962616701378e-15,1,1,,,,,False,True,True
pg:scenarionet_v1:PGMap-2000047,pg,train,ok,-6.37041328159583,2.1234710938652768,0.0,1,1,,,,,False,True,False
pg:scenarionet_v1:PGMap-2000048,pg,test,ok,-2.057248294354657,10.286241471773373,7.105427357601002e-15,1,1,,,,,False,False,True
pg:scenarionet_v1:PGMap-2000049,pg,validation,ok,-5.618565393000748,5.618565393000762,2.6645352591003757e-15,1,1,,,,,False,True,True
pg:scenarionet_v1:PGMap-2000050,pg,test,ok,-5.282317758248255,5.282317758248255,1.3322676295501878e-14,1,1,,,,,False,True,True
pg:scenarionet_v1:PGMap-2000052,pg,train,ok,-2.184957248878888,10.924786244394411,0.0,1,1,,,,,False,False,True
pg:scenarionet_v1:PGMap-2000053,pg,test,ok,-6.5039312655819685,6.503931265581954,0.0,1,1,,,,,False,True,True
pg:scenarionet_v1:PGMap-2000054,pg,train,ok,-1.7639207702289004,8.819603851144501,6.661338147750939e-15,1,1,,,,,False,False,True
pg:scenarionet_v1:PGMap-2000056,pg,test,ok,-6.737302964617208,6.737302964617208,6.217248937900877e-15,1,1,,,,,False,True,True
pg:scenarionet_v1:PGMap-2000057,pg,train,ok,-5.078977967276189,5.078977967276157,2.6645352591003757e-15,1,1,,,,,False,True,True
pg:scenarionet_v1:PGMap-2000058,pg,test,ok,-5.574050919257104,5.57405091925709,0.0,1,1,,,,,False,True,True
pg:scenarionet_v1:PGMap-2000059,pg,validation,ok,-1.8295173059965235,5.488551917989494,5.551115123125783e-15,1,1,,,,,False,False,True
pg:scenarionet_v1:PGMap-2000060,pg,test,ok,-9.46424302062276,1.8928486041245804,0.0,1,1,,,,,False,True,False
pg:scenarionet_v1:PGMap-2000061,pg,validation,ok,-6.4051200342465195,6.405120034246508,1.687538997430238e-14,1,1,,,,,False,True,True
pg:scenarionet_v1:PGMap-2000065,pg,test,ok,-6.4390639890432055,2.14635466301444,4.884981308350689e-15,1,1,,,,,False,True,False
pg:scenarionet_v1:PGMap-2000070,pg,train,ok,-2.0022940773962006,6.0068822321885875,0.0,1,1,,,,,False,False,True
pg:scenarionet_v1:PGMap-2000071,pg,train,ok,-5.323792394919055,5.323792394919066,1.7763568394002505e-15,1,1,,,,,False,True,True
pg:scenarionet_v1:PGMap-2000078,pg,train,ok,-1.9728366337666856,5.918509901300162,9.992007221626409e-15,1,1,,,,,False,False,True
pg:scenarionet_v1:PGMap-2000079,pg,test,ok,-6.64407215272054,2.214690717573516,1.4210854715202004e-14,1,1,,,,,False,True,False
pg:scenarionet_v1:PGMap-2000080,pg,test,ok,-10.399628042391374,2.0799256084782822,5.329070518200751e-15,1,1,,,,,False,True,False
pg:scenarionet_v1:PGMap-2000081,pg,test,ok,-2.0682489905406385,6.204746971621876,3.552713678800501e-15,1,1,,,,,False,False,True
pg:scenarionet_v1:PGMap-2000082,pg,train,ok,-6.033812980128388,6.033812980128374,0.0,1,1,,,,,False,True,True
pg:scenarionet_v1:PGMap-2000083,pg,train,ok,-6.647876241105308,6.647876241105294,0.0,1,1,,,,,False,True,True
pg:scenarionet_v1:PGMap-2000085,pg,validation,ok,-6.606241566249067,6.606241566249038,1.7763568394002505e-15,1,1,,,,,False,True,True
pg:scenarionet_v1:PGMap-2000086,pg,train,ok,-1.874585807305154,9.372929036525882,7.105427357601002e-15,1,1,,,,,False,False,True
pg:scenarionet_v1:PGMap-2000088,pg,test,ok,-6.142259168495564,6.142259168495549,2.1316282072803006e-14,1,1,,,,,False,True,True
pg:scenarionet_v1:PGMap-2000089,pg,validation,ok,-7.583589561927354,1.5167179123854595,0.0,1,1,,,,,False,True,False
pg:scenarionet_v1:PGMap-2000092,pg,train,ok,-10.648124677805853,2.129624935561168,0.0,1,1,,,,,False,True,False
pg:scenarionet_v1:PGMap-2000094,pg,validation,ok,-9.183003420866982,1.8366006841733906,0.0,1,1,,,,,False,True,False
pg:scenarionet_v1:PGMap-2000095,pg,train,ok,-4.542613836765909,1.5142046122553126,0.0,1,1,,,,,False,True,False
pg:scenarionet_v1:PGMap-2000099,pg,train,ok,-2.1385238906218316,6.415571671865464,8.881784197001252e-15,1,1,,,,,False,False,True
pg:scenarionet_v1:PGMap-2000104,pg,validation,ok,-1.6960660072807172,8.480330036403672,2.886579864025407e-15,1,1,,,,,False,False,True
pg:scenarionet_v1:PGMap-2000105,pg,train,ok,-6.14507657182152,2.0483588572738376,2.220446049250313e-15,1,1,,,,,False,True,False
pg:scenarionet_v1:PGMap-2000106,pg,train,ok,-1.51068855856433,7.5534427928216985,4.440892098500626e-15,1,1,,,,,False,False,True
pg:scenarionet_v1:PGMap-2000107,pg,validation,ok,-2.151775610121902,10.758878050609468,0.0,1,1,,,,,False,False,True
pg:scenarionet_v1:PGMap-2000108,pg,test,ok,-10.859097053273754,2.171819410654737,3.552713678800501e-15,1,1,,,,,False,True,False
pg:scenarionet_v1:PGMap-2000111,pg,validation,ok,-1.6276494600348883,8.138247300174413,0.0,1,1,,,,,False,False,True
pg:scenarionet_v1:PGMap-2000112,pg,train,ok,-4.960988417104094,1.653662805701348,2.4868995751603507e-14,1,1,,,,,False,True,False
pg:scenarionet_v1:PGMap-2000113,pg,validation,ok,-5.212050152928811,1.7373500509762607,0.0,1,1,,,,,False,True,False
pg:scenarionet_v1:PGMap-2000114,pg,test,ok,-4.845395772871967,1.6151319242906652,0.0,1,1,,,,,False,True,False
pg:scenarionet_v1:PGMap-2000115,pg,test,ok,-7.701728691503973,1.5403457383008003,0.0,1,1,,,,,False,True,False
pg:scenarionet_v1:PGMap-2000116,pg,train,ok,-1.6183640949757603,8.091820474878887,0.0,1,1,,,,,False,False,True
pg:scenarionet_v1:PGMap-2000118,pg,test,ok,-1.9431994549180605,5.829598364754212,7.105427357601002e-15,1,1,,,,,False,False,True
pg:scenarionet_v1:PGMap-2000121,pg,train,ok,-5.213291517240829,5.21329151724078,1.0658141036401503e-14,1,1,,,,,False,True,True
pg:scenarionet_v1:PGMap-2000122,pg,validation,ok,-8.937860621069019,1.7875721242138132,3.3306690738754696e-15,1,1,,,,,False,True,False
pg:scenarionet_v1:PGMap-2000124,pg,train,ok,-1.900847232623093,9.504236163115465,0.0,1,1,,,,,False,False,True
pg:scenarionet_v1:PGMap-2000125,pg,test,ok,-7.958947447217332,1.591789489443467,5.329070518200751e-15,1,1,,,,,False,True,False
pg:scenarionet_v1:PGMap-2000126,pg,test,ok,-10.569020172723812,2.113804034544741,1.7763568394002505e-15,1,1,,,,,False,True,False
pg:scenarionet_v1:PGMap-2000129,pg,validation,ok,-9.040393773098927,1.8080787546197854,0.0,1,1,,,,,False,True,False
pg:scenarionet_v1:PGMap-2000130,pg,train,ok,-1.5703140523469226,4.71094215704074,7.993605777301127e-15,1,1,,,,,False,False,True
pg:scenarionet_v1:PGMap-2000131,pg,test,ok,-6.452591653832733,6.452591653832733,7.993605777301127e-15,1,1,,,,,False,True,True
pg:scenarionet_v1:PGMap-2000132,pg,test,ok,-4.511493769277086,1.5038312564257055,8.881784197001252e-15,1,1,,,,,False,True,False
pg:scenarionet_v1:PGMap-2000134,pg,test,ok,-1.733600916048701,5.200802748146117,0.0,1,1,,,,,False,False,True
pg:scenarionet_v1:PGMap-2000135,pg,train,ok,-1.9483713017439244,5.8451139052318295,5.773159728050814e-15,1,1,,,,,False,False,True
pg:scenarionet_v1:PGMap-2000136,pg,test,ok,-8.642844656877287,1.7285689313754764,8.881784197001252e-16,1,1,,,,,False,True,False
pg:scenarionet_v1:PGMap-2000137,pg,train,ok,-6.5039571016481545,2.167985700549366,0.0,1,1,,,,,False,True,False
pg:scenarionet_v1:PGMap-2000139,pg,train,ok,-2.107016006162783,6.321048018488405,7.105427357601002e-15,1,1,,,,,False,False,True
pg:scenarionet_v1:PGMap-2000142,pg,test,ok,-6.178099426478084,2.059366475492695,0.0,1,1,,,,,False,True,False
pg:scenarionet_v1:PGMap-2000143,pg,train,ok,-1.8652568741671303,9.326284370835682,1.7763568394002505e-15,1,1,,,,,False,False,True
pg:scenarionet_v1:PGMap-2000144,pg,validation,ok,-1.6304135446103487,4.891240633831046,0.0,1,1,,,,,False,False,True
pg:scenarionet_v1:PGMap-2000145,pg,test,ok,-6.0527420078471295,2.017580669282367,0.0,1,1,,,,,False,True,False
pg:scenarionet_v1:PGMap-2000146,pg,validation,ok,-2.185436024927,6.5563080747810005,0.0,1,1,,,,,False,False,True
pg:scenarionet_v1:PGMap-2000147,pg,test,ok,-10.801454824154774,2.160290964830908,1.3322676295501878e-15,1,1,,,,,False,True,False
pg:scenarionet_v1:PGMap-2000148,pg,train,ok,-5.49579664464438,1.8319322148814554,6.661338147750939e-15,1,1,,,,,False,True,False
pg:scenarionet_v1:PGMap-2000149,pg,test,ok,-5.910766600917967,1.9702555336393175,0.0,1,1,,,,,False,True,False
pg:scenarionet_v1:PGMap-2000153,pg,test,ok,-2.0851050508680684,6.255315152604256,1.1546319456101628e-14,1,1,,,,,False,False,True
pg:scenarionet_v1:PGMap-2000154,pg,test,ok,-1.5643124173202556,4.692937251960739,3.552713678800501e-15,1,1,,,,,False,False,True
pg:scenarionet_v1:PGMap-2000155,pg,test,ok,-1.7144688624687925,5.143406587406284,5.329070518200751e-15,1,1,,,,,False,False,True
pg:scenarionet_v1:PGMap-2000157,pg,test,ok,-10.507068862661386,2.1014137725322897,7.105427357601002e-15,1,1,,,,,False,True,False
pg:scenarionet_v1:PGMap-2000158,pg,train,ok,-5.540224884085848,5.540224884085833,3.552713678800501e-15,1,1,,,,,False,True,True
pg:scenarionet_v1:PGMap-2000159,pg,train,ok,-5.5064312568937055,1.8354770856312541,0.0,1,1,,,,,False,True,False
pg:scenarionet_v1:PGMap-2000163,pg,train,ok,-5.035488597186345,1.678496199062105,1.3322676295501878e-14,1,1,,,,,False,True,False
pg:scenarionet_v1:PGMap-2000164,pg,validation,ok,-1.5014471337415651,4.504341401224826,5.329070518200751e-15,1,1,,,,,False,False,True
pg:scenarionet_v1:PGMap-2000165,pg,validation,ok,-1.5763182746833788,7.881591373416905,8.881784197001252e-15,1,1,,,,,False,False,True
pg:scenarionet_v1:PGMap-2000169,pg,test,ok,-1.526611371318076,4.5798341139542424,6.8833827526759706e-15,1,1,,,,,False,False,True
pg:scenarionet_v1:PGMap-2000174,pg,validation,ok,-5.795175054881061,1.9317250182936987,1.865174681370263e-14,1,1,,,,,False,True,False
pg:scenarionet_v1:PGMap-2000175,pg,train,ok,-1.8613526278550836,5.584057883565265,0.0,1,1,,,,,False,False,True
pg:scenarionet_v1:PGMap-2000176,pg,test,ok,-6.09807276936603,2.0326909231220145,3.9968028886505635e-15,1,1,,,,,False,True,False
pg:scenarionet_v1:PGMap-2000178,pg,test,ok,-5.467277319162669,1.822425773054193,1.509903313490213e-14,1,1,,,,,False,True,False
pg:scenarionet_v1:PGMap-2000181,pg,test,ok,-1.7755354969161772,8.8776774845809,0.0,1,1,,,,,False,False,True
pg:scenarionet_v1:PGMap-2000186,pg,validation,ok,-5.3653435147260495,1.7884478382420355,0.0,1,1,,,,,False,True,False
pg:scenarionet_v1:PGMap-2000188,pg,test,ok,-6.702290073518607,6.702290073518604,9.769962616701378e-15,1,1,,,,,False,True,True
pg:scenarionet_v1:PGMap-2000189,pg,validation,ok,-2.000485055137941,6.001455165413818,2.220446049250313e-15,1,1,,,,,False,False,True
pg:scenarionet_v1:PGMap-2000191,pg,test,ok,-1.8907353065770904,5.672205919731259,5.551115123125783e-15,1,1,,,,,False,False,True
pg:scenarionet_v1:PGMap-2000193,pg,validation,ok,-5.8450276581940415,1.9483425527313467,4.440892098500626e-16,1,1,,,,,False,True,False
pg:scenarionet_v1:PGMap-2000196,pg,train,ok,-1.6591808814476354,4.977542644343009,5.329070518200751e-15,1,1,,,,,False,False,True
pg:scenarionet_v1:PGMap-2000199,pg,test,ok,-10.949386645911645,2.1898773291823233,0.0,1,1,,,,,False,True,False
pg:scenarionet_v1:PGMap-2000202,pg,test,ok,-2.1302908316733498,10.651454158366814,1.3766765505351941e-14,1,1,,,,,False,False,True
pg:scenarionet_v1:PGMap-2000203,pg,test,ok,-1.9408354979846791,9.704177489923353,0.0,1,1,,,,,False,False,True
pg:scenarionet_v1:PGMap-2000208,pg,train,ok,-6.223637305128088,6.223637305128106,2.3092638912203256e-14,1,1,,,,,False,True,True
pg:scenarionet_v1:PGMap-2000210,pg,validation,ok,-1.9166110028172056,9.583055014086028,0.0,1,1,,,,,False,False,True
pg:scenarionet_v1:PGMap-2000211,pg,train,ok,-5.3089398651042785,1.769646621701405,6.8833827526759706e-15,1,1,,,,,False,True,False
pg:scenarionet_v1:PGMap-2000212,pg,test,ok,-5.824313284495474,1.9414377614984915,0.0,1,1,,,,,False,True,False
pg:scenarionet_v1:PGMap-2000213,pg,train,ok,-5.913014572891626,5.913014572891612,0.0,1,1,,,,,False,True,True
pg:scenarionet_v1:PGMap-2000214,pg,test,ok,-5.156713998830284,5.156713998830285,8.881784197001252e-16,1,1,,,,,False,True,True
pg:scenarionet_v1:PGMap-2000219,pg,test,ok,-1.7942586029807457,8.971293014903782,3.552713678800501e-15,1,1,,,,,False,False,True
pg:scenarionet_v1:PGMap-2000220,pg,train,ok,-5.458091195516234,1.8193637318387945,3.1086244689504383e-15,1,1,,,,,False,True,False
pg:scenarionet_v1:PGMap-2000222,pg,train,ok,-1.6914292506700122,8.45714625335006,0.0,1,1,,,,,False,False,True
pg:scenarionet_v1:PGMap-2000223,pg,validation,ok,-4.587284742783979,1.5290949142613215,0.0,1,1,,,,,False,True,False
pg:scenarionet_v1:PGMap-2000225,pg,test,ok,-1.7069898159652763,5.12096944789589,3.9968028886505635e-15,1,1,,,,,False,False,True
pg:scenarionet_v1:PGMap-2000227,pg,test,ok,-4.873243931552003,1.624414643850661,7.993605777301127e-15,1,1,,,,,False,True,False
pg:scenarionet_v1:PGMap-2000229,pg,validation,ok,-5.80341543285998,5.803415432859952,1.2434497875801753e-14,1,1,,,,,False,True,True
pg:scenarionet_v1:PGMap-2000231,pg,test,ok,-9.271055748275188,1.854211149655029,0.0,1,1,,,,,False,True,False
pg:scenarionet_v1:PGMap-2000233,pg,test,ok,-4.802284645322231,4.802284645322217,0.0,1,1,,,,,False,True,True
pg:scenarionet_v1:PGMap-2000237,pg,test,ok,-10.389558782340536,2.077911756468087,7.105427357601002e-15,1,1,,,,,False,True,False
pg:scenarionet_v1:PGMap-2000238,pg,validation,ok,-5.3892224522136445,5.389222452213645,8.881784197001252e-16,1,1,,,,,False,True,True
pg:scenarionet_v1:PGMap-2000242,pg,train,ok,-1.9204259143423825,9.602129571711965,8.43769498715119e-15,1,1,,,,,False,False,True
pg:scenarionet_v1:PGMap-2000244,pg,validation,ok,-6.343034365774386,6.343034365774386,0.0,1,1,,,,,False,True,True
pg:scenarionet_v1:PGMap-2000246,pg,test,ok,-1.9758936700295968,9.87946835014793,4.884981308350689e-15,1,1,,,,,False,False,True
pg:scenarionet_v1:PGMap-2000247,pg,test,ok,-1.9045493270645482,9.522746635322761,3.8191672047105385e-14,1,1,,,,,False,False,True
pg:scenarionet_v1:PGMap-2000248,pg,train,ok,-2.1080839836249368,6.324251950874853,0.0,1,1,,,,,False,False,True
pg:scenarionet_v1:PGMap-2000253,pg,validation,ok,-2.195506820188399,6.586520460565197,0.0,1,1,,,,,False,False,True
pg:scenarionet_v1:PGMap-2000258,pg,test,ok,-1.8123646576151158,5.437093972845337,9.769962616701378e-15,1,1,,,,,False,False,True
pg:scenarionet_v1:PGMap-2000259,pg,test,ok,-4.826794404838239,4.826794404838239,0.0,1,1,,,,,False,True,True
pg:scenarionet_v1:PGMap-2000260,pg,validation,ok,-6.058599157673586,6.058599157673551,1.1546319456101628e-14,1,1,,,,,False,True,True
pg:scenarionet_v1:PGMap-2000261,pg,validation,ok,-2.035708366054223,10.178541830271158,0.0,1,1,,,,,False,False,True
pg:scenarionet_v1:PGMap-2000262,pg,train,ok,-6.0491066251766625,2.016368875058916,0.0,1,1,,,,,False,True,False
pg:scenarionet_v1:PGMap-2000264,pg,test,ok,-5.881696959076621,1.9605656530255398,4.440892098500626e-16,1,1,,,,,False,True,False
pg:scenarionet_v1:PGMap-2000267,pg,test,ok,-5.944400657354752,5.944400657354739,5.329070518200751e-15,1,1,,,,,False,True,True
pg:scenarionet_v1:PGMap-2000268,pg,train,ok,-6.131672218284251,2.043890739428093,0.0,1,1,,,,,False,True,False
pg:scenarionet_v1:PGMap-2000269,pg,test,ok,-5.169175945417078,5.169175945417088,1.1546319456101628e-14,1,1,,,,,False,True,True
pg:scenarionet_v1:PGMap-2000271,pg,test,ok,-5.0794625841258085,1.6931541947086006,1.5987211554602254e-14,1,1,,,,,False,True,False
pg:scenarionet_v1:PGMap-2000272,pg,validation,ok,-2.05214043362939,10.260702168146935,0.0,1,1,,,,,False,False,True
pg:scenarionet_v1:PGMap-2000275,pg,test,ok,-4.760823051181275,1.586941017060417,8.43769498715119e-15,1,1,,,,,False,True,False
pg:scenarionet_v1:PGMap-2000279,pg,test,ok,-2.0998345181870377,6.299503554561099,0.0,1,1,,,,,False,False,True
pg:scenarionet_v1:PGMap-2000280,pg,train,ok,-1.9257329030148567,5.77719870904457,4.440892098500626e-15,1,1,,,,,False,False,True
pg:scenarionet_v1:PGMap-2000282,pg,validation,ok,-6.206963204119692,2.0689877347065337,1.0658141036401503e-14,1,1,,,,,False,True,False
pg:scenarionet_v1:PGMap-2000284,pg,train,ok,-6.140093964613663,2.0466979882045724,2.6645352591003757e-14,1,1,,,,,False,True,False
pg:scenarionet_v1:PGMap-2000285,pg,test,ok,-8.834810763016003,1.7669621526031714,5.329070518200751e-15,1,1,,,,,False,True,False
pg:scenarionet_v1:PGMap-2000286,pg,test,ok,-2.1998382285826352,10.99919114291312,0.0,1,1,,,,,False,False,True
pg:scenarionet_v1:PGMap-2000287,pg,test,ok,-4.8483756450421,1.6161252150140353,2.6645352591003757e-15,1,1,,,,,False,True,False
pg:scenarionet_v1:PGMap-2000288,pg,test,ok,-6.682402857447853,2.2274676191492655,1.7763568394002505e-15,1,1,,,,,False,True,False
pg:scenarionet_v1:PGMap-2000289,pg,test,ok,-6.175962239996391,6.1759622399964105,3.552713678800501e-15,1,1,,,,,False,True,True
pg:scenarionet_v1:PGMap-2000290,pg,test,ok,-4.653440666927537,4.653440666927537,0.0,1,1,,,,,False,True,True
pg:scenarionet_v1:PGMap-2000294,pg,test,ok,-4.642463072046671,4.64246307204664,1.2434497875801753e-14,1,1,,,,,False,True,True
pg:scenarionet_v1:PGMap-2000295,pg,train,ok,-7.618456373380503,1.5236912746760949,2.042810365310288e-14,1,1,,,,,False,True,False
pg:scenarionet_v1:PGMap-2000297,pg,test,ok,-6.585704833910114,6.585704833910128,0.0,1,1,,,,,False,True,True
pg:scenarionet_v1:PGMap-2000299,pg,validation,ok,-2.0916074919594534,6.274822475878361,1.1546319456101628e-14,1,1,,,,,False,False,True
pg:scenarionet_v1:PGMap-2000300,pg,train,ok,-1.9142002995610574,5.742600898683165,2.220446049250313e-15,1,1,,,,,False,False,True
pg:scenarionet_v1:PGMap-2000301,pg,test,ok,-5.690984372566376,1.8969947908554583,4.440892098500626e-16,1,1,,,,,False,True,False
pg:scenarionet_v1:PGMap-2000302,pg,train,ok,-6.587968639883883,6.587968639883868,8.881784197001252e-16,1,1,,,,,False,True,True
pg:scenarionet_v1:PGMap-2000304,pg,test,ok,-2.149164849795099,6.44749454938524,0.0,1,1,,,,,False,False,True
pg:scenarionet_v1:PGMap-2000305,pg,train,ok,-1.6815960222129038,8.40798011106452,3.1086244689504383e-15,1,1,,,,,False,False,True
pg:scenarionet_v1:PGMap-2000309,pg,test,ok,-4.773807421902733,4.773807421902733,1.7763568394002505e-15,1,1,,,,,False,True,True
pg:scenarionet_v1:PGMap-2000312,pg,test,ok,-2.0448622348226873,6.134586704468119,8.881784197001252e-16,1,1,,,,,False,False,True
pg:scenarionet_v1:PGMap-2000313,pg,test,ok,-11.004126751653132,2.200825350330615,2.6645352591003757e-15,1,1,,,,,False,True,False
pg:scenarionet_v1:PGMap-2000314,pg,test,ok,-1.9943157285439825,5.982947185631976,4.440892098500626e-15,1,1,,,,,False,False,True
pg:scenarionet_v1:PGMap-2000317,pg,train,ok,-1.6598038780446667,8.29901939022335,3.3306690738754696e-15,1,1,,,,,False,False,True
pg:scenarionet_v1:PGMap-2000318,pg,train,ok,-1.658352255132833,8.291761275664014,7.105427357601002e-15,1,1,,,,,False,False,True
pg:scenarionet_v1:PGMap-2000319,pg,train,ok,-2.165157486787032,6.495472460361022,7.105427357601002e-15,1,1,,,,,False,False,True
pg:scenarionet_v1:PGMap-2000320,pg,test,ok,-5.950951493021012,1.9836504976737137,6.217248937900877e-15,1,1,,,,,False,True,False
pg:scenarionet_v1:PGMap-2000325,pg,test,ok,-10.96142661344593,2.1922853226891825,7.105427357601002e-15,1,1,,,,,False,True,False
pg:scenarionet_v1:PGMap-2000326,pg,train,ok,-5.891448949065937,1.9638163163553326,5.329070518200751e-15,1,1,,,,,False,True,False
pg:scenarionet_v1:PGMap-2000327,pg,train,ok,-2.1867273529941684,10.933636764970828,0.0,1,1,,,,,False,False,True
pg:scenarionet_v1:PGMap-2000331,pg,validation,ok,-4.529037755182301,1.50967925172742,4.440892098500626e-16,1,1,,,,,False,True,False
pg:scenarionet_v1:PGMap-2000332,pg,train,ok,-2.1029259276671635,10.514629638335713,7.105427357601002e-15,1,1,,,,,False,False,True
pg:scenarionet_v1:PGMap-2000335,pg,test,ok,-11.18445902050363,2.2368918041007286,7.549516567451064e-15,1,1,,,,,False,True,False
pg:scenarionet_v1:PGMap-2000336,pg,validation,ok,-4.998025360003481,4.998025360003481,0.0,1,1,,,,,False,True,True
pg:scenarionet_v1:PGMap-2000337,pg,train,ok,-4.517285941344319,4.51728594134428,7.105427357601002e-15,1,1,,,,,False,True,True
pg:scenarionet_v1:PGMap-2000338,pg,validation,ok,-5.833586038549214,5.833586038549213,8.881784197001252e-16,1,1,,,,,False,True,True
pg:scenarionet_v1:PGMap-2000339,pg,train,ok,-8.883690336415455,1.7767380672830755,2.842170943040401e-14,1,1,,,,,False,True,False
pg:scenarionet_v1:PGMap-2000340,pg,validation,ok,-2.0260980500239327,6.07829415007177,0.0,1,1,,,,,False,False,True
pg:scenarionet_v1:PGMap-2000341,pg,train,ok,-2.045332188678295,10.226660943391385,8.881784197001252e-15,1,1,,,,,False,False,True
pg:scenarionet_v1:PGMap-2000343,pg,test,ok,-2.069863819442986,6.20959145832893,0.0,1,1,,,,,False,False,True
pg:scenarionet_v1:PGMap-2000345,pg,validation,ok,-6.31676885951961,6.316768859519596,2.6645352591003757e-15,1,1,,,,,False,True,True
pg:scenarionet_v1:PGMap-2000349,pg,train,ok,-5.191141487228975,1.7303804957429918,0.0,1,1,,,,,False,True,False
pg:scenarionet_v1:PGMap-2000350,pg,train,ok,-6.446813818536128,2.1489379395120523,0.0,1,1,,,,,False,True,False
pg:scenarionet_v1:PGMap-2000352,pg,train,ok,-9.166308255486936,1.8332616510973967,8.881784197001252e-15,1,1,,,,,False,True,False
pg:scenarionet_v1:PGMap-2000353,pg,train,ok,-4.8445283691301,1.6148427897100266,1.2434497875801753e-14,1,1,,,,,False,True,False
pg:scenarionet_v1:PGMap-2000354,pg,test,ok,-8.104200457342543,1.6208400914684953,8.881784197001252e-16,1,1,,,,,False,True,False
pg:scenarionet_v1:PGMap-2000355,pg,test,ok,-1.8954833354351628,5.686450006305476,3.552713678800501e-15,1,1,,,,,False,False,True
pg:scenarionet_v1:PGMap-2000356,pg,train,ok,-4.540906340172498,4.540906340172498,0.0,1,1,,,,,False,True,True
pg:scenarionet_v1:PGMap-2000357,pg,test,ok,-1.7094610320640413,8.547305160320235,0.0,1,1,,,,,False,False,True
pg:scenarionet_v1:PGMap-2000359,pg,test,ok,-4.768751898713929,4.76875189871396,1.2434497875801753e-14,1,1,,,,,False,True,True
pg:scenarionet_v1:PGMap-2000360,pg,validation,ok,-6.41216341526832,6.412163415268298,4.440892098500626e-15,1,1,,,,,False,True,True
pg:scenarionet_v1:PGMap-2000361,pg,test,ok,-4.524411929355795,1.5081373097852573,2.4424906541753444e-15,1,1,,,,,False,True,False
pg:scenarionet_v1:PGMap-2000362,pg,test,ok,-4.944579920859814,4.944579920859768,5.329070518200751e-15,1,1,,,,,False,True,True
pg:scenarionet_v1:PGMap-2000363,pg,test,ok,-4.564194369137425,1.5213981230458136,4.440892098500626e-16,1,1,,,,,False,True,False
pg:scenarionet_v1:PGMap-2000364,pg,train,ok,-5.600990104156551,1.8669967013855309,4.440892098500626e-16,1,1,,,,,False,True,False
pg:scenarionet_v1:PGMap-2000365,pg,train,ok,-4.940901720281461,1.646967240093815,1.7763568394002505e-15,1,1,,,,,False,True,False
pg:scenarionet_v1:PGMap-2000366,pg,train,ok,-4.917555931589509,1.6391853105298257,4.440892098500626e-15,1,1,,,,,False,True,False
pg:scenarionet_v1:PGMap-2000367,pg,test,ok,-5.267275789027337,1.7557585963424458,0.0,1,1,,,,,False,True,False
pg:scenarionet_v1:PGMap-2000368,pg,test,ok,-5.870972703995079,5.870972703995079,0.0,1,1,,,,,False,True,True
pg:scenarionet_v1:PGMap-2000370,pg,test,ok,-4.798086371210601,4.798086371210601,0.0,1,1,,,,,False,True,True
pg:scenarionet_v1:PGMap-2000373,pg,validation,ok,-5.739647540306507,1.9132158467688503,4.440892098500626e-16,1,1,,,,,False,True,False
pg:scenarionet_v1:PGMap-2000374,pg,train,ok,-6.054526370474349,2.018175456824764,0.0,1,1,,,,,False,True,False
pg:scenarionet_v1:PGMap-2000375,pg,test,ok,-2.199706109036498,6.599118327109508,0.0,1,1,,,,,False,False,True
pg:scenarionet_v1:PGMap-2000376,pg,test,ok,-2.2237915619918103,11.118957809959088,7.549516567451064e-15,1,1,,,,,False,False,True
pg:scenarionet_v1:PGMap-2000377,pg,test,ok,-2.1888621713369503,6.566586514010837,0.0,1,1,,,,,False,False,True
pg:scenarionet_v1:PGMap-2000378,pg,test,ok,-2.2002599777668985,11.001299888834504,6.217248937900877e-15,1,1,,,,,False,False,True
pg:scenarionet_v1:PGMap-2000379,pg,test,ok,-5.836378650307729,1.9454595501025698,7.105427357601002e-15,1,1,,,,,False,True,False
pg:scenarionet_v1:PGMap-2000383,pg,test,ok,-8.724956898394348,1.7449913796788674,5.329070518200751e-15,1,1,,,,,False,True,False
pg:scenarionet_v1:PGMap-2000385,pg,validation,ok,-6.502124743330413,2.1673749144434566,0.0,1,1,,,,,False,True,False
pg:scenarionet_v1:PGMap-2000387,pg,test,ok,-1.7141690702082615,8.570845351041168,1.0658141036401503e-14,1,1,,,,,False,False,True
pg:scenarionet_v1:PGMap-2000388,pg,test,ok,-5.377710878829234,1.7925702929430831,4.440892098500626e-16,1,1,,,,,False,True,False
pg:scenarionet_v1:PGMap-2000390,pg,test,ok,-5.018120510368393,1.6727068367894478,3.1086244689504383e-15,1,1,,,,,False,True,False
pg:scenarionet_v1:PGMap-2000392,pg,test,ok,-4.686760033475085,4.686760033475085,1.0658141036401503e-14,1,1,,,,,False,True,True
pg:scenarionet_v1:PGMap-2000396,pg,train,ok,-1.7696541568415058,5.308962470524499,7.105427357601002e-15,1,1,,,,,False,False,True
pg:scenarionet_v1:PGMap-2000397,pg,test,ok,-2.0727230279799946,6.218169083939961,7.993605777301127e-15,1,1,,,,,False,False,True
pg:scenarionet_v1:PGMap-2000398,pg,test,ok,-4.936174354996718,4.9361743549966866,7.993605777301127e-15,1,1,,,,,False,True,True
pg:scenarionet_v1:PGMap-2000403,pg,train,ok,-2.0703193019767703,10.351596509883873,3.552713678800501e-15,1,1,,,,,False,False,True
pg:scenarionet_v1:PGMap-2000404,pg,validation,ok,-6.080528161220045,2.0268427204066795,2.6645352591003757e-15,1,1,,,,,False,True,False
pg:scenarionet_v1:PGMap-2000405,pg,test,ok,-5.275979307257984,5.275979307258012,0.0,1,1,,,,,False,True,True
pg:scenarionet_v1:PGMap-2000406,pg,train,ok,-5.881416502536624,1.9604721675122105,2.6645352591003757e-15,1,1,,,,,False,True,False
pg:scenarionet_v1:PGMap-2000407,pg,test,ok,-9.97608706674398,1.9952174133487928,2.398081733190338e-14,1,1,,,,,False,True,False
pg:scenarionet_v1:PGMap-2000408,pg,validation,ok,-5.1500733488836055,1.716691116294518,1.0658141036401503e-14,1,1,,,,,False,True,False
pg:scenarionet_v1:PGMap-2000409,pg,test,ok,-5.3605822738093,5.360582273809314,0.0,1,1,,,,,False,True,True
pg:scenarionet_v1:PGMap-2000411,pg,validation,ok,-1.5833364196842816,4.750009259052866,7.993605777301127e-15,1,1,,,,,False,False,True
pg:scenarionet_v1:PGMap-2000412,pg,validation,ok,-1.91522111666184,9.576105583309129,0.0,1,1,,,,,False,False,True
pg:scenarionet_v1:PGMap-2000413,pg,test,ok,-4.812960134618109,4.812960134618106,2.6645352591003757e-15,1,1,,,,,False,True,True
pg:scenarionet_v1:PGMap-2000416,pg,test,ok,-5.669200719582294,5.669200719582269,8.881784197001252e-15,1,1,,,,,False,True,True
pg:scenarionet_v1:PGMap-2000417,pg,validation,ok,-5.844634245890407,5.844634245890369,7.105427357601002e-15,1,1,,,,,False,True,True
pg:scenarionet_v1:PGMap-2000420,pg,test,ok,-5.753521330670177,1.917840443556723,8.881784197001252e-15,1,1,,,,,False,True,False
pg:scenarionet_v1:PGMap-2000421,pg,test,ok,-8.459536567717322,1.6919073135434664,8.881784197001252e-16,1,1,,,,,False,True,False
pg:scenarionet_v1:PGMap-2000424,pg,train,ok,-5.314477002201866,5.314477002201859,1.865174681370263e-14,1,1,,,,,False,True,True
pg:scenarionet_v1:PGMap-2000425,pg,test,ok,-1.672705640363171,5.018116921089478,5.329070518200751e-15,1,1,,,,,False,False,True
pg:scenarionet_v1:PGMap-2000428,pg,test,ok,-2.116704822862687,6.350114468588172,2.842170943040401e-14,1,1,,,,,False,False,True
pg:scenarionet_v1:PGMap-2000429,pg,test,ok,-4.667405735138669,1.5558019117128508,1.1546319456101628e-14,1,1,,,,,False,True,False
pg:scenarionet_v1:PGMap-2000430,pg,test,ok,-1.9636564438480657,9.81828221924025,8.881784197001252e-15,1,1,,,,,False,False,True
pg:scenarionet_v1:PGMap-2000431,pg,test,ok,-10.744897077354503,2.148979415470868,8.881784197001252e-15,1,1,,,,,False,True,False
pg:scenarionet_v1:PGMap-2000439,pg,test,ok,-6.482587917175217,6.482587917175244,7.993605777301127e-15,1,1,,,,,False,True,True
pg:scenarionet_v1:PGMap-2000440,pg,test,ok,-2.0539065107612826,6.1617195322838185,3.552713678800501e-14,1,1,,,,,False,False,True
pg:scenarionet_v1:PGMap-2000441,pg,test,ok,-1.6153098616761712,4.845929585028556,4.440892098500626e-15,1,1,,,,,False,False,True
pg:scenarionet_v1:PGMap-2000443,pg,validation,ok,-1.8533812579595748,5.560143773878906,1.4210854715202004e-14,1,1,,,,,False,False,True
pg:scenarionet_v1:PGMap-2000445,pg,test,ok,-1.6952659275930924,5.085797782779245,8.215650382226158e-15,1,1,,,,,False,False,True
pg:scenarionet_v1:PGMap-2000446,pg,test,ok,-1.6511576568337867,4.953472970501428,5.329070518200751e-15,1,1,,,,,False,False,True
pg:scenarionet_v1:PGMap-2000447,pg,validation,ok,-9.25984648762102,1.8519692975242004,7.993605777301127e-15,1,1,,,,,False,True,False
pg:scenarionet_v1:PGMap-2000448,pg,test,ok,-8.81312975992843,1.762625951985683,0.0,1,1,,,,,False,True,False
pg:scenarionet_v1:PGMap-24920003,pg,test,ok,-3.1783458616535825,10.489854395101617,0.0,1,1,,,,,False,True,True
pg:scenarionet_v1:PGMap-24920005,pg,train,ok,-5.6411073604759,5.643805440867895,1.3322676295501878e-14,2,1,0.16148918919971234,5.805294630067607,18.675764225723924,LANE_SURFACE_STREET,False,True,True
pg:scenarionet_v1:PGMap-24920007,pg,test,ok,-6.057077602708134,2.0190258675693684,0.0,1,1,,,,,False,True,False
pg:scenarionet_v1:PGMap-24920039,pg,train,ok,-1.7866958722013067,21.72017523320784,0.0,2,2,3.661401406902442,-11.734046127197345,-5.448097279103749,LANE_SURFACE_UNSTRUCTURE,False,False,True
pg:scenarionet_v1:PGMap-24920044,pg,train,ok,-9.477895500309756,20.961056630822355,0.0,2,2,0.010592554600108883,-17.71618469507807,-9.488488054909865,LANE_SURFACE_UNSTRUCTURE,False,True,True
pg:scenarionet_v1:PGMap-24920056,pg,train,ok,-1.9785518463395273,5.935655539018672,3.552713678800501e-15,1,1,,,,,False,False,True
pg:scenarionet_v1:PGMap-24920059,pg,train,ok,-2.104720673671096,2.1047206736710677,0.0,1,1,,,,,False,False,False
pg:scenarionet_v1:PGMap-24920064,pg,train,ok,-2.0195671643282185,19.665461508509658,7.105427357601002e-15,2,1,35.096246762251404,54.76170827076106,73.25833406329022,LANE_SURFACE_STREET,False,False,True
pg:scenarionet_v1:PGMap-24920076,pg,train,ok,-49.02986746383579,6.044801195753784,7.105427357601002e-15,1,1,,,,,False,True,True
pg:scenarionet_v1:PGMap-24920079,pg,train,ok,-5.781996099899834,26.539105777487634,1.4210854715202004e-14,2,2,2.6807056887213836,-14.85466406659988,-8.462701788621217,LANE_SURFACE_UNSTRUCTURE,False,True,True
pg:scenarionet_v1:PGMap-24920094,pg,train,ok,-12.50833484787374,5.534118680988784,8.881784197001252e-16,2,2,0.07067396941147308,-15.033586576173647,-12.579008817285214,LANE_SURFACE_UNSTRUCTURE,False,True,True
pg:scenarionet_v1:PGMap-24920099,pg,train,ok,-5.363402324657329,21.919871396566908,3.552713678800501e-15,2,1,62.26725741182351,84.18712880839041,89.63559344669048,LANE_SURFACE_STREET,False,True,True
pg:scenarionet_v1:PGMap-24920136,pg,train,ok,-3.214746481467216,10.583993978621947,0.0,1,1,,,,,False,True,True
pg:scenarionet_v1:PGMap-24920159,pg,train,ok,-1.5877568724436621,10.030161954174343,3.552713678800501e-15,3,2,14.789724765036642,24.819886719210984,33.33458874127322,LANE_SURFACE_STREET,False,False,True
pg:scenarionet_v1:PGMap-24920162,pg,test,ok,-10.175564161083829,16.287278403175584,7.105427357601002e-15,2,1,27.369647646389176,43.65692604956476,69.62001136517429,LANE_SURFACE_STREET,False,True,True
pg:scenarionet_v1:PGMap-24920168,pg,train,ok,-2.415248529439247,9.825379572154938,8.881784197001252e-15,1,1,,,,,False,False,True
pg:scenarionet_v1:PGMap-24920178,pg,train,ok,-5.419512684180489,26.339058263394378,0.0,2,2,0.01776144362031573,-11.502031711356807,-5.437274127800805,LANE_SURFACE_UNSTRUCTURE,False,True,True
pg:scenarionet_v1:PGMap-24920181,pg,train,ok,-1.8899805476124867,1.8899805476124867,2.2870594307278225e-14,1,1,,,,,False,False,False
pg:scenarionet_v1:PGMap-24920182,pg,train,ok,-6.363018121708237,1.650925822639266,0.0,1,1,,,,,False,True,False
pg:scenarionet_v1:PGMap-24920193,pg,train,ok,-5.747570802515016,1.9011580318868821,2.6645352591003757e-15,1,1,,,,,False,True,False
pg:scenarionet_v1:PGMap-24920240,pg,train,ok,-5.0733107818161045,5.051209701404002,3.552713678800501e-15,2,2,7.308385271927619,-31.64303620397513,-12.381696053743724,LANE_SURFACE_STREET|LANE_SURFACE_UNSTRUCTURE,False,True,True
pg:scenarionet_v1:PGMap-24920241,pg,train,ok,-5.39195575066951,5.39195575066951,0.0,2,2,4.688343312361965,-13.674936230144482,-10.080299063031475,LANE_SURFACE_STREET,False,True,True
pg:scenarionet_v1:PGMap-24920243,pg,train,ok,-4.6753812285809175,4.697802832348771,0.0,1,1,,,,,False,True,True
pg:scenarionet_v1:PGMap-24920247,pg,train,ok,-11.736305389643817,2.2430092644151784,0.0,2,2,0.024418080806100306,-49.486018528830414,-11.760723470449918,LANE_SURFACE_STREET|LANE_SURFACE_UNSTRUCTURE,False,True,False
pg:scenarionet_v1:PGMap-24920262,pg,train,ok,-5.246426200056508,1.7488087333521691,5.773159728050814e-15,1,1,,,,,False,True,False
pg:scenarionet_v1:PGMap-24920266,pg,train,ok,-2.0644382409197704,2.0644382409197704,0.0,1,1,,,,,False,False,False
pg:scenarionet_v1:PGMap-24920268,pg,train,ok,-1.7777362922063962,8.888681461031837,1.4210854715202004e-14,2,2,0.2669021426759197,-5.622261826538505,-2.044638434882316,LANE_SURFACE_STREET,False,False,True
pg:scenarionet_v1:PGMap-24920271,pg,test,ok,-7.584511902731252,6.0879720625069496,1.5987211554602254e-14,1,1,,,,,False,True,True
pg:scenarionet_v1:PGMap-24920280,pg,train,ok,-1.5345736174690217,27.201723519485626,0.0,2,2,0.025209129117982343,-11.0,-1.559782746587004,LANE_SURFACE_UNSTRUCTURE,False,False,True
pg:scenarionet_v1:PGMap-24920309,pg,train,ok,-4.152575069643632,7.652492581131071,0.0,1,1,,,,,False,True,True
pg:scenarionet_v1:PGMap-24920313,pg,test,ok,-9.559595700401147,1.9119191400802436,0.0,1,1,,,,,False,True,False
pg:scenarionet_v1:PGMap-24920335,pg,train,ok,-5.246318319122139,2.2120572022616045,0.0,1,1,,,,,False,True,False
pg:scenarionet_v1:PGMap-24920336,pg,train,ok,-4.838740172339456,1.6129133907798239,4.440892098500626e-16,2,2,69.14866595418766,70.76157934496749,77.21323290808675,LANE_SURFACE_STREET,False,True,False
pg:scenarionet_v1:PGMap-24920342,pg,test,ok,-1.811865507601638,12.422949278818932,1.7763568394002505e-15,3,2,0.018938525502193437,-5.489814240652933,-1.8308040331038313,LANE_SURFACE_STREET,False,False,True
pg:scenarionet_v1:PGMap-24920348,pg,train,ok,-6.365614760058861,5.118913729151856,0.0,1,1,,,,,False,True,True
pg:scenarionet_v1:PGMap-24920359,pg,train,ok,-4.6919264406945445,4.691926440694559,0.0,1,1,,,,,False,True,True
pg:scenarionet_v1:PGMap-24920366,pg,train,ok,-3.9334080954295416,16.79565099029105,0.0,3,3,0.011589300121286783,-11.022542030569966,-3.9449973955508284,LANE_SURFACE_UNSTRUCTURE,False,True,True
pg:scenarionet_v1:PGMap-24920370,pg,train,ok,-2.1817395476678882,2.1817395476678882,0.0,1,1,,,,,False,False,False
pg:scenarionet_v1:PGMap-24920371,pg,train,ok,-6.422982785962216,6.416848157259199,1.7763568394002505e-14,1,1,,,,,False,True,True
pg:scenarionet_v1:PGMap-24920394,pg,train,ok,-5.722596031698046,1.5457840204430369,0.0,1,1,,,,,False,True,False
pg:scenarionet_v1:PGMap-24920396,pg,test,ok,-5.487401944040777,8.56338885895587,8.881784197001252e-15,2,1,66.06054828582998,-100.0,-71.54795022987076,LANE_SURFACE_STREET,False,True,True
pg:scenarionet_v1:PGMap-24920414,pg,train,ok,-2.079140736051613,10.395703680258066,0.0,1,1,,,,,False,False,True
pg:scenarionet_v1:PGMap-24920415,pg,train,ok,-15.082437687137173,18.818661229075758,0.0,2,2,0.015174322083694847,18.833835551159453,24.360707903972468,LANE_SURFACE_UNSTRUCTURE,False,True,True
pg:scenarionet_v1:PGMap-24920416,pg,train,ok,-15.831481316458323,2.1359999188736367,0.0,1,1,,,,,False,True,False
pg:scenarionet_v1:PGMap-24920446,pg,train,ok,-4.857732360877377,14.300284354786541,8.881784197001252e-16,2,1,32.15550720443905,46.45579155922559,60.22594243111291,LANE_SURFACE_STREET,False,True,True
pg:scenarionet_v1:PGMap-24920450,pg,train,ok,-1.8560879970011048,1.8560879970010442,2.1760371282653068e-14,1,1,,,,,False,False,False
pg:scenarionet_v1:PGMap-24920472,pg,train,ok,-6.252420171746681,13.992154111805698,5.329070518200751e-15,2,1,32.18891233318961,46.18106644499531,67.65560872524924,LANE_SURFACE_STREET,False,True,True
pg:scenarionet_v1:PGMap-24920474,pg,train,ok,-1.8926047120508969,1.8926047120508822,4.440892098500626e-16,1,1,,,,,False,False,False
pg:scenarionet_v1:PGMap-24920551,pg,test,ok,-2.229513709297791,2.2295137092978052,0.0,1,1,,,,,False,False,False
pg:scenarionet_v1:PGMap-24920564,pg,train,ok,-1.6302405318343536,8.15120265917188,7.549516567451064e-15,1,1,,,,,False,False,True
pg:scenarionet_v1:PGMap-24920619,pg,train,ok,-5.258680643231869,1.7528935477439915,1.709743457922741e-14,1,1,,,,,False,True,False
pg:scenarionet_v1:PGMap-24920625,pg,train,ok,-9.319948573981884,1.8496611724225003,5.329070518200751e-15,2,1,7.502542684455156,-39.306542317213555,-16.82249125843704,LANE_SURFACE_STREET|LANE_SURFACE_UNSTRUCTURE,False,True,False
pg:scenarionet_v1:PGMap-24920630,pg,train,ok,-1.9858887449540847,2.0006044431737857,1.3322676295501878e-14,1,1,,,,,False,False,False
pg:scenarionet_v1:PGMap-24920633,pg,train,ok,-2.007854567612875,13.416890661584958,6.217248937900877e-15,1,1,,,,,False,False,True
pg:scenarionet_v1:PGMap-24920638,pg,train,ok,-1.4538591070594287,13.695755053854528,1.7763568394002505e-15,2,1,19.251233048993157,32.94698810284768,46.48987373787111,LANE_SURFACE_STREET,False,False,True
pg:scenarionet_v1:PGMap-24920666,pg,test,ok,-7.713845701738435,24.181530748890154,0.0,2,2,0.028122355068518345,-11.349899288730128,-7.741968056806954,LANE_SURFACE_UNSTRUCTURE,False,True,True
pg:scenarionet_v1:PGMap-24920728,pg,train,ok,-4.889386668744407,1.6297955562481414,8.881784197001252e-16,1,1,,,,,False,True,False
pg:scenarionet_v1:PGMap-24920741,pg,train,ok,-3.648073131639933,5.644620505800987,0.0,1,1,,,,,False,True,True
pg:scenarionet_v1:PGMap-24920744,pg,train,ok,-11.0,27.163650488983066,0.0,1,1,,,,,False,True,True
pg:scenarionet_v1:PGMap-24920749,pg,train,ok,-14.060853903252037,1.8310918082599976,1.7763568394002505e-15,2,1,0.8422466643413049,-29.819717712790393,-14.903100567593341,LANE_SURFACE_STREET|LANE_SURFACE_UNSTRUCTURE,False,True,False
pg:scenarionet_v1:PGMap-24920751,pg,test,ok,-2.179409328734013,6.4947578103174095,2.6645352591003757e-15,1,1,,,,,False,False,True
pg:scenarionet_v1:PGMap-24920759,pg,test,ok,-2.7743418695856543,8.158895979153606,7.105427357601002e-15,1,1,,,,,False,True,True
pg:scenarionet_v1:PGMap-24920768,pg,train,ok,-6.236212715939189,2.091401476247129,8.881784197001252e-16,2,1,2.0771162280750692,4.168517704322198,17.568193112231256,LANE_SURFACE_STREET,False,True,False
pg:scenarionet_v1:PGMap-24920773,pg,train,ok,-9.771797940576405,2.023222242976705,2.842170943040401e-14,1,1,,,,,False,True,False
pg:scenarionet_v1:PGMap-24920778,pg,train,ok,-1.992153881910511,1.9921538819105462,6.8833827526759706e-15,1,1,,,,,False,False,False
pg:scenarionet_v1:PGMap-24920793,pg,train,ok,-2.193636519872925,2.193636519872939,0.0,1,1,,,,,False,False,False
pg:scenarionet_v1:PGMap-24920795,pg,train,ok,-1.855704314453206,1.855704314453206,0.0,1,1,,,,,False,False,False
pg:scenarionet_v1:PGMap-24920805,pg,test,ok,-18.866950341851382,1.9667375854628575,5.773159728050814e-15,1,1,,,,,False,True,False
pg:scenarionet_v1:PGMap-24920808,pg,train,ok,-5.523736099264411,5.523736099264426,8.881784197001252e-16,1,1,,,,,False,True,True
pg:scenarionet_v1:PGMap-24920817,pg,train,ok,-11.05728769110999,18.518696654006238,3.552713678800501e-15,1,2,,,,,False,True,True
pg:scenarionet_v1:PGMap-24920827,pg,train,ok,-5.31689825094284,18.694146058425073,3.552713678800501e-15,2,1,49.40760722096368,68.10175327938876,77.08012511370177,LANE_SURFACE_STREET,False,True,True
pg:scenarionet_v1:PGMap-24920841,pg,train,ok,-8.021221143872905,15.081883203787228,1.7763568394002505e-15,2,1,28.66253947912402,43.74442268291125,65.6068262399761,LANE_SURFACE_STREET,False,True,True
pg:scenarionet_v1:PGMap-24920843,pg,train,ok,-5.820743550401465,1.940247850133819,5.1514348342607263e-14,1,1,,,,,False,True,False
pg:scenarionet_v1:PGMap-24920867,pg,train,ok,-1.9907801060902273,5.972340318270696,0.0,2,2,5.665804383469279,-11.042723943061489,-7.656584489559506,LANE_SURFACE_UNSTRUCTURE,False,False,True
pg:scenarionet_v1:PGMap-24920897,pg,train,ok,-6.327749543348241,10.73179882760192,6.217248937900877e-15,1,1,,,,,False,True,True
pg:scenarionet_v1:PGMap-24920907,pg,train,ok,-7.692281428616127,4.6153688571696705,0.0,1,1,,,,,False,True,True
pg:scenarionet_v1:PGMap-24920916,pg,train,ok,-10.484829936150787,8.495329774648686,5.329070518200751e-15,3,2,26.072193621673684,34.56752339632237,39.46916871995137,LANE_SURFACE_STREET,False,True,True
pg:scenarionet_v1:PGMap-24920930,pg,train,ok,-5.847622745181923,1.9492075817273218,0.0,1,1,,,,,False,True,False
pg:scenarionet_v1:PGMap-24920959,pg,test,ok,-14.699767730920637,2.099966818702969,1.0658141036401503e-14,1,1,,,,,False,True,False
pg:scenarionet_v1:PGMap-24920961,pg,train,ok,-29.068577742951334,1.9828482135306942,7.105427357601002e-15,1,1,,,,,False,True,False
pg:scenarionet_v1:PGMap-24920970,pg,train,ok,-1.7924836710539918,8.915423445080283,5.329070518200751e-15,1,1,,,,,False,False,True
pg:scenarionet_v1:PGMap-24920978,pg,train,ok,-12.396725798147088,5.001882431075046,0.0,3,3,0.027254985897371853,-19.683062536108025,-12.42398078404446,LANE_SURFACE_UNSTRUCTURE,False,True,True
pg:scenarionet_v1:PGMap-24921003,pg,train,ok,-9.545371516988936,1.9090743033978015,0.0,1,1,,,,,False,True,False
pg:scenarionet_v1:PGMap-24921022,pg,train,ok,-14.393382055141018,23.84949815933706,0.0,1,1,,,,,False,True,True
pg:scenarionet_v1:PGMap-24921040,pg,train,ok,-4.951061804607818,1.508001162259447,0.0,1,1,,,,,False,True,False
pg:scenarionet_v1:PGMap-24921055,pg,test,ok,-1.6116095909732298,8.05804795486603,3.552713678800501e-15,1,1,,,,,False,False,True
pg:scenarionet_v1:PGMap-24921084,pg,train,ok,-1.9935303872748023,1.993530387274788,0.0,1,1,,,,,False,False,False
pg:scenarionet_v1:PGMap-24921092,pg,train,ok,-5.9299205524440595,1.832988869992434,0.0,1,1,,,,,False,True,False
pg:scenarionet_v1:PGMap-24921105,pg,train,ok,-2.2849572357175965,26.52775100945324,3.064215547965432e-14,2,1,31.75591278225646,58.2836637917097,92.77910064163996,LANE_SURFACE_STREET,False,False,True
pg:scenarionet_v1:PGMap-24921107,pg,train,ok,-19.50106777528734,2.1252669438218277,0.0,1,1,,,,,False,True,False
pg:scenarionet_v1:PGMap-24921117,pg,train,ok,-17.210471476839032,1.7768446354914407,2.4424906541753444e-15,1,1,,,,,False,True,False
pg:scenarionet_v1:PGMap-24921127,pg,train,ok,-2.0742751731208386,2.074275173120867,0.0,1,1,,,,,False,False,False
pg:scenarionet_v1:PGMap-24921159,pg,train,ok,-12.14354259448777,1.7640510228055444,1.7763568394002505e-15,1,1,,,,,False,True,False
pg:scenarionet_v1:PGMap-24921161,pg,test,ok,-5.082340844231153,3.331826044025275,2.220446049250313e-15,1,1,,,,,False,True,True
pg:scenarionet_v1:PGMap-24921162,pg,train,ok,-6.46209536375602,10.770158939593308,7.105427357601002e-15,1,1,,,,,False,True,True
pg:scenarionet_v1:PGMap-24921169,pg,test,ok,-9.125459745583882,1.8250919491167683,4.440892098500626e-16,1,1,,,,,False,True,False
pg:scenarionet_v1:PGMap-24921172,pg,train,ok,-10.875940445851455,20.413558907790332,0.0,2,2,0.012586003412991431,-17.011359758102742,-10.888526449264447,LANE_SURFACE_UNSTRUCTURE,False,True,True
pg:scenarionet_v1:PGMap-24921177,pg,train,ok,-1.732882664787865,17.229201413434648,3.552713678800501e-15,2,1,48.27954726087228,65.50874867430693,87.26709122123023,LANE_SURFACE_STREET,False,False,True
pg:scenarionet_v1:PGMap-24921188,pg,train,ok,-19.503428643032564,23.576451348282504,0.0,1,1,,,,,False,True,True
pg:scenarionet_v1:PGMap-24921195,pg,train,ok,-2.081106636096393,12.38397564656802,1.7763568394002505e-15,3,2,15.517012501970724,27.900988148538744,35.65584178121932,LANE_SURFACE_STREET,False,False,True
pg:scenarionet_v1:PGMap-24921209,pg,test,ok,-18.137036527956944,2.211587885379492,8.881784197001252e-15,1,1,,,,,False,True,False
pg:scenarionet_v1:PGMap-24921217,pg,train,ok,-7.935924844935966,2.8987570718495608,2.6645352591003757e-15,3,1,0.013750665448766242,2.912507737298327,14.930473611359716,LANE_SURFACE_STREET,False,True,True
pg:scenarionet_v1:PGMap-24921249,pg,train,ok,-5.7918016709781295,5.298788988537663,2.6645352591003757e-15,4,3,0.011385208146423409,-17.85814161719307,-5.803186879124553,LANE_SURFACE_UNSTRUCTURE,False,True,True
pg:scenarionet_v1:PGMap-24921253,pg,test,ok,-15.32188068841343,6.482821032620151,0.0,1,1,,,,,False,True,True
pg:scenarionet_v1:PGMap-24921263,pg,train,ok,-1.629470770635391,5.701268284411825,2.220446049250313e-15,1,1,,,,,False,False,True
pg:scenarionet_v1:PGMap-24921278,pg,train,ok,-1.9685347396706299,24.83132162926494,7.105427357601002e-15,1,1,,,,,False,False,True
pg:scenarionet_v1:PGMap-24921285,pg,train,ok,-1.5879851138449248,26.87985113844908,3.552713678800501e-15,2,2,2.934284365894539,-11.328372450391868,-4.522269479739464,LANE_SURFACE_UNSTRUCTURE,False,False,True
pg:scenarionet_v1:PGMap-24921299,pg,train,ok,-20.049523157648935,23.556470632349956,0.0,1,1,,,,,False,True,True
pg:scenarionet_v1:PGMap-24921305,pg,train,ok,-2.952005696191148,10.750425762038745,1.1546319456101628e-14,1,1,,,,,False,True,True
pg:scenarionet_v1:PGMap-24921320,pg,train,ok,-14.94522432087264,9.38574925090127,0.0,2,2,1.1528974171830981,10.538646668084368,25.42193721176669,LANE_SURFACE_UNSTRUCTURE,False,True,True
pg:scenarionet_v1:PGMap-24921331,pg,train,ok,-5.508729538887067,18.344972718516118,0.0,2,2,0.7074462592621416,-15.192795326489588,-6.216175798149209,LANE_SURFACE_UNSTRUCTURE,False,True,True
pg:scenarionet_v1:PGMap-24921340,pg,train,ok,-10.921533208960213,22.57324101227249,0.0,2,2,0.019553090662000727,-18.954367793881005,-10.941086299622214,LANE_SURFACE_UNSTRUCTURE,False,True,True
pg:scenarionet_v1:PGMap-24921348,pg,train,ok,-2.0547792310559516,3.464544444766729,5.773159728050814e-15,1,1,,,,,False,False,True
pg:scenarionet_v1:PGMap-24921364,pg,train,ok,-1.7921381832605334,1.7921381832605192,0.0,1,1,,,,,False,False,False
pg:scenarionet_v1:PGMap-24921399,pg,train,ok,-4.761749924941512,1.587249974980523,0.0,1,1,,,,,False,True,False
pg:scenarionet_v1:PGMap-24921404,pg,train,ok,-1.7884614420571823,8.926263778363769,2.1316282072803006e-14,2,1,2.075318813820509,11.001582592184278,22.681110719949814,LANE_SURFACE_STREET,False,False,True
pg:scenarionet_v1:PGMap-24921407,pg,train,ok,-6.001134458968335,21.2476085805273,2.6645352591003757e-15,2,1,45.04533148313524,66.29294006366254,83.04817568411607,LANE_SURFACE_STREET,False,True,True
pg:scenarionet_v1:PGMap-24921408,pg,train,ok,-1.7544943219080695,8.713988943698023,3.552713678800501e-15,1,1,,,,,False,False,True
pg:scenarionet_v1:PGMap-24921440,pg,train,ok,-4.6515459797672065,4.651545979767178,0.0,1,1,,,,,False,True,True
pg:scenarionet_v1:PGMap-24921443,pg,train,ok,-6.2638048159782,2.194375557620515,4.440892098500626e-15,2,2,57.2042159124877,59.398591470108215,68.90400256563169,LANE_SURFACE_STREET,False,True,False
pg:scenarionet_v1:PGMap-24921457,pg,train,ok,-1.7244930717689186,8.622465358844593,0.0,2,2,4.588038426581548,-9.767894324577583,-6.312531498350467,LANE_SURFACE_STREET,False,False,True
pg:scenarionet_v1:PGMap-24921468,pg,train,ok,-11.436725843836138,29.546423712443048,5.329070518200751e-15,2,2,0.12808968210384464,29.674513394546892,31.372927452546776,LANE_SURFACE_UNSTRUCTURE,False,True,True
pg:scenarionet_v1:PGMap-24921471,pg,train,ok,-1.729734011497868,1.7297340114978539,0.0,1,1,,,,,False,False,False
pg:scenarionet_v1:PGMap-24921482,pg,train,ok,-9.999399889490048,3.535983219139359,5.329070518200751e-15,1,1,,,,,False,True,True
pg:scenarionet_v1:PGMap-24921495,pg,train,ok,-4.753332185237838,17.676535503421647,0.0,2,2,1.5930469948524717,-14.168888123491882,-6.3463791800903095,LANE_SURFACE_UNSTRUCTURE,False,True,True
pg:scenarionet_v1:PGMap-24921500,pg,train,ok,-2.0589652112743693,6.176895633823108,0.0,1,1,,,,,False,False,True
pg:scenarionet_v1:PGMap-24921503,pg,train,ok,-19.363941328613407,2.0223337734769586,0.0,1,1,,,,,False,True,False
pg:scenarionet_v1:PGMap-24921517,pg,train,ok,-5.481481308871571,9.135802181452563,5.329070518200751e-15,1,1,,,,,False,True,True
pg:scenarionet_v1:PGMap-24921549,pg,train,ok,-6.236248681180054,16.272164179929202,3.552713678800501e-15,2,1,41.04660349902238,57.31876767895159,76.61379907071503,LANE_SURFACE_STREET,False,True,True
pg:scenarionet_v1:PGMap-24921557,pg,train,ok,-4.742187827744402,1.5462644623395363,0.0,1,1,,,,,False,True,False
pg:scenarionet_v1:PGMap-24921589,pg,train,ok,-2.0282407740893706,10.180818307539669,1.2434497875801753e-14,1,1,,,,,False,False,True
pg:scenarionet_v1:PGMap-24921601,pg,train,ok,-6.547187167076259,3.3172210899600723,8.881784197001252e-16,3,2,0.014151456235196314,3.3313725461952686,13.607746779217209,LANE_SURFACE_STREET,False,True,True
pg:scenarionet_v1:PGMap-24921644,pg,train,ok,-4.951878190647108,4.951878190647108,0.0,2,2,1.7879391810844396,-15.24689894306961,-6.739817371731547,LANE_SURFACE_UNSTRUCTURE,False,True,True
pg:scenarionet_v1:PGMap-24921659,pg,train,ok,-10.38181633643596,2.076363267287192,0.0,1,1,,,,,False,True,False
pg:scenarionet_v1:PGMap-24921661,pg,train,ok,-1.4872039588998427,4.535716255454188,2.220446049250313e-15,3,2,0.1373179888822893,4.673034244336478,18.885467957727812,LANE_SURFACE_STREET,False,False,True
pg:scenarionet_v1:PGMap-24921666,pg,train,ok,-12.151652005080706,24.299083007047557,0.0,2,2,0.012040060514365791,-20.212951577299762,-12.163692065595072,LANE_SURFACE_UNSTRUCTURE,False,True,True
pg:scenarionet_v1:PGMap-24921672,pg,train,ok,-4.855143344810216,6.989891048435795,8.881784197001252e-16,2,2,13.284295686739881,20.274186735175675,24.867318818761902,LANE_SURFACE_UNSTRUCTURE,False,True,True
pg:scenarionet_v1:PGMap-24921676,pg,train,ok,-13.348079999231004,2.1621220533627934,0.0,1,1,,,,,False,True,False
pg:scenarionet_v1:PGMap-24921698,pg,train,ok,-5.3339559785304385,18.262343290657142,1.7763568394002505e-15,2,1,26.502574545853847,44.76491783651099,62.883966497984545,LANE_SURFACE_STREET,False,True,True
pg:scenarionet_v1:PGMap-24921704,pg,train,ok,-12.746186911662804,5.209204215563702,0.0,3,3,0.027780257147753673,-18.929683491901315,-12.773967168810557,LANE_SURFACE_UNSTRUCTURE,False,True,True
pg:scenarionet_v1:PGMap-24921717,pg,train,ok,-1.8001902432265524,9.000951216132762,0.0,2,2,0.022025046051993513,-5.4248473034697895,-1.822215289278546,LANE_SURFACE_STREET,False,False,True
pg:scenarionet_v1:PGMap-24921732,pg,train,ok,-1.8423397461965578,1.8423397461965862,0.0,1,1,,,,,False,False,False
pg:scenarionet_v1:PGMap-24921747,pg,test,ok,-10.440966195382451,1.62634371784572,4.973799150320701e-14,1,1,,,,,False,True,False
pg:scenarionet_v1:PGMap-2920012,pg,train,ok,-4.5489684018406535,1.5163228006135365,4.440892098500626e-16,1,1,,,,,False,True,False
pg:scenarionet_v1:PGMap-2920027,pg,train,ok,-4.856639428182987,1.6188798093943433,0.0,1,1,,,,,False,True,False
pg:scenarionet_v1:PGMap-2920049,pg,train,ok,-2.1536168311117905,6.460850493335386,0.0,1,1,,,,,False,False,True
pg:scenarionet_v1:PGMap-2920091,pg,train,ok,-5.190355180521009,1.743279560011999,8.881784197001252e-16,1,1,,,,,False,True,False
pg:scenarionet_v1:PGMap-2920105,pg,train,ok,-2.1029445415970502,2.1029445415970645,3.9968028886505635e-15,1,1,,,,,False,False,False
pg:scenarionet_v1:PGMap-2920108,pg,train,ok,-9.357295757714695,1.871459151542922,0.0,1,1,,,,,False,True,False
pg:scenarionet_v1:PGMap-2920112,pg,train,ok,-8.720177850503745,1.744035570100749,0.0,1,1,,,,,False,True,False
pg:scenarionet_v1:PGMap-2920114,pg,train,ok,-5.653680841593098,5.653680841593151,6.217248937900877e-15,1,1,,,,,False,True,True
pg:scenarionet_v1:PGMap-2920121,pg,train,ok,-9.452113382904408,16.58053105638789,7.105427357601002e-15,2,3,49.35490856849031,65.9354396248782,79.00713177613926,LANE_SURFACE_STREET,False,True,True
pg:scenarionet_v1:PGMap-2920126,pg,train,ok,-6.338441279082389,6.338441279082389,0.0,1,1,,,,,False,True,True
pg:scenarionet_v1:PGMap-2920136,pg,train,ok,-2.082302565587388,2.082302565587419,9.769962616701378e-15,1,1,,,,,False,False,False
pg:scenarionet_v1:PGMap-2920140,pg,train,ok,-5.709831645575518,1.9197099060008034,1.7763568394002505e-15,2,1,2.371060463848722,4.290770369849525,16.996607024778072,LANE_SURFACE_STREET,False,True,False
pg:scenarionet_v1:PGMap-2920141,pg,train,ok,-4.872202323996362,4.872202323996348,0.0,1,1,,,,,False,True,True
pg:scenarionet_v1:PGMap-2920158,pg,train,ok,-1.8635600846964877,5.590680254089463,0.0,1,1,,,,,False,False,True
pg:scenarionet_v1:PGMap-2920168,pg,train,ok,-2.0919373590161,2.0919373590161,0.0,1,1,,,,,False,False,False
pg:scenarionet_v1:PGMap-2920190,pg,test,ok,-1.5522107751926977,7.765925859690353,1.1546319456101628e-14,1,1,,,,,False,False,True
pg:scenarionet_v1:PGMap-2920204,pg,train,ok,-1.9748950474630078,9.874475237315067,0.0,1,1,,,,,False,False,True
pg:scenarionet_v1:PGMap-2920237,pg,train,ok,-5.410643531384224,5.410643531384225,8.881784197001252e-16,1,1,,,,,False,True,True
pg:scenarionet_v1:PGMap-2920249,pg,train,ok,-1.6174607005183503,4.852382101555051,0.0,1,1,,,,,False,False,True
pg:scenarionet_v1:PGMap-2920260,pg,train,ok,-6.269698663624158,2.0917801998768355,3.552713678800501e-15,1,1,,,,,False,True,False
pg:scenarionet_v1:PGMap-2920274,pg,train,ok,-1.737130315860446,8.685651579302172,1.2434497875801753e-14,1,1,,,,,False,False,True
pg:scenarionet_v1:PGMap-2920279,pg,train,ok,-1.5575426458943156,1.5575426458943014,0.0,1,1,,,,,False,False,False
pg:scenarionet_v1:PGMap-2920284,pg,train,ok,-1.8503886185975489,1.8503886185975627,4.440892098500626e-16,1,1,,,,,False,False,False
pg:scenarionet_v1:PGMap-2920288,pg,train,ok,-1.809473491696024,8.759256075133507,8.881784197001252e-16,2,2,25.670452427089558,34.429708502223065,38.810043483795766,LANE_SURFACE_STREET,False,False,True
pg:scenarionet_v1:PGMap-2920301,pg,train,ok,-2.220557959659075,6.661673878977226,0.0,1,1,,,,,False,False,True
pg:scenarionet_v1:PGMap-2920312,pg,train,ok,-2.1471425359237166,2.147142535923681,3.552713678800501e-15,1,1,,,,,False,False,False
pg:scenarionet_v1:PGMap-2920313,pg,train,ok,-2.046058591945183,2.046058591945183,0.0,1,1,,,,,False,False,False
pg:scenarionet_v1:PGMap-2920317,pg,train,ok,-2.231012345505704,2.2310123455056896,0.0,1,1,,,,,False,False,False
pg:scenarionet_v1:PGMap-2920326,pg,train,ok,-2.2429743352356732,11.22599830678437,7.105427357601002e-15,1,1,,,,,False,False,True
pg:scenarionet_v1:PGMap-2920328,pg,train,ok,-8.593105170947922,1.7186210341895816,0.0,1,1,,,,,False,True,False
pg:scenarionet_v1:PGMap-2920329,pg,train,ok,-1.735806208224247,1.7358062082242465,4.440892098500626e-16,1,1,,,,,False,False,False
pg:scenarionet_v1:PGMap-2920336,pg,train,ok,-6.724080810726946,6.724080810726945,8.881784197001252e-16,1,1,,,,,False,True,True
pg:scenarionet_v1:PGMap-29920000,pg,train,ok,-3.682479172450428,9.292629911833956,0.0,1,1,,,,,False,True,True
pg:scenarionet_v1:PGMap-29920056,pg,train,ok,-1.5583682339894418,1.5751191893437113,1.7763568394002505e-15,4,3,0.23460430316290903,1.8097234925066203,7.182653880917044,LANE_SURFACE_STREET,False,False,False
pg:scenarionet_v1:PGMap-29920078,pg,train,ok,-2.0998913001996744,10.467597213096726,1.7763568394002505e-15,1,1,,,,,False,False,True
pg:scenarionet_v1:PGMap-29920081,pg,train,ok,-16.553285922952682,4.905259191638721,8.881784197001252e-16,3,2,17.976688420195202,-52.01706931444214,-34.529974343147884,LANE_SURFACE_STREET,False,True,True
pg:scenarionet_v1:PGMap-29920087,pg,train,ok,-9.597431964334447,1.9194863928669008,0.0,1,1,,,,,False,True,False
pg:scenarionet_v1:PGMap-29920100,pg,train,ok,-5.811732061018042,1.9372440203393568,7.993605777301127e-15,1,1,,,,,False,True,False
pg:scenarionet_v1:PGMap-29920105,pg,train,ok,-10.620272783687668,8.651009330553833,0.0,3,3,0.033484194220747554,-14.383729669592341,-10.653756977908415,LANE_SURFACE_UNSTRUCTURE,False,True,True
pg:scenarionet_v1:PGMap-29920107,pg,train,ok,-4.824428687570347,1.6081428958567736,8.881784197001252e-16,1,1,,,,,False,True,False
pg:scenarionet_v1:PGMap-29920115,pg,train,ok,-5.072966610944948,58.52791096251992,7.105427357601002e-15,2,2,4.442870616966286,-48.381977740629935,-9.515837227911234,LANE_SURFACE_STREET|LANE_SURFACE_UNSTRUCTURE,False,True,True
pg:scenarionet_v1:PGMap-29920130,pg,test,ok,-7.506575461270685,7.888495631728219,0.0,3,3,0.025520744075635093,-14.473023872310165,-7.5320962053463205,LANE_SURFACE_UNSTRUCTURE,False,True,True
pg:scenarionet_v1:PGMap-29920168,pg,train,ok,-1.8950586985319475,5.6851760955957324,1.0658141036401503e-14,1,1,,,,,False,False,True
pg:scenarionet_v1:PGMap-29920185,pg,train,ok,-48.01892443069961,57.07569772279853,1.4210854715202004e-14,1,2,,,,,False,True,True
pg:scenarionet_v1:PGMap-29920191,pg,train,ok,-4.8084071195640234,4.808407119564009,0.0,1,1,,,,,False,True,True
pg:scenarionet_v1:PGMap-29920195,pg,test,ok,-2.1533981496651267,10.766990748325695,4.440892098500626e-15,1,1,,,,,False,False,True
pg:scenarionet_v1:PGMap-29920243,pg,train,ok,-8.857020270726366,1.7714040541452931,0.0,1,1,,,,,False,True,False
pg:scenarionet_v1:PGMap-29920246,pg,train,ok,-1.589365886364618,4.768097659093868,0.0,2,2,1.2513997078973205,-6.068534428337955,-2.8407655942619385,LANE_SURFACE_STREET,False,False,True
pg:scenarionet_v1:PGMap-29920277,pg,train,ok,-19.48302395868592,2.12075598967148,0.0,1,1,,,,,False,True,False
pg:scenarionet_v1:PGMap-29920281,pg,train,ok,-8.763500842614533,1.7527001685229209,0.0,2,2,3.8075156833102426,-16.130493313474332,-12.571016525924776,LANE_SURFACE_STREET,False,True,False
pg:scenarionet_v1:PGMap-29920292,pg,train,ok,-1.6372241874422713,1.6372241874422562,8.881784197001252e-16,1,1,,,,,False,False,False
pg:scenarionet_v1:PGMap-29920293,pg,train,ok,-1.8955558992022263,9.477779496011161,5.329070518200751e-15,2,2,4.536695896913538,-10.237625572291705,-6.432251796115764,LANE_SURFACE_STREET,False,False,True
pg:scenarionet_v1:PGMap-29920311,pg,train,ok,-6.601380214932029,3.999733528547592,6.217248937900877e-15,2,2,91.57974712794389,95.57948065649148,99.99999999999997,LANE_SURFACE_STREET,False,True,True
pg:scenarionet_v1:PGMap-29920319,pg,train,ok,-4.719602888410876,1.5732009628036252,0.0,1,1,,,,,False,True,False
pg:scenarionet_v1:PGMap-29920329,pg,test,ok,-5.143325474010322,1.7144418246701167,3.552713678800501e-15,1,1,,,,,False,True,False
pg:scenarionet_v1:PGMap-29920330,pg,train,ok,-5.487865329514946,25.63430754537322,0.0,2,2,0.1946921921071123,-15.461223703239526,-5.6825575216220585,LANE_SURFACE_UNSTRUCTURE,False,True,True
pg:scenarionet_v1:PGMap-29920337,pg,train,ok,-5.955700843103034,1.985233614367688,2.6645352591003757e-15,1,1,,,,,False,True,False
pg:scenarionet_v1:PGMap-29920343,pg,train,ok,-5.890589418386797,3.357235412786082,8.881784197001252e-16,1,1,,,,,False,True,True
pg:scenarionet_v1:PGMap-29920344,pg,train,ok,-2.131332271585336,10.656661357926751,0.0,1,1,,,,,False,False,True
pg:scenarionet_v1:PGMap-29920350,pg,train,ok,-2.2147308598058055,6.644192579417415,6.217248937900877e-15,1,1,,,,,False,False,True
pg:scenarionet_v1:PGMap-29920351,pg,train,ok,-1.726431615932667,20.602914919531308,7.105427357601002e-15,2,1,44.60101269380548,65.20392761333679,80.06833405571027,LANE_SURFACE_STREET,False,False,True
pg:scenarionet_v1:PGMap-29920353,pg,train,ok,-1.6059365458798147,16.575006804667822,6.661338147750939e-16,2,1,38.07863409047022,54.65364089513804,66.74129748910224,LANE_SURFACE_STREET,False,False,True
pg:scenarionet_v1:PGMap-29920363,pg,train,ok,-5.003432191910477,1.6678107306368166,4.440892098500626e-16,2,2,4.688343312361965,-13.027396965546103,-9.691775504272442,LANE_SURFACE_STREET,False,True,False
pg:scenarionet_v1:PGMap-29920368,pg,train,ok,-20.12624055297836,2.0285502288674735,0.0,1,1,,,,,False,True,False
pg:scenarionet_v1:PGMap-29920414,pg,train,ok,-6.141971109317617,3.8113060614988745,7.993605777301127e-15,1,1,,,,,False,True,True
pg:scenarionet_v1:PGMap-29920446,pg,train,ok,-5.160510812021485,8.686542665478655,0.0,1,1,,,,,False,True,True
pg:scenarionet_v1:PGMap-29920451,pg,train,ok,-10.62876130787825,23.41863850148944,0.0,2,2,0.02570721693226119,-14.562391225333926,-10.654468524810511,LANE_SURFACE_UNSTRUCTURE,False,True,True
pg:scenarionet_v1:PGMap-29920454,pg,test,ok,-2.4216444407379,5.286536692029268,7.105427357601002e-15,2,1,66.57835555926215,-91.22359801769713,-69.00000000000004,LANE_SURFACE_STREET,False,False,True
pg:scenarionet_v1:PGMap-29920464,pg,train,ok,-11.580787997297534,24.811811410544166,0.0,2,2,0.03254984709627706,24.844361257640443,29.549330002173406,LANE_SURFACE_UNSTRUCTURE,False,True,True
pg:scenarionet_v1:PGMap-29920505,pg,train,ok,-53.54337149745816,56.31505724618734,7.105427357601002e-15,1,1,,,,,False,True,True
pg:scenarionet_v1:PGMap-29920509,pg,train,ok,-1.8357248788400018,5.507174636519933,1.2434497875801753e-14,2,2,4.230188482133424,-9.77667454544708,-6.0659133609734255,LANE_SURFACE_STREET,False,False,True
pg:scenarionet_v1:PGMap-29920516,pg,train,ok,-1.698663586500743,8.493317932503757,0.0,1,1,,,,,False,False,True
pg:scenarionet_v1:PGMap-29920522,pg,train,ok,-1.594236284587197,26.942362845871926,0.0,2,2,0.5984388461122307,-11.271839583736735,-2.1926751306994277,LANE_SURFACE_UNSTRUCTURE,False,False,True
pg:scenarionet_v1:PGMap-29920525,pg,train,ok,-4.917855331726258,11.995498147295592,0.0,2,2,44.51275756042767,56.508255707723265,66.19671548005613,LANE_SURFACE_STREET,False,True,True
pg:scenarionet_v1:PGMap-29920540,pg,train,ok,-9.514970781362322,21.10545049857147,0.0,2,2,0.014697147003971622,-17.73779198929752,-9.529667928366294,LANE_SURFACE_UNSTRUCTURE,False,True,True
pg:scenarionet_v1:PGMap-29920564,pg,train,ok,-5.030917610462197,9.61716738384854,1.7763568394002505e-15,2,2,91.03694031736596,-100.0,-96.06785792782816,LANE_SURFACE_STREET,False,True,True
pg:scenarionet_v1:PGMap-29920582,pg,test,ok,-5.441016510538148,1.5236727976622149,0.0,1,1,,,,,False,True,False
pg:scenarionet_v1:PGMap-29920586,pg,train,ok,-4.868797547282791,19.971083485564854,7.105427357601002e-15,2,1,50.73864567105887,70.70972915662372,86.27094833243282,LANE_SURFACE_STREET,False,True,True
pg:scenarionet_v1:PGMap-29920597,pg,train,ok,-1.8511063921819044,1.8511063921818902,0.0,1,1,,,,,False,False,False
pg:scenarionet_v1:PGMap-29920627,pg,train,ok,-2.228349251599675,2.228349251599688,7.549516567451064e-15,1,1,,,,,False,False,False
pg:scenarionet_v1:PGMap-29920637,pg,test,ok,-1.8921276346755276,9.437628605055721,1.4210854715202004e-14,1,1,,,,,False,False,True
pg:scenarionet_v1:PGMap-29920652,pg,train,ok,-8.043911536353022,1.6087823072706025,8.881784197001252e-16,2,2,3.0311953549258277,-17.435129229082406,-11.07510689127885,LANE_SURFACE_UNSTRUCTURE,False,True,False
pg:scenarionet_v1:PGMap-29920660,pg,train,ok,-2.1164005635014265,6.349201690504286,1.5987211554602254e-14,1,1,,,,,False,False,True
pg:scenarionet_v1:PGMap-29920662,pg,train,ok,-1.7960524898895778,8.980262449447867,3.552713678800501e-15,1,1,,,,,False,False,True
pg:scenarionet_v1:PGMap-29920687,pg,train,ok,-5.659470468097231,1.8864901560323828,3.375077994860476e-14,1,1,,,,,False,True,False
pg:scenarionet_v1:PGMap-29920690,pg,train,ok,-1.9340149227089125,5.802044768126585,2.1316282072803006e-14,1,1,,,,,False,False,True
pg:scenarionet_v1:PGMap-29920706,pg,train,ok,-2.077934626599628,9.147311133602116,0.0,1,1,,,,,False,False,True
pg:scenarionet_v1:PGMap-29920728,pg,train,ok,-4.7820484042599904,5.2416152638451035,8.881784197001252e-15,3,2,0.022177948302074313,5.263793212147178,13.343982765844117,LANE_SURFACE_STREET,False,True,True
pg:scenarionet_v1:PGMap-29920750,pg,train,ok,-1.9806994572730083,1.9806994572730325,1.0658141036401503e-14,1,1,,,,,False,False,False
pg:scenarionet_v1:PGMap-29920757,pg,train,ok,-2.1955380829348425,30.15350041891655,1.4210854715202004e-14,2,1,58.186114526974976,88.33961494589153,100.00000000000003,LANE_SURFACE_STREET,False,False,True
pg:scenarionet_v1:PGMap-29920765,pg,train,ok,-10.7194425699503,2.1438885139900523,3.552713678800501e-15,2,2,2.335947460930516,-17.409312930924173,-13.055390030880815,LANE_SURFACE_STREET,False,True,False
pg:scenarionet_v1:PGMap-29920772,pg,train,ok,-14.453507737187337,10.72530563742973,3.552713678800501e-15,3,2,0.025796958205177134,-42.546953170908985,-14.479304695392514,LANE_SURFACE_STREET|LANE_SURFACE_UNSTRUCTURE,False,True,True
pg:scenarionet_v1:PGMap-29920785,pg,train,ok,-11.462303882780574,1.6374719832543718,0.0,1,1,,,,,False,True,False
pg:scenarionet_v1:PGMap-29920797,pg,train,ok,-15.224404191013221,3.552500725776511,0.0,1,1,,,,,False,True,True
pg:scenarionet_v1:PGMap-29920800,pg,train,ok,-20.391814389510614,2.1570315323144627,0.0,1,1,,,,,False,True,False
pg:scenarionet_v1:PGMap-29920807,pg,train,ok,-45.00000000000006,65.16056324335784,7.105427357601002e-15,1,1,,,,,False,True,True
pg:scenarionet_v1:PGMap-29920810,pg,train,ok,-1.6612928390443071,5.228971025441097,8.881784197001252e-16,2,1,0.943132338069419,6.172103363510516,10.099759087436937,LANE_SURFACE_STREET,False,False,True
pg:scenarionet_v1:PGMap-29920817,pg,train,ok,-6.271061777429225,2.0956294134292492,1.3322676295501878e-15,1,1,,,,,False,True,False
pg:scenarionet_v1:PGMap-29920838,pg,train,ok,-15.892823613288044,27.44720550882613,0.0,1,1,,,,,False,True,True
pg:scenarionet_v1:PGMap-29920843,pg,train,ok,-16.404235717864665,5.939238761579844,0.0,3,3,0.037624050460379976,-20.27119526501437,-16.441859768325045,LANE_SURFACE_UNSTRUCTURE,False,True,True
pg:scenarionet_v1:PGMap-29920851,pg,train,ok,-1.9360427938077587,1.9120039352798206,7.549516567451064e-15,1,1,,,,,False,False,False
pg:scenarionet_v1:PGMap-29920861,pg,train,ok,-10.933679057147756,2.186735811429557,0.0,1,1,,,,,False,True,False
pg:scenarionet_v1:PGMap-29920887,pg,train,ok,-14.388774407217099,7.677600032279912,0.0,2,2,5.9825788887158495,13.660178920995762,23.397635396213474,LANE_SURFACE_UNSTRUCTURE,False,True,True
pg:scenarionet_v1:PGMap-29920900,pg,train,ok,-52.83889959003778,56.758349385056675,0.0,1,1,,,,,False,True,True
pg:scenarionet_v1:PGMap-29920913,pg,train,ok,-2.1471665992772113,4.496466927054827,1.7763568394002505e-15,2,1,20.188042436989974,24.6845093640448,29.833764372919944,LANE_SURFACE_STREET,False,False,True
pg:scenarionet_v1:PGMap-29920926,pg,train,ok,-20.17088810461395,2.211655849174747,0.0,1,1,,,,,False,True,False
pg:scenarionet_v1:PGMap-29920949,pg,test,ok,-13.662775001025665,2.070727061743156,0.0,1,1,,,,,False,True,False
pg:scenarionet_v1:PGMap-29920959,pg,train,ok,-10.949450705576439,10.59638737445134,0.0,2,2,40.07703559326073,50.67342296771207,58.27632139625726,LANE_SURFACE_STREET,False,True,True
pg:scenarionet_v1:PGMap-29920981,pg,train,ok,-5.015105652189092,1.6717018840630264,4.440892098500626e-16,1,1,,,,,False,True,False
pg:scenarionet_v1:PGMap-29921002,pg,train,ok,-10.564331156411033,2.1128662312822004,1.1102230246251565e-14,1,1,,,,,False,True,False
pg:scenarionet_v1:PGMap-29921009,pg,test,ok,-9.68386851565339,1.936773703130715,3.552713678800501e-15,2,2,74.55448341898773,76.49125712211844,88.1118993409026,LANE_SURFACE_STREET,False,True,False
pg:scenarionet_v1:PGMap-29921034,pg,train,ok,-15.18058048874093,21.22474432492882,0.0,2,2,0.06069659673389083,21.285440921662712,24.109912018305295,LANE_SURFACE_UNSTRUCTURE,False,True,True
pg:scenarionet_v1:PGMap-29921067,pg,train,ok,-15.601677291404556,5.821639669921879,0.0,3,3,0.0438004953647777,-19.39058829877503,-15.645477786769334,LANE_SURFACE_UNSTRUCTURE,False,True,True
pg:scenarionet_v1:PGMap-29921075,pg,train,ok,-1.961495396596462,5.8844861897894685,1.7763568394002505e-15,1,1,,,,,False,False,True
pg:scenarionet_v1:PGMap-29921093,pg,test,ok,-6.592259577180906,6.571239469727212,8.881784197001252e-15,1,1,,,,,False,True,True
pg:scenarionet_v1:PGMap-29921131,pg,train,ok,-9.808076043219742,1.9616152086439493,8.881784197001252e-16,1,1,,,,,False,True,False
pg:scenarionet_v1:PGMap-29921137,pg,train,ok,-17.24572599115986,4.857345278239135,1.7763568394002505e-15,3,2,9.022305119985575,-51.72500490555086,-26.268031111145433,LANE_SURFACE_STREET,False,True,True
pg:scenarionet_v1:PGMap-29921157,pg,train,ok,-10.876260965846674,2.1752521931693085,8.881784197001252e-15,1,1,,,,,False,True,False
pg:scenarionet_v1:PGMap-29921160,pg,train,ok,-5.059327406875476,1.6864424689585542,7.993605777301127e-15,1,1,,,,,False,True,False
pg:scenarionet_v1:PGMap-29921166,pg,train,ok,-12.627331622947594,23.40607173257976,0.0,2,2,0.6113669545842839,-14.571291095518134,-13.238698577531878,LANE_SURFACE_UNSTRUCTURE,False,True,True
pg:scenarionet_v1:PGMap-29921172,pg,train,ok,-9.707407675982717,1.9414815351965702,2.5757174171303632e-14,1,1,,,,,False,True,False
pg:scenarionet_v1:PGMap-29921177,pg,train,ok,-1.8971480883621976,1.8971480883621976,3.1086244689504383e-15,1,1,,,,,False,False,False
pg:scenarionet_v1:PGMap-29921180,pg,train,ok,-19.70978879804725,3.7375508841614495,7.105427357601002e-15,2,2,16.212639432349945,19.950190316511396,23.71413945867154,LANE_SURFACE_UNSTRUCTURE,False,True,True
pg:scenarionet_v1:PGMap-29921232,pg,train,ok,-8.4976504007301,1.699530080146042,5.329070518200751e-15,1,1,,,,,False,True,False
pg:scenarionet_v1:PGMap-29921234,pg,test,ok,-6.259544361616027,6.259544361615968,1.1546319456101628e-14,1,1,,,,,False,True,True
pg:scenarionet_v1:PGMap-29921302,pg,train,ok,-2.3659609164290885,2.1735463285211125,0.0,1,1,,,,,False,False,False
pg:scenarionet_v1:PGMap-29921307,pg,train,ok,-2.0167886241728894,2.0167886241728894,0.0,1,1,,,,,False,False,False
pg:scenarionet_v1:PGMap-29921309,pg,test,ok,-9.6689201942674,1.9337840388534886,0.0,1,1,,,,,False,True,False
pg:scenarionet_v1:PGMap-29921381,pg,test,ok,-1.991606212008882,9.962715663253817,1.4210854715202004e-14,1,1,,,,,False,False,True
pg:scenarionet_v1:PGMap-29921384,pg,train,ok,-5.361885553302244,5.361885553302215,8.881784197001252e-16,1,1,,,,,False,True,True
pg:scenarionet_v1:PGMap-29921390,pg,train,ok,-4.6774074267530485,18.593885132673805,8.881784197001252e-16,2,1,67.70186542922652,86.29575056190032,99.99999999999997,LANE_SURFACE_STREET,False,True,True
pg:scenarionet_v1:PGMap-29921407,pg,train,ok,-10.339247608817617,2.06784952176352,1.7763568394002505e-15,2,2,3.3582788526916527,-17.89702532905703,-13.69752646150927,LANE_SURFACE_STREET,False,True,False
pg:scenarionet_v1:PGMap-29921410,pg,train,ok,-1.5670639784911307,9.635890583296774,3.774758283725532e-15,3,2,15.257222714813619,24.893113298110393,33.28934133961528,LANE_SURFACE_STREET,False,False,True
pg:scenarionet_v1:PGMap-29921444,pg,train,ok,-5.1085178467263095,1.7028392822420795,5.329070518200751e-15,1,1,,,,,False,True,False
pg:scenarionet_v1:PGMap-29921468,pg,train,ok,-4.955333997001013,4.955333997001014,2.1316282072803006e-14,1,1,,,,,False,True,True
pg:scenarionet_v1:PGMap-29921471,pg,train,ok,-1.5457205513998957,7.728602756999464,0.0,2,1,5.011310268149259,-11.62332043208923,-6.557030819549155,LANE_SURFACE_UNSTRUCTURE,False,False,True
pg:scenarionet_v1:PGMap-29921476,pg,train,ok,-19.181215797951143,6.243452755998563,3.552713678800501e-15,1,1,,,,,False,True,True
pg:scenarionet_v1:PGMap-29921485,pg,test,ok,-9.653229183790001,5.984561393597232,1.7763568394002505e-15,3,2,0.01590393735470741,6.00046533095194,15.963860242940015,LANE_SURFACE_STREET,False,True,True
pg:scenarionet_v1:PGMap-29921503,pg,train,ok,-5.932299314903581,9.887165524839304,7.105427357601002e-15,1,1,,,,,False,True,True
pg:scenarionet_v1:PGMap-29921504,pg,train,ok,-8.123837513407667,13.23507208330378,3.552713678800501e-15,2,1,23.335560702218114,36.570632785521894,61.8010979566202,LANE_SURFACE_STREET,False,True,True
pg:scenarionet_v1:PGMap-29921508,pg,train,ok,-10.981305639792708,2.1093310941710115,0.0,1,1,,,,,False,True,False
pg:scenarionet_v1:PGMap-29921516,pg,train,ok,-2.2262481699196877,2.226248169919683,1.6431300764452317e-14,1,1,,,,,False,False,False
pg:scenarionet_v1:PGMap-29921521,pg,train,ok,-10.485159389139236,2.097031877827847,1.5987211554602254e-14,1,1,,,,,False,True,False
pg:scenarionet_v1:PGMap-29921524,pg,train,ok,-1.9190143162439872,5.670063077429714,2.6645352591003757e-15,2,2,4.2064411666193005,-19.398774265315453,-6.125455482863288,LANE_SURFACE_STREET|LANE_SURFACE_UNSTRUCTURE,False,False,True
pg:scenarionet_v1:PGMap-29921569,pg,train,ok,-11.08582890231849,2.2171657804637324,2.1316282072803006e-14,1,1,,,,,False,True,False
pg:scenarionet_v1:PGMap-29921572,pg,train,ok,-1.8122646562425633,9.06132328121292,1.7763568394002505e-15,1,1,,,,,False,False,True
pg:scenarionet_v1:PGMap-29921581,pg,train,ok,-5.773601280218671,5.773601280218671,0.0,1,1,,,,,False,True,True
pg:scenarionet_v1:PGMap-29921592,pg,train,ok,-1.603480356157874,8.017401780789356,0.0,1,1,,,,,False,False,True
pg:scenarionet_v1:PGMap-29921609,pg,train,ok,-6.365243667194105,2.1217478890646553,1.1546319456101628e-14,1,1,,,,,False,True,False
pg:scenarionet_v1:PGMap-29921617,pg,train,ok,-1.5663590224816346,1.5663590224816062,0.0,1,1,,,,,False,False,False
pg:scenarionet_v1:PGMap-29921618,pg,test,ok,-4.671829820604437,18.78872909866659,7.105427357601002e-15,2,1,41.33883118439199,60.127560283058585,84.64964830767377,LANE_SURFACE_STREET,False,True,True
pg:scenarionet_v1:PGMap-29921624,pg,train,ok,-7.921222563034732,1.5842445126069435,0.0,1,1,,,,,False,True,False
pg:scenarionet_v1:PGMap-29921626,pg,train,ok,-15.944169102397268,19.180021071135783,0.0,1,1,,,,,False,True,True
pg:scenarionet_v1:PGMap-29921627,pg,train,ok,-5.744012251994789,5.744012251994789,0.0,1,1,,,,,False,True,True
pg:scenarionet_v1:PGMap-29921630,pg,train,ok,-7.781744819801955,1.8283811360284412,1.3322676295501878e-14,1,1,,,,,False,True,False
pg:scenarionet_v1:PGMap-29921652,pg,train,ok,-4.661565362992999,4.661565362992948,3.552713678800501e-15,1,1,,,,,False,True,True
pg:scenarionet_v1:PGMap-29921673,pg,train,ok,-9.83758541165848,14.345851034179132,1.7763568394002505e-15,2,1,22.039727467828982,36.385578502008116,67.84126302724417,LANE_SURFACE_STREET,False,True,True
pg:scenarionet_v1:PGMap-29921678,pg,train,ok,-2.226513045039638,2.226513045039666,1.3766765505351941e-14,1,1,,,,,False,False,False
pg:scenarionet_v1:PGMap-29921699,pg,train,ok,-1.7394514725351309,8.697257362675849,7.105427357601002e-15,1,1,,,,,False,False,True
pg:scenarionet_v1:PGMap-29921703,pg,test,ok,-18.815104232271892,21.1195389535999,0.0,1,1,,,,,False,True,True
pg:scenarionet_v1:PGMap-29921711,pg,test,ok,-11.559020770711754,2.1764966617076738,0.0,1,1,,,,,False,True,False
pg:scenarionet_v1:PGMap-3000000,pg,validation,ok,-8.173625968076491,1.634725193615287,8.881784197001252e-15,1,1,,,,,False,True,False
pg:scenarionet_v1:PGMap-3000001,pg,test,ok,-6.328772692815259,2.109590897605025,6.217248937900877e-15,1,1,,,,,False,True,False
pg:scenarionet_v1:PGMap-3000010,pg,test,ok,-1.7760947787986285,5.328284336395874,8.215650382226158e-15,1,1,,,,,False,False,True
pg:scenarionet_v1:PGMap-3000011,pg,train,ok,-6.083421654317796,2.027807218105989,1.199040866595169e-14,1,1,,,,,False,True,False
pg:scenarionet_v1:PGMap-3000012,pg,test,ok,-4.639320118380516,1.5464400394601625,5.329070518200751e-15,1,1,,,,,False,True,False
pg:scenarionet_v1:PGMap-3000014,pg,test,ok,-2.0181636236112723,6.054490870833803,0.0,1,1,,,,,False,False,True
pg:scenarionet_v1:PGMap-3000015,pg,test,ok,-1.8343618995162982,5.503085698548949,5.329070518200751e-15,1,1,,,,,False,False,True
pg:scenarionet_v1:PGMap-3000017,pg,test,ok,-4.946485453846506,1.6488284846155206,4.440892098500626e-16,1,1,,,,,False,True,False
pg:scenarionet_v1:PGMap-3000020,pg,test,ok,-1.5816768808704467,4.745030642611397,0.0,1,1,,,,,False,False,True
pg:scenarionet_v1:PGMap-3000021,pg,validation,ok,-5.514697587565823,5.514697587565798,7.993605777301127e-15,1,1,,,,,False,True,True
pg:scenarionet_v1:PGMap-3000023,pg,train,ok,-10.115854235100805,2.023170847020173,7.105427357601002e-15,1,1,,,,,False,True,False
pg:scenarionet_v1:PGMap-3000024,pg,validation,ok,-6.0012269021682165,2.0004089673894385,5.773159728050814e-15,1,1,,,,,False,True,False
pg:scenarionet_v1:PGMap-3000025,pg,test,ok,-4.651432957904415,1.55047765263481,1.3322676295501878e-14,1,1,,,,,False,True,False
pg:scenarionet_v1:PGMap-3000027,pg,validation,ok,-6.212558242030383,2.070852747343494,0.0,1,1,,,,,False,True,False
pg:scenarionet_v1:PGMap-3000031,pg,test,ok,-5.699878099968247,5.69987809996822,3.552713678800501e-15,1,1,,,,,False,True,True
pg:scenarionet_v1:PGMap-3000034,pg,train,ok,-1.9103631883159693,5.731089564947922,0.0,1,1,,,,,False,False,True
pg:scenarionet_v1:PGMap-3000035,pg,test,ok,-1.9136247420693877,5.740874226208177,0.0,1,1,,,,,False,False,True
pg:scenarionet_v1:PGMap-3000036,pg,test,ok,-6.386275252095898,2.1287584173653076,3.1086244689504383e-15,1,1,,,,,False,True,False
pg:scenarionet_v1:PGMap-3000038,pg,train,ok,-6.198091434496122,6.198091434496122,1.7763568394002505e-15,1,1,,,,,False,True,True
pg:scenarionet_v1:PGMap-3000044,pg,validation,ok,-2.085694886701463,6.2570846601044465,7.105427357601002e-15,1,1,,,,,False,False,True
pg:scenarionet_v1:PGMap-3000049,pg,test,ok,-1.8214576773023907,5.464373031907186,0.0,1,1,,,,,False,False,True
pg:scenarionet_v1:PGMap-3000051,pg,train,ok,-5.572591961560242,1.8575306538533913,7.105427357601002e-15,1,1,,,,,False,True,False
pg:scenarionet_v1:PGMap-3000053,pg,train,ok,-10.95229700940016,2.1904594018800054,2.842170943040401e-14,1,1,,,,,False,True,False
pg:scenarionet_v1:PGMap-3000055,pg,test,ok,-4.759248734381023,1.5864162447936858,1.9539925233402755e-14,1,1,,,,,False,True,False
pg:scenarionet_v1:PGMap-3000057,pg,test,ok,-1.84689499777505,9.234474988875377,2.6645352591003757e-15,1,1,,,,,False,False,True
pg:scenarionet_v1:PGMap-3000058,pg,test,ok,-1.5953830641384266,7.976915320692014,4.884981308350689e-15,1,1,,,,,False,False,True
pg:scenarionet_v1:PGMap-3000059,pg,train,ok,-6.73651698621193,2.245505662070639,5.329070518200751e-15,1,1,,,,,False,True,False
pg:scenarionet_v1:PGMap-3000063,pg,train,ok,-1.7409747474236923,5.222924242271063,0.0,1,1,,,,,False,False,True
pg:scenarionet_v1:PGMap-3000066,pg,validation,ok,-2.0094760467949584,6.028428140384847,0.0,1,1,,,,,False,False,True
pg:scenarionet_v1:PGMap-3000067,pg,test,ok,-1.651109130599327,8.25554565299654,1.0436096431476471e-14,1,1,,,,,False,False,True
pg:scenarionet_v1:PGMap-3000072,pg,train,ok,-2.2178819200255675,11.089409600127706,3.419486915845482e-14,1,1,,,,,False,False,True
pg:scenarionet_v1:PGMap-3000074,pg,train,ok,-2.24039709370837,11.201985468541963,3.1086244689504383e-15,1,1,,,,,False,False,True
pg:scenarionet_v1:PGMap-3000075,pg,train,ok,-1.963733826441704,9.818669132208548,7.105427357601002e-15,1,1,,,,,False,False,True
pg:scenarionet_v1:PGMap-3000077,pg,test,ok,-1.522305386568604,4.5669161597058405,0.0,1,1,,,,,False,False,True
pg:scenarionet_v1:PGMap-3000078,pg,test,ok,-4.988817236824432,1.6629390789414809,3.774758283725532e-15,1,1,,,,,False,True,False
pg:scenarionet_v1:PGMap-3000079,pg,test,ok,-1.5950297802052207,7.975148901026165,1.9539925233402755e-14,1,1,,,,,False,False,True
pg:scenarionet_v1:PGMap-3000082,pg,test,ok,-5.616413026702107,5.61641302670217,6.217248937900877e-15,1,1,,,,,False,True,True
pg:scenarionet_v1:PGMap-3000084,pg,test,ok,-2.237841967401806,11.189209837009003,0.0,1,1,,,,,False,False,True
pg:scenarionet_v1:PGMap-3000086,pg,train,ok,-5.193326202993449,1.7356681175103996,1.7763568394002505e-15,1,1,,,,,False,True,False
pg:scenarionet_v1:PGMap-3000087,pg,test,ok,-1.670410445961044,5.011231337883052,9.325873406851315e-15,1,1,,,,,False,False,True
pg:scenarionet_v1:PGMap-3000088,pg,test,ok,-5.912943186626389,1.9709810622087622,1.6431300764452317e-14,1,1,,,,,False,True,False
pg:scenarionet_v1:PGMap-3000090,pg,test,ok,-5.324515603188813,1.7748385343962738,7.105427357601002e-15,1,1,,,,,False,True,False
pg:scenarionet_v1:PGMap-3000093,pg,validation,ok,-2.045857375774472,10.2292868788723,2.6645352591003757e-14,1,1,,,,,False,False,True
pg:scenarionet_v1:PGMap-3000096,pg,train,ok,-2.202801006736422,6.608403020209238,0.0,1,1,,,,,False,False,True
pg:scenarionet_v1:PGMap-3000097,pg,validation,ok,-6.594477071123696,2.198159023707863,4.440892098500626e-15,1,1,,,,,False,True,False
pg:scenarionet_v1:PGMap-3000098,pg,validation,ok,-6.2804729901997876,2.093490996733243,9.769962616701378e-15,1,1,,,,,False,True,False
pg:scenarionet_v1:PGMap-3000099,pg,test,ok,-1.9086452767786142,9.543226383892971,0.0,1,1,,,,,False,False,True
pg:scenarionet_v1:PGMap-3000100,pg,test,ok,-2.0324088590279246,10.162044295139609,0.0,1,1,,,,,False,False,True
pg:scenarionet_v1:PGMap-3000101,pg,train,ok,-2.014608424089062,6.0438252722671,8.881784197001252e-16,1,1,,,,,False,False,True
pg:scenarionet_v1:PGMap-3000104,pg,test,ok,-5.005515652879743,5.00551565287977,6.217248937900877e-15,1,1,,,,,False,True,True
pg:scenarionet_v1:PGMap-3000112,pg,validation,ok,-8.692133353211133,1.7384266706422125,0.0,1,1,,,,,False,True,False
pg:scenarionet_v1:PGMap-3000117,pg,test,ok,-2.0609001688423922,10.304500844211791,1.199040866595169e-14,1,1,,,,,False,False,True
pg:scenarionet_v1:PGMap-3000119,pg,train,ok,-2.0014336251106037,6.004300875331791,3.552713678800501e-15,1,1,,,,,False,False,True
pg:scenarionet_v1:PGMap-3000121,pg,train,ok,-1.7596240067520235,5.278872020256043,1.7763568394002505e-14,1,1,,,,,False,False,True
pg:scenarionet_v1:PGMap-3000122,pg,test,ok,-2.120402816188125,6.361208448564361,6.661338147750939e-15,1,1,,,,,False,False,True
pg:scenarionet_v1:PGMap-3000123,pg,train,ok,-5.622273242236046,5.622273242236046,1.7763568394002505e-15,1,1,,,,,False,True,True
pg:scenarionet_v1:PGMap-3000124,pg,test,ok,-5.888320994167375,1.962773664722501,3.9968028886505635e-15,1,1,,,,,False,True,False
pg:scenarionet_v1:PGMap-3000125,pg,train,ok,-5.484076965593431,5.484076965593431,0.0,1,1,,,,,False,True,True
pg:scenarionet_v1:PGMap-3000126,pg,test,ok,-1.9135539045085324,5.740661713525616,4.440892098500626e-15,1,1,,,,,False,False,True
pg:scenarionet_v1:PGMap-3000127,pg,train,ok,-8.018073640415693,1.6036147280831337,3.552713678800501e-15,1,1,,,,,False,True,False
pg:scenarionet_v1:PGMap-3000128,pg,train,ok,-2.0651246338706186,10.325623169353078,5.773159728050814e-15,1,1,,,,,False,False,True
pg:scenarionet_v1:PGMap-3000129,pg,test,ok,-1.8231150944964583,5.469345283489462,1.7763568394002505e-15,1,1,,,,,False,False,True
pg:scenarionet_v1:PGMap-3000133,pg,validation,ok,-2.1358419272416285,6.407525781724871,0.0,1,1,,,,,False,False,True
pg:scenarionet_v1:PGMap-3000135,pg,test,ok,-2.1624695534958676,10.812347767479324,0.0,1,1,,,,,False,False,True
pg:scenarionet_v1:PGMap-3000137,pg,test,ok,-8.090958498712775,1.6181916997425576,5.329070518200751e-15,1,1,,,,,False,True,False
pg:scenarionet_v1:PGMap-3000144,pg,test,ok,-2.061465890189538,6.184397670568643,0.0,1,1,,,,,False,False,True
pg:scenarionet_v1:PGMap-3000148,pg,train,ok,-1.7797276925242378,5.339183077572643,4.884981308350689e-15,1,1,,,,,False,False,True
pg:scenarionet_v1:PGMap-3000151,pg,test,ok,-5.301288231032027,1.7670960770106547,8.43769498715119e-15,1,1,,,,,False,True,False
pg:scenarionet_v1:PGMap-3000152,pg,test,ok,-6.2063482014176,6.206348201417544,1.0658141036401503e-14,1,1,,,,,False,True,True
pg:scenarionet_v1:PGMap-3000156,pg,test,ok,-1.5020442962361136,4.506132888708361,1.0658141036401503e-14,1,1,,,,,False,False,True
pg:scenarionet_v1:PGMap-3000164,pg,test,ok,-11.048743563185145,2.2097487126370425,1.0658141036401503e-14,1,1,,,,,False,True,False
pg:scenarionet_v1:PGMap-3000167,pg,validation,ok,-1.9830139923497683,9.91506996174887,0.0,1,1,,,,,False,False,True
pg:scenarionet_v1:PGMap-3000169,pg,validation,ok,-4.735900934868177,4.735900934868217,7.105427357601002e-15,1,1,,,,,False,True,True
pg:scenarionet_v1:PGMap-3000172,pg,validation,ok,-2.190758543910657,6.572275631731957,3.9968028886505635e-15,1,1,,,,,False,False,True
pg:scenarionet_v1:PGMap-3000176,pg,test,ok,-2.070229991199497,6.210689973598477,0.0,1,1,,,,,False,False,True
pg:scenarionet_v1:PGMap-3000177,pg,test,ok,-1.5713937414431134,4.714181224329299,2.4646951146678475e-14,1,1,,,,,False,False,True
pg:scenarionet_v1:PGMap-3000181,pg,test,ok,-9.139156352090104,1.8278312704180295,7.105427357601002e-15,1,1,,,,,False,True,False
pg:scenarionet_v1:PGMap-3000183,pg,train,ok,-5.807629759401721,5.807629759401757,6.217248937900877e-15,1,1,,,,,False,True,True
pg:scenarionet_v1:PGMap-3000184,pg,test,ok,-8.511229496926196,1.7022458993852605,8.881784197001252e-15,1,1,,,,,False,True,False
pg:scenarionet_v1:PGMap-3000188,pg,test,ok,-4.714341615713193,1.5714472052377462,1.4432899320127035e-14,1,1,,,,,False,True,False
pg:scenarionet_v1:PGMap-3000189,pg,validation,ok,-1.767841135601115,5.303523406803343,7.105427357601002e-15,1,1,,,,,False,False,True
pg:scenarionet_v1:PGMap-3000190,pg,train,ok,-9.820742500293122,1.9641485000586414,0.0,1,1,,,,,False,True,False
pg:scenarionet_v1:PGMap-3000193,pg,test,ok,-6.495414052884793,6.495414052884779,9.769962616701378e-15,1,1,,,,,False,True,True
pg:scenarionet_v1:PGMap-3000194,pg,test,ok,-6.337069914834435,2.1163027414540947,1.9539925233402755e-14,1,1,,,,,False,True,False
pg:scenarionet_v1:PGMap-3000196,pg,test,ok,-2.0140000053307725,6.042000015992234,4.440892098500626e-15,1,1,,,,,False,False,True
pg:scenarionet_v1:PGMap-3000198,pg,test,ok,-1.7825816971518829,8.9129084857594,1.5987211554602254e-14,1,1,,,,,False,False,True
pg:scenarionet_v1:PGMap-3000200,pg,test,ok,-4.633394081337309,4.633394081337315,8.881784197001252e-15,1,1,,,,,False,True,True
pg:scenarionet_v1:PGMap-3000201,pg,validation,ok,-2.0973293751272335,6.291988125381671,7.105427357601002e-15,1,1,,,,,False,False,True
pg:scenarionet_v1:PGMap-3000203,pg,test,ok,-9.55480753045424,1.9109615060908425,0.0,1,1,,,,,False,True,False
pg:scenarionet_v1:PGMap-3000205,pg,validation,ok,-4.846108460064599,4.8461084600646425,8.881784197001252e-16,1,1,,,,,False,True,True
pg:scenarionet_v1:PGMap-3000212,pg,train,ok,-2.2188502067031664,11.094251033515732,0.0,1,1,,,,,False,False,True
pg:scenarionet_v1:PGMap-3000213,pg,test,ok,-2.2046919725355973,11.023459862678006,3.552713678800501e-15,1,1,,,,,False,False,True
pg:scenarionet_v1:PGMap-3000216,pg,train,ok,-1.9910212125611007,5.973063637683302,7.993605777301127e-15,1,1,,,,,False,False,True
pg:scenarionet_v1:PGMap-3000218,pg,train,ok,-1.7923242489480746,5.376972746844252,6.217248937900877e-15,1,1,,,,,False,False,True
pg:scenarionet_v1:PGMap-3000221,pg,test,ok,-9.417941983055325,1.8835883966110591,3.552713678800501e-15,1,1,,,,,False,True,False
pg:scenarionet_v1:PGMap-3000223,pg,validation,ok,-6.314229772392579,2.104743257464193,0.0,1,1,,,,,False,True,False
pg:scenarionet_v1:PGMap-3000225,pg,test,ok,-5.3292946557389875,5.3292946557389875,3.552713678800501e-15,1,1,,,,,False,True,True
pg:scenarionet_v1:PGMap-3000226,pg,train,ok,-4.661128263035067,1.5537094210116749,0.0,1,1,,,,,False,True,False
pg:scenarionet_v1:PGMap-3000227,pg,test,ok,-2.037057385206751,6.111172155620267,0.0,1,1,,,,,False,False,True
pg:scenarionet_v1:PGMap-3000228,pg,test,ok,-1.770222231737661,5.310666695212964,5.329070518200751e-15,1,1,,,,,False,False,True
pg:scenarionet_v1:PGMap-3000229,pg,test,ok,-1.995815967162436,9.979079835812378,7.327471962526033e-15,1,1,,,,,False,False,True
pg:scenarionet_v1:PGMap-3000232,pg,test,ok,-1.8719098531747136,9.35954926587354,0.0,1,1,,,,,False,False,True
pg:scenarionet_v1:PGMap-3000234,pg,train,ok,-9.355549497519801,1.871109899503946,3.3306690738754696e-15,1,1,,,,,False,True,False
pg:scenarionet_v1:PGMap-3000236,pg,train,ok,-2.0210070233471527,6.063021070041444,0.0,1,1,,,,,False,False,True
pg:scenarionet_v1:PGMap-3000239,pg,train,ok,-8.261602434465956,1.6523204868931893,8.881784197001252e-16,1,1,,,,,False,True,False
pg:scenarionet_v1:PGMap-3000240,pg,test,ok,-1.9679376093981142,9.839688046990418,2.220446049250313e-14,1,1,,,,,False,False,True
pg:scenarionet_v1:PGMap-3000241,pg,validation,ok,-5.4155536345140325,5.41555363451409,7.993605777301127e-15,1,1,,,,,False,True,True
pg:scenarionet_v1:PGMap-3000242,pg,test,ok,-2.102636717424216,10.513183587120949,2.220446049250313e-15,1,1,,,,,False,False,True
pg:scenarionet_v1:PGMap-3000243,pg,test,ok,-5.44612788872819,5.446127888728182,5.329070518200751e-15,1,1,,,,,False,True,True
pg:scenarionet_v1:PGMap-3000244,pg,test,ok,-2.04386275644453,6.131588269333609,9.769962616701378e-15,1,1,,,,,False,False,True
pg:scenarionet_v1:PGMap-3000245,pg,train,ok,-1.6973528070057142,8.486764035028543,0.0,1,1,,,,,False,False,True
pg:scenarionet_v1:PGMap-3000249,pg,test,ok,-1.7548506221470306,8.774253110735074,1.3322676295501878e-15,1,1,,,,,False,False,True
pg:scenarionet_v1:PGMap-3000251,pg,train,ok,-6.068319532782883,6.06831953278287,4.440892098500626e-15,1,1,,,,,False,True,True
pg:scenarionet_v1:PGMap-3000252,pg,test,ok,-5.873854899812198,1.9579516332707376,2.7533531010703882e-14,1,1,,,,,False,True,False
pg:scenarionet_v1:PGMap-3000255,pg,train,ok,-2.0937437707132083,6.281231312139597,1.9095836023552692e-14,1,1,,,,,False,False,True
pg:scenarionet_v1:PGMap-3000257,pg,train,ok,-1.726212377106156,5.17863713131847,1.1546319456101628e-14,1,1,,,,,False,False,True
pg:scenarionet_v1:PGMap-3000259,pg,test,ok,-5.811764048800029,1.9372546829333568,4.440892098500626e-16,1,1,,,,,False,True,False
pg:scenarionet_v1:PGMap-3000260,pg,train,ok,-1.7728652478190134,8.885326956494993,6.661338147750939e-16,1,1,,,,,False,False,True
pg:scenarionet_v1:PGMap-3000261,pg,validation,ok,-5.403408539114167,1.8011361797047272,0.0,1,1,,,,,False,True,False
pg:scenarionet_v1:PGMap-3000262,pg,test,ok,-4.511777033566204,4.511777033566176,0.0,1,1,,,,,False,True,True
pg:scenarionet_v1:PGMap-3000264,pg,train,ok,-5.46592709911725,1.8219756997057297,1.2212453270876722e-14,1,1,,,,,False,True,False
pg:scenarionet_v1:PGMap-3000265,pg,train,ok,-6.611006047877233,2.207154167420572,3.1530333899354446e-14,1,1,,,,,False,True,False
pg:scenarionet_v1:PGMap-3000266,pg,validation,ok,-6.396023633804504,6.396023633804518,0.0,1,1,,,,,False,True,True
pg:scenarionet_v1:PGMap-3000268,pg,test,ok,-1.8145846628562152,9.072923314281104,5.329070518200751e-15,1,1,,,,,False,False,True
pg:scenarionet_v1:PGMap-3000270,pg,train,ok,-1.76795789908803,8.839789495440153,5.329070518200751e-15,1,1,,,,,False,False,True
pg:scenarionet_v1:PGMap-3000271,pg,test,ok,-1.9135307510116473,5.740592253034958,3.552713678800501e-15,1,1,,,,,False,False,True
pg:scenarionet_v1:PGMap-3000278,pg,test,ok,-5.782651687008794,1.9275505623362652,4.440892098500626e-16,1,1,,,,,False,True,False
pg:scenarionet_v1:PGMap-3000280,pg,train,ok,-8.224511386339634,1.644902277267927,5.329070518200751e-15,1,1,,,,,False,True,False
pg:scenarionet_v1:PGMap-3000283,pg,train,ok,-1.7659638369893735,5.297891510968138,1.199040866595169e-14,1,1,,,,,False,False,True
pg:scenarionet_v1:PGMap-3000284,pg,test,ok,-1.8645107351011196,5.593532205303403,8.881784197001252e-16,1,1,,,,,False,False,True
pg:scenarionet_v1:PGMap-3000285,pg,test,ok,-1.831905346281431,5.49571603884435,0.0,1,1,,,,,False,False,True
pg:scenarionet_v1:PGMap-3000286,pg,validation,ok,-6.053238196925719,6.053238196925708,3.552713678800501e-15,1,1,,,,,False,True,True
pg:scenarionet_v1:PGMap-3000289,pg,test,ok,-5.235528334696308,5.235528334696308,1.0658141036401503e-14,1,1,,,,,False,True,True
pg:scenarionet_v1:PGMap-3000290,pg,train,ok,-2.155688413515662,6.467065240546944,0.0,1,1,,,,,False,False,True
pg:scenarionet_v1:PGMap-3000292,pg,validation,ok,-1.757524282070591,5.272572846211759,0.0,1,1,,,,,False,False,True
pg:scenarionet_v1:PGMap-3000293,pg,validation,ok,-4.630343920065641,1.5434479733552329,4.884981308350689e-15,1,1,,,,,False,True,False
pg:scenarionet_v1:PGMap-3000294,pg,test,ok,-5.904177736511248,1.9680592455037544,1.2434497875801753e-14,1,1,,,,,False,True,False
pg:scenarionet_v1:PGMap-3000296,pg,test,ok,-4.709661161501349,1.5688147195281663,1.7541523789077473e-14,1,1,,,,,False,True,False
pg:scenarionet_v1:PGMap-3000299,pg,train,ok,-6.676155639369938,6.676155639369938,0.0,1,1,,,,,False,True,True
pg:scenarionet_v1:PGMap-3000300,pg,validation,ok,-5.440399873358572,1.8134666244528574,0.0,1,1,,,,,False,True,False
pg:scenarionet_v1:PGMap-3000302,pg,test,ok,-1.5719474030777025,4.724344993758502,1.5987211554602254e-14,1,1,,,,,False,False,True
pg:scenarionet_v1:PGMap-3000303,pg,test,ok,-5.309374079882943,1.7697913599609763,0.0,1,1,,,,,False,True,False
pg:scenarionet_v1:PGMap-3000304,pg,train,ok,-11.041239991861328,2.2082479983722734,1.7763568394002505e-14,1,1,,,,,False,True,False
pg:scenarionet_v1:PGMap-3000306,pg,test,ok,-4.666803553251555,1.555601184417199,0.0,1,1,,,,,False,True,False
pg:scenarionet_v1:PGMap-3000307,pg,validation,ok,-6.733706218924837,6.733706218924838,8.881784197001252e-16,1,1,,,,,False,True,True
pg:scenarionet_v1:PGMap-3000310,pg,validation,ok,-1.6149636817793294,4.844891045338045,0.0,1,1,,,,,False,False,True
pg:scenarionet_v1:PGMap-3000311,pg,validation,ok,-6.74045610803347,2.246818702677828,0.0,1,1,,,,,False,True,False
pg:scenarionet_v1:PGMap-3000312,pg,test,ok,-6.222732617182672,6.222732617182673,8.881784197001252e-16,1,1,,,,,False,True,True
pg:scenarionet_v1:PGMap-3000313,pg,validation,ok,-1.5069359728123455,4.520807918437009,1.176836406102666e-14,1,1,,,,,False,False,True
pg:scenarionet_v1:PGMap-3000314,pg,train,ok,-1.7795211084989404,5.338563325496821,0.0,1,1,,,,,False,False,True
pg:scenarionet_v1:PGMap-3000316,pg,train,ok,-2.209664500815546,6.628993502446548,3.1086244689504383e-15,1,1,,,,,False,False,True
pg:scenarionet_v1:PGMap-3000319,pg,train,ok,-1.5535317203971246,4.66059516119149,9.769962616701378e-15,1,1,,,,,False,False,True
pg:scenarionet_v1:PGMap-3000320,pg,train,ok,-6.631898760117301,6.631898760117296,7.993605777301127e-15,1,1,,,,,False,True,True
pg:scenarionet_v1:PGMap-3000322,pg,test,ok,-6.205672318661675,2.0685574395538993,5.329070518200751e-15,1,1,,,,,False,True,False
pg:scenarionet_v1:PGMap-3000324,pg,train,ok,-5.455278060824835,1.8184260202749147,2.6645352591003757e-14,1,1,,,,,False,True,False
pg:scenarionet_v1:PGMap-3000328,pg,train,ok,-5.712833269378052,5.712833269378052,0.0,1,1,,,,,False,True,True
pg:scenarionet_v1:PGMap-3000332,pg,validation,ok,-1.9952399330403219,5.985719799120907,7.993605777301127e-15,1,1,,,,,False,False,True
pg:scenarionet_v1:PGMap-3000335,pg,train,ok,-5.465233589009468,5.465233589009441,3.552713678800501e-15,1,1,,,,,False,True,True
pg:scenarionet_v1:PGMap-3000339,pg,test,ok,-6.657662817018428,6.657662817018467,8.881784197001252e-15,1,1,,,,,False,True,True
pg:scenarionet_v1:PGMap-3000348,pg,train,ok,-6.657214528536571,6.6572145285365565,0.0,1,1,,,,,False,True,True
pg:scenarionet_v1:PGMap-3000351,pg,train,ok,-1.8563049503934335,9.281524751967414,3.1530333899354446e-14,1,1,,,,,False,False,True
pg:scenarionet_v1:PGMap-3000352,pg,validation,ok,-5.327978991968045,1.7759929973226827,7.105427357601002e-15,1,1,,,,,False,True,False
pg:scenarionet_v1:PGMap-3000353,pg,validation,ok,-6.154727419986645,6.154727419986665,8.881784197001252e-15,1,1,,,,,False,True,True
pg:scenarionet_v1:PGMap-3000355,pg,validation,ok,-7.967352431751972,1.5934704863503568,1.2878587085651816e-14,1,1,,,,,False,True,False
pg:scenarionet_v1:PGMap-3000356,pg,test,ok,-6.390965821169942,6.390965821169948,5.329070518200751e-15,1,1,,,,,False,True,True
pg:scenarionet_v1:PGMap-3000357,pg,train,ok,-1.9210675449070465,5.763202634721097,0.0,1,1,,,,,False,False,True
pg:scenarionet_v1:PGMap-3000358,pg,train,ok,-2.0531578267464656,10.32316506477019,5.329070518200751e-15,1,1,,,,,False,False,True
pg:scenarionet_v1:PGMap-3000359,pg,train,ok,-7.834120437002937,1.5668240874005903,0.0,1,1,,,,,False,True,False
pg:scenarionet_v1:PGMap-3000363,pg,test,ok,-4.589394672014862,1.5297982240049606,2.55351295663786e-14,1,1,,,,,False,True,False
pg:scenarionet_v1:PGMap-3000365,pg,test,ok,-2.0108544004937556,6.032563201481306,1.0658141036401503e-14,1,1,,,,,False,False,True
pg:scenarionet_v1:PGMap-3000366,pg,train,ok,-5.231041193201444,5.231041193201436,2.930988785010413e-14,1,1,,,,,False,True,True
pg:scenarionet_v1:PGMap-3000367,pg,test,ok,-4.5757737796182045,4.5757737796182045,1.7763568394002505e-15,1,1,,,,,False,True,True
pg:scenarionet_v1:PGMap-3000373,pg,test,ok,-1.6223430297728765,4.86702908931859,1.7763568394002505e-15,1,1,,,,,False,False,True
pg:scenarionet_v1:PGMap-3000375,pg,validation,ok,-9.251460784343294,1.8502921568686475,0.0,1,1,,,,,False,True,False
pg:scenarionet_v1:PGMap-3000377,pg,test,ok,-2.0462465848792135,6.1387397546376405,0.0,1,1,,,,,False,False,True
pg:scenarionet_v1:PGMap-3000379,pg,test,ok,-1.607525078081716,4.822575234245204,5.329070518200751e-15,1,1,,,,,False,False,True
pg:scenarionet_v1:PGMap-3000380,pg,test,ok,-6.3326624131925495,6.332662413192542,5.329070518200751e-15,1,1,,,,,False,True,True
pg:scenarionet_v1:PGMap-3000382,pg,train,ok,-6.626631395085909,6.626631395085923,0.0,1,1,,,,,False,True,True
pg:scenarionet_v1:PGMap-3000383,pg,train,ok,-2.190825343793094,6.57247603137925,2.6645352591003757e-15,1,1,,,,,False,False,True
pg:scenarionet_v1:PGMap-3000386,pg,test,ok,-10.054567185961972,2.010913437192415,8.881784197001252e-16,1,1,,,,,False,True,False
pg:scenarionet_v1:PGMap-3000387,pg,train,ok,-1.6743866730492982,5.023160019147875,8.881784197001252e-15,1,1,,,,,False,False,True
pg:scenarionet_v1:PGMap-3000388,pg,train,ok,-2.0347923511207586,6.104377053362207,7.105427357601002e-15,1,1,,,,,False,False,True
pg:scenarionet_v1:PGMap-3000391,pg,test,ok,-1.5776358149438492,4.7329074448315875,8.881784197001252e-15,1,1,,,,,False,False,True
pg:scenarionet_v1:PGMap-3000393,pg,test,ok,-6.362426754359031,2.120808918119695,3.552713678800501e-15,1,1,,,,,False,True,False
pg:scenarionet_v1:PGMap-3000394,pg,test,ok,-6.005754927075046,6.005754927075062,1.7763568394002505e-15,1,1,,,,,False,True,True
pg:scenarionet_v1:PGMap-3000396,pg,test,ok,-1.7388820489471026,5.216646146841288,3.552713678800501e-15,1,1,,,,,False,False,True
pg:scenarionet_v1:PGMap-3000399,pg,validation,ok,-2.18721717860916,6.561651535827508,0.0,1,1,,,,,False,False,True
pg:scenarionet_v1:PGMap-3000400,pg,test,ok,-2.169742196496145,6.509226589488492,0.0,1,1,,,,,False,False,True
pg:scenarionet_v1:PGMap-3000403,pg,train,ok,-7.790904175061868,1.5581808350123794,0.0,1,1,,,,,False,True,False
pg:scenarionet_v1:PGMap-3000404,pg,test,ok,-1.8507399052231932,9.25369952611588,0.0,1,1,,,,,False,False,True
pg:scenarionet_v1:PGMap-3000406,pg,train,ok,-1.5251365119812639,4.575409535943823,1.0658141036401503e-14,1,1,,,,,False,False,True
pg:scenarionet_v1:PGMap-3000407,pg,validation,ok,-6.255881705268377,2.085293901756118,3.9968028886505635e-14,1,1,,,,,False,True,False
pg:scenarionet_v1:PGMap-3000408,pg,validation,ok,-7.7309967233183015,1.546199344663691,2.6645352591003757e-15,1,1,,,,,False,True,False
pg:scenarionet_v1:PGMap-3000412,pg,validation,ok,-4.589668345698911,4.589668345698897,0.0,1,1,,,,,False,True,True
pg:scenarionet_v1:PGMap-3000417,pg,test,ok,-5.852554950328226,5.852554950328241,0.0,1,1,,,,,False,True,True
pg:scenarionet_v1:PGMap-3000418,pg,train,ok,-10.685847566899408,2.1371695133798823,2.2648549702353193e-14,1,1,,,,,False,True,False
pg:scenarionet_v1:PGMap-3000419,pg,train,ok,-6.145211655965198,6.14521165596517,0.0,1,1,,,,,False,True,True
pg:scenarionet_v1:PGMap-3000420,pg,test,ok,-10.162016500039357,2.0324033000078714,0.0,1,1,,,,,False,True,False
pg:scenarionet_v1:PGMap-3000424,pg,validation,ok,-2.242653114952489,11.21326557476236,0.0,1,1,,,,,False,False,True
pg:scenarionet_v1:PGMap-3000428,pg,validation,ok,-1.828597221906914,9.142986109534538,1.021405182655144e-14,1,1,,,,,False,False,True
pg:scenarionet_v1:PGMap-3000429,pg,test,ok,-2.0017886802490157,6.00536604074697,7.993605777301127e-15,1,1,,,,,False,False,True
pg:scenarionet_v1:PGMap-3000432,pg,test,ok,-1.5685125936336304,7.842562968168054,1.3322676295501878e-14,1,1,,,,,False,False,True
pg:scenarionet_v1:PGMap-3000433,pg,train,ok,-1.6795401403467534,8.397700701733786,8.215650382226158e-15,1,1,,,,,False,False,True
pg:scenarionet_v1:PGMap-3000437,pg,train,ok,-10.562514301760451,2.1125028603521185,7.105427357601002e-15,1,1,,,,,False,True,False
pg:scenarionet_v1:PGMap-3000445,pg,test,ok,-6.50980961844752,2.1699365394825207,0.0,1,1,,,,,False,True,False
pg:scenarionet_v1:PGMap-3920006,pg,train,ok,-6.5067439639084625,2.168914654636152,4.4853010194856324e-14,1,1,,,,,False,True,False
pg:scenarionet_v1:PGMap-3920015,pg,train,ok,-16.460196759886628,23.052670137396916,0.0,2,2,0.030748790793566627,-20.152975788921566,-16.490945550680195,LANE_SURFACE_UNSTRUCTURE,False,True,True
pg:scenarionet_v1:PGMap-3920044,pg,train,ok,-14.90263864144478,6.350095920523451,7.105427357601002e-15,2,1,3.015280060436611,-39.85618706363359,-17.91791870188139,LANE_SURFACE_STREET,False,True,True
pg:scenarionet_v1:PGMap-3920046,pg,test,ok,-1.6071775462965547,8.03588773148276,0.0,1,1,,,,,False,False,True
pg:scenarionet_v1:PGMap-3920119,pg,train,ok,-5.951084884942844,5.951084884942844,0.0,1,1,,,,,False,True,True
pg:scenarionet_v1:PGMap-3920144,pg,train,ok,-5.480342920703691,5.480342920703721,8.881784197001252e-16,1,1,,,,,False,True,True
pg:scenarionet_v1:PGMap-3920151,pg,train,ok,-6.0404770057850214,2.013492335261688,0.0,1,1,,,,,False,True,False
pg:scenarionet_v1:PGMap-3920155,pg,train,ok,-2.016082285864556,6.048246857593682,0.0,1,1,,,,,False,False,True
pg:scenarionet_v1:PGMap-3920184,pg,train,ok,-4.469153077375282,8.821485508716847,0.0,3,3,0.016077186916277242,-11.297100919944768,-4.485230264291559,LANE_SURFACE_UNSTRUCTURE,False,True,True
pg:scenarionet_v1:PGMap-3920186,pg,train,ok,-2.0655702614309774,6.19671078429289,0.0,1,1,,,,,False,False,True
pg:scenarionet_v1:PGMap-3920189,pg,train,ok,-20.282737043779548,5.199892717639273,0.0,2,2,4.07345582377306,9.273348541412332,24.451111415782535,LANE_SURFACE_UNSTRUCTURE,False,True,True
pg:scenarionet_v1:PGMap-3920204,pg,train,ok,-5.1654923847540175,5.165492384754003,0.0,1,1,,,,,False,True,True
pg:scenarionet_v1:PGMap-3920226,pg,train,ok,-1.9624262065446771,5.887278619634031,0.0,1,1,,,,,False,False,True
pg:scenarionet_v1:PGMap-3920248,pg,train,ok,-6.562651811539682,6.5626518115396975,1.2434497875801753e-14,1,1,,,,,False,True,True
pg:scenarionet_v1:PGMap-3920258,pg,test,ok,-5.189370393814954,5.189370393815044,1.4210854715202004e-14,1,1,,,,,False,True,True
pg:scenarionet_v1:PGMap-3920259,pg,train,ok,-11.0,5.486460528175144,0.0,1,1,,,,,False,True,True
pg:scenarionet_v1:PGMap-3920265,pg,train,ok,-4.5203740358138305,23.140669475526337,0.0,2,2,4.109232696188101,-14.013582690542549,-8.629606732001932,LANE_SURFACE_UNSTRUCTURE,False,True,True
pg:scenarionet_v1:PGMap-3920278,pg,train,ok,-6.196182447617417,2.065394149205815,0.0,1,1,,,,,False,True,False
pg:scenarionet_v1:PGMap-3920297,pg,test,ok,-11.0,24.753206373620372,0.0,1,1,,,,,False,True,True
pg:scenarionet_v1:PGMap-3920306,pg,train,ok,-2.177904318954789,6.5337129568644,6.217248937900877e-15,1,1,,,,,False,False,True
pg:scenarionet_v1:PGMap-3920336,pg,train,ok,-1.5792839774000527,4.73785193220013,0.0,1,1,,,,,False,False,True
pg:scenarionet_v1:PGMap-3920348,pg,train,ok,-6.006803010597281,23.763949087742688,0.0,2,2,0.02116628238991325,-11.334287064816507,-6.027969292987194,LANE_SURFACE_UNSTRUCTURE,False,True,True
pg:scenarionet_v1:PGMap-4000007,pg,validation,ok,-1.8481544304151356,1.8481544304151498,0.0,1,1,,,,,False,False,False
pg:scenarionet_v1:PGMap-4000015,pg,test,ok,-1.580934809288621,7.904674046443148,0.0,1,1,,,,,False,False,True
pg:scenarionet_v1:PGMap-4000016,pg,test,ok,-1.8456676392422793,1.8456676392422797,4.440892098500626e-16,1,1,,,,,False,False,False
pg:scenarionet_v1:PGMap-4000024,pg,test,ok,-9.681632170105804,1.9363264340211335,1.7763568394002505e-14,1,1,,,,,False,True,False
pg:scenarionet_v1:PGMap-4000025,pg,train,ok,-1.93522781127883,1.93522781127883,8.659739592076221e-15,1,1,,,,,False,False,False
pg:scenarionet_v1:PGMap-4000026,pg,test,ok,-6.089084438679322,4.17295741660415,8.881784197001252e-16,1,1,,,,,False,True,True
pg:scenarionet_v1:PGMap-4000038,pg,validation,ok,-4.526122229229,3.1637532805288355,2.6645352591003757e-15,1,1,,,,,False,True,True
pg:scenarionet_v1:PGMap-4000043,pg,validation,ok,-1.7200250730510334,1.720025073051048,4.440892098500626e-16,1,1,,,,,False,False,False
pg:scenarionet_v1:PGMap-4000050,pg,validation,ok,-6.167022281502554,6.167022281502569,8.881784197001252e-16,1,1,,,,,False,True,True
pg:scenarionet_v1:PGMap-4000051,pg,validation,ok,-6.181441839288445,6.181441839288424,7.993605777301127e-15,1,1,,,,,False,True,True
pg:scenarionet_v1:PGMap-4000053,pg,train,ok,-4.568058496549199,1.5226861655164081,3.774758283725532e-15,1,1,,,,,False,True,False
pg:scenarionet_v1:PGMap-4000058,pg,test,ok,-4.592999921203017,4.592999921203031,0.0,1,1,,,,,False,True,True
pg:scenarionet_v1:PGMap-4000061,pg,validation,ok,-1.6518833018547667,8.259416509273791,0.0,1,1,,,,,False,False,True
pg:scenarionet_v1:PGMap-4000068,pg,validation,ok,-1.9940572652589452,1.9940572652589603,8.881784197001252e-16,1,1,,,,,False,False,False
pg:scenarionet_v1:PGMap-4000073,pg,test,ok,-5.358730756115719,5.358730756115705,0.0,1,1,,,,,False,True,True
pg:scenarionet_v1:PGMap-4000078,pg,train,ok,-8.547599989871188,1.7095199979742413,8.881784197001252e-16,1,1,,,,,False,True,False
pg:scenarionet_v1:PGMap-4000079,pg,train,ok,-1.767820994436775,1.767820994436775,0.0,1,1,,,,,False,False,False
pg:scenarionet_v1:PGMap-4000106,pg,validation,ok,-1.5382512718335732,4.614753815500734,0.0,1,1,,,,,False,False,True
pg:scenarionet_v1:PGMap-4000115,pg,train,ok,-1.7837989326103383,8.918994663051677,0.0,1,1,,,,,False,False,True
pg:scenarionet_v1:PGMap-4000120,pg,validation,ok,-5.963117017571548,5.963117017571549,8.881784197001252e-16,1,1,,,,,False,True,True
pg:scenarionet_v1:PGMap-4000127,pg,test,ok,-2.1817545536754466,10.908772768377318,0.0,1,1,,,,,False,False,True
pg:scenarionet_v1:PGMap-4000148,pg,test,ok,-5.532243980848521,18.69518418484323,3.552713678800501e-15,2,1,26.138605022366573,44.833789207209804,66.04488457346275,LANE_SURFACE_STREET,False,True,True
pg:scenarionet_v1:PGMap-4000150,pg,validation,ok,-5.1473825765745715,5.1473825765745715,0.0,1,1,,,,,False,True,True
pg:scenarionet_v1:PGMap-4000156,pg,train,ok,-6.687666102303808,2.2292220341012694,0.0,1,1,,,,,False,True,False
pg:scenarionet_v1:PGMap-4000165,pg,validation,ok,-2.120465475288853,2.1204654752888814,0.0,1,1,,,,,False,False,False
pg:scenarionet_v1:PGMap-4000177,pg,test,ok,-9.654233384430981,1.9308466768861905,0.0,1,1,,,,,False,True,False
pg:scenarionet_v1:PGMap-4000181,pg,test,ok,-1.6488010733905298,4.946403220171575,0.0,1,1,,,,,False,False,True
pg:scenarionet_v1:PGMap-4000184,pg,train,ok,-8.546729352183164,1.7093458704366356,0.0,2,2,4.688343312361937,-16.653764405418343,-13.2350726645451,LANE_SURFACE_STREET,False,True,False
pg:scenarionet_v1:PGMap-4000194,pg,train,ok,-5.811880819187583,1.9372936063958766,7.549516567451064e-15,1,1,,,,,False,True,False
pg:scenarionet_v1:PGMap-4000195,pg,test,ok,-1.9183720944149059,9.5918604720745,0.0,1,1,,,,,False,False,True
pg:scenarionet_v1:PGMap-4000202,pg,train,ok,-6.5528579916497876,2.1842859972166053,0.0,1,1,,,,,False,True,False
pg:scenarionet_v1:PGMap-4000207,pg,validation,ok,-8.165974017781368,1.633194803556275,3.774758283725532e-15,1,1,,,,,False,True,False
pg:scenarionet_v1:PGMap-4000210,pg,test,ok,-5.973429187608559,1.9911430625361817,0.0,1,1,,,,,False,True,False
pg:scenarionet_v1:PGMap-4000213,pg,train,ok,-2.245272787890343,6.735818363670948,1.4210854715202004e-14,1,1,,,,,False,False,True
pg:scenarionet_v1:PGMap-4000222,pg,test,ok,-1.8258279470207446,5.477483841062234,1.7763568394002505e-14,1,1,,,,,False,False,True
pg:scenarionet_v1:PGMap-4000224,pg,validation,ok,-5.908946615164552,1.9696488717215033,0.0,1,1,,,,,False,True,False
pg:scenarionet_v1:PGMap-4000230,pg,validation,ok,-8.808147385543279,1.76162947710867,0.0,1,1,,,,,False,True,False
pg:scenarionet_v1:PGMap-4000239,pg,test,ok,-1.8457529403153106,5.53725882094598,1.3322676295501878e-14,1,1,,,,,False,False,True
pg:scenarionet_v1:PGMap-4000252,pg,validation,ok,-9.49063114453341,1.8981262289066718,1.4210854715202004e-14,1,1,,,,,False,True,False
pg:scenarionet_v1:PGMap-4000254,pg,validation,ok,-1.5225341021704821,7.612670510852396,0.0,1,1,,,,,False,False,True
pg:scenarionet_v1:PGMap-4000258,pg,test,ok,-1.6100540824014757,1.6100540824014908,8.881784197001252e-16,1,1,,,,,False,False,False
pg:scenarionet_v1:PGMap-4000264,pg,test,ok,-1.6008340216589687,8.004170108294929,0.0,1,1,,,,,False,False,True
pg:scenarionet_v1:PGMap-4000285,pg,test,ok,-1.716105711354179,5.086820734926308,4.6629367034256575e-15,1,1,,,,,False,False,True
pg:scenarionet_v1:PGMap-4000286,pg,test,ok,-1.637997991587185,4.9139939747613655,1.354472090042691e-14,1,1,,,,,False,False,True
pg:scenarionet_v1:PGMap-4000287,pg,test,ok,-9.442121101449146,1.8884242202898065,0.0,1,1,,,,,False,True,False
pg:scenarionet_v1:PGMap-4000292,pg,validation,ok,-1.7832303814621118,8.916151907310327,2.1760371282653068e-14,1,1,,,,,False,False,True
pg:scenarionet_v1:PGMap-4000299,pg,test,ok,-5.137822188691187,1.7126073962304025,6.217248937900877e-15,1,1,,,,,False,True,False
pg:scenarionet_v1:PGMap-4000304,pg,test,ok,-4.767316103956404,1.589105367985439,4.440892098500626e-16,1,1,,,,,False,True,False
pg:scenarionet_v1:PGMap-4000307,pg,train,ok,-10.472122393866385,2.094424478773277,0.0,1,1,,,,,False,True,False
pg:scenarionet_v1:PGMap-4000311,pg,validation,ok,-1.9366289554136986,9.683144777068481,3.552713678800501e-15,1,1,,,,,False,False,True
pg:scenarionet_v1:PGMap-4000314,pg,test,ok,-8.061205864869564,1.61224117297391,0.0,1,1,,,,,False,True,False
pg:scenarionet_v1:PGMap-4000316,pg,train,ok,-5.444132272994891,1.8147107576649548,8.881784197001252e-16,1,1,,,,,False,True,False
pg:scenarionet_v1:PGMap-4000318,pg,test,ok,-1.5523680136291633,16.89382811747231,2.220446049250313e-16,2,1,32.282433974337096,49.176262091809406,62.88684204433903,LANE_SURFACE_STREET,False,False,True
pg:scenarionet_v1:PGMap-4000322,pg,validation,ok,-1.7500907286387246,1.7500907286387246,0.0,1,1,,,,,False,False,False
pg:scenarionet_v1:PGMap-4000325,pg,validation,ok,-2.1125494068634225,2.1125494068634225,0.0,1,1,,,,,False,False,False
pg:scenarionet_v1:PGMap-4000326,pg,validation,ok,-2.0959371304303858,10.479685652152,0.0,1,1,,,,,False,False,True
pg:scenarionet_v1:PGMap-4000332,pg,train,ok,-1.6525704541592887,1.6525704541592745,0.0,1,1,,,,,False,False,False
pg:scenarionet_v1:PGMap-4000340,pg,test,ok,-6.570383193716756,6.570383193716718,5.329070518200751e-15,1,1,,,,,False,True,True
pg:scenarionet_v1:PGMap-4000345,pg,validation,ok,-2.220696815977389,6.662090447932069,3.552713678800501e-15,1,1,,,,,False,False,True
pg:scenarionet_v1:PGMap-4000354,pg,train,ok,-2.164903204520684,10.82451602260368,1.3766765505351941e-14,1,1,,,,,False,False,True
pg:scenarionet_v1:PGMap-4000358,pg,validation,ok,-2.1385595709318057,6.415678712795389,5.329070518200751e-15,2,2,4.68833918245751,-11.104022025157377,-6.826898753389315,LANE_SURFACE_STREET,False,False,True
pg:scenarionet_v1:PGMap-4000361,pg,test,ok,-6.733861022537768,2.2446203408458993,1.7763568394002505e-15,1,1,,,,,False,True,False
pg:scenarionet_v1:PGMap-4000367,pg,test,ok,-2.025377852418046,10.126889262090259,0.0,1,1,,,,,False,False,True
pg:scenarionet_v1:PGMap-4000370,pg,train,ok,-1.9590998887014592,1.959099888701445,0.0,1,1,,,,,False,False,False
pg:scenarionet_v1:PGMap-4000372,pg,train,ok,-7.8822241203697985,1.5764448240739455,0.0,1,1,,,,,False,True,False
pg:scenarionet_v1:PGMap-4000385,pg,test,ok,-1.9443840351656831,1.9443840351657116,1.4210854715202004e-14,1,1,,,,,False,False,False
pg:scenarionet_v1:PGMap-4000390,pg,test,ok,-5.084482035249067,5.084482035249067,0.0,1,1,,,,,False,True,True
pg:scenarionet_v1:PGMap-4000405,pg,test,ok,-5.668914768487284,5.668914768487269,0.0,1,1,,,,,False,True,True
pg:scenarionet_v1:PGMap-4000408,pg,validation,ok,-2.088676600620701,2.0886766006206585,0.0,1,1,,,,,False,False,False
pg:scenarionet_v1:PGMap-4000409,pg,test,ok,-1.940780748393479,1.940780748393451,4.440892098500626e-16,1,1,,,,,False,False,False
pg:scenarionet_v1:PGMap-4000411,pg,test,ok,-6.433719211087362,2.144573070362456,2.6645352591003757e-15,1,1,,,,,False,True,False
pg:scenarionet_v1:PGMap-4000412,pg,test,ok,-5.705747643307319,1.9019158811024255,0.0,1,1,,,,,False,True,False
pg:scenarionet_v1:PGMap-4000415,pg,test,ok,-10.84560804739475,7.32962309836522,1.7763568394002505e-15,1,1,,,,,False,True,True
pg:scenarionet_v1:PGMap-4000417,pg,validation,ok,-1.763199204052654,5.289597612157948,0.0,1,1,,,,,False,False,True
pg:scenarionet_v1:PGMap-4000419,pg,test,ok,-5.538709398134035,5.538709398133999,1.0658141036401503e-14,1,1,,,,,False,True,True
pg:scenarionet_v1:PGMap-4000423,pg,train,ok,-5.676083012605275,5.6760830126052895,0.0,1,1,,,,,False,True,True
pg:scenarionet_v1:PGMap-4000425,pg,test,ok,-2.0725826193605457,10.362913096802757,0.0,1,1,,,,,False,False,True
pg:scenarionet_v1:PGMap-4000431,pg,test,ok,-1.7219020434779537,5.165706130433875,0.0,1,1,,,,,False,False,True
pg:scenarionet_v1:PGMap-4000433,pg,test,ok,-1.969970647685841,9.84985323842919,0.0,1,1,,,,,False,False,True
pg:scenarionet_v1:PGMap-4000442,pg,validation,ok,-2.0837250334442814,2.083725033444267,0.0,1,1,,,,,False,False,False
pg:scenarionet_v1:PGMap-4000448,pg,train,ok,-9.042950673140412,16.405868048518187,1.7763568394002505e-15,1,1,,,,,False,True,True
pg:scenarionet_v1:PGMap-4920003,pg,train,ok,-1.6828939801333558,5.048681940400008,2.220446049250313e-14,1,1,,,,,False,False,True
pg:scenarionet_v1:PGMap-4920013,pg,train,ok,-3.210812041542877,5.930545001231695,3.1086244689504383e-15,2,1,75.99343779139265,-91.01538536616846,-79.20424983293553,LANE_SURFACE_STREET,False,True,True
pg:scenarionet_v1:PGMap-4920019,pg,train,ok,-1.9131423112100876,1.9131423112101191,1.021405182655144e-14,1,1,,,,,False,False,False
pg:scenarionet_v1:PGMap-4920020,pg,test,ok,-10.69568385187948,2.1391367703758704,0.0,1,1,,,,,False,True,False
pg:scenarionet_v1:PGMap-4920040,pg,train,ok,-10.107123251127044,2.0214246502254425,5.329070518200751e-15,1,1,,,,,False,True,False
pg:scenarionet_v1:PGMap-4920045,pg,train,ok,-9.52215262347557,17.754291009072332,7.105427357601002e-15,2,2,44.5286440515295,62.28293506060183,86.41370567375927,LANE_SURFACE_STREET,False,True,True
pg:scenarionet_v1:PGMap-4920060,pg,train,ok,-1.979896993916411,2.0561100029545556,1.3322676295501878e-15,3,2,1.5695353690039995,3.625645371958555,13.472563165668717,LANE_SURFACE_STREET,False,False,False
pg:scenarionet_v1:PGMap-4920079,pg,train,ok,-4.9972054838298,1.6606298591852209,1.7763568394002505e-15,1,1,,,,,False,True,False
pg:scenarionet_v1:PGMap-4920093,pg,test,ok,-1.5570884417847144,1.563929211292049,4.440892098500626e-16,3,2,0.011970986451202759,-7.838207355234275,-1.5690594282359172,LANE_SURFACE_STREET,False,False,False
pg:scenarionet_v1:PGMap-4920104,pg,train,ok,-4.975490885495986,12.635696050899568,8.881784197001252e-16,2,2,64.11960630669218,76.75530235759175,85.74527663919423,LANE_SURFACE_UNSTRUCTURE,False,True,True
pg:scenarionet_v1:PGMap-4920105,pg,train,ok,-1.5172987194849696,26.17298719484964,0.0,2,2,0.9351348436856597,-11.750231566301451,-2.4524335631706293,LANE_SURFACE_UNSTRUCTURE,False,False,True
pg:scenarionet_v1:PGMap-4920111,pg,train,ok,-5.091001563658509,18.35590827846731,0.0,2,2,7.123998578595902,-14.394001042439015,-12.21500014225441,LANE_SURFACE_UNSTRUCTURE,False,True,True
pg:scenarionet_v1:PGMap-4920123,pg,train,ok,-1.475229196878694,4.350112794233641,6.661338147750939e-15,2,1,23.73495021781397,28.085063012047613,29.031926123675674,LANE_SURFACE_STREET,False,False,True
pg:scenarionet_v1:PGMap-4920127,pg,train,ok,-1.7142420235149247,7.177637648908824,3.552713678800501e-15,1,1,,,,,False,False,True
pg:scenarionet_v1:PGMap-4920134,pg,train,ok,-1.7402729776522379,8.701364888261311,1.7763568394002505e-15,1,1,,,,,False,False,True
pg:scenarionet_v1:PGMap-4920142,pg,train,ok,-20.150803390150983,2.1034549264607563,0.0,1,1,,,,,False,True,False
pg:scenarionet_v1:PGMap-4920156,pg,train,ok,-5.649612615070409,21.894811872409587,3.552713678800501e-15,1,1,,,,,False,True,True
pg:scenarionet_v1:PGMap-4920161,pg,train,ok,-5.938967855757577,7.515226669138055,5.329070518200751e-15,3,2,14.869429736655437,22.384656405793493,29.14788787997506,LANE_SURFACE_STREET,False,True,True
pg:scenarionet_v1:PGMap-4920176,pg,train,ok,-18.457273720419664,4.177319522031284,8.881784197001252e-16,2,2,9.00600331531345,13.183322837344733,21.783108019092552,LANE_SURFACE_UNSTRUCTURE,False,True,True
pg:scenarionet_v1:PGMap-4920177,pg,train,ok,-5.164900098448058,5.16490009844803,8.881784197001252e-16,1,1,,,,,False,True,True
pg:scenarionet_v1:PGMap-4920184,pg,train,ok,-4.7904622644052495,7.984103774008773,0.0,1,1,,,,,False,True,True
pg:scenarionet_v1:PGMap-4920187,pg,train,ok,-1.6545534680799816,1.7396712285146385,6.661338147750939e-16,2,2,0.013857696234737427,-5.057121101739483,-1.668411164314719,LANE_SURFACE_STREET,False,False,False
pg:scenarionet_v1:PGMap-4920202,pg,train,ok,-6.175508591552429,2.058502863850805,0.0,2,2,4.688343312361965,-14.98085763161599,-10.863851903914394,LANE_SURFACE_STREET,False,True,False
pg:scenarionet_v1:PGMap-4920204,pg,train,ok,-4.593836520097085,24.106296380699035,0.0,2,2,1.5316600226394002,-14.062557680064728,-6.125496542736485,LANE_SURFACE_UNSTRUCTURE,False,True,True
pg:scenarionet_v1:PGMap-4920225,pg,train,ok,-2.225264374317277,2.225264374317277,0.0,1,1,,,,,False,False,False
pg:scenarionet_v1:PGMap-4920239,pg,train,ok,-1.8462325155683885,29.462325155683857,0.0,2,1,5.835859811526163,-11.759897333315223,-7.682092327094551,LANE_SURFACE_UNSTRUCTURE,False,False,True
pg:scenarionet_v1:PGMap-4920245,pg,test,ok,-1.6218923233960834,14.506286671624258,5.329070518200751e-15,4,3,3.2921102600575356,17.798396931681793,35.85099543776565,LANE_SURFACE_STREET,False,False,True
pg:scenarionet_v1:PGMap-4920252,pg,test,ok,-4.785951418287844,4.800009742452842,2.1316282072803006e-14,1,1,,,,,False,True,True
pg:scenarionet_v1:PGMap-4920260,pg,train,ok,-6.215849601913117,2.0719498673043484,7.993605777301127e-15,1,1,,,,,False,True,False
pg:scenarionet_v1:PGMap-4920262,pg,train,ok,-9.746279025052342,18.419342383636128,7.105427357601002e-15,2,2,50.42571279902503,68.84505518266116,100.0,LANE_SURFACE_STREET|LANE_SURFACE_UNSTRUCTURE,False,True,True
pg:scenarionet_v1:PGMap-4920276,pg,train,ok,-1.9155446137178245,9.57772306858893,7.105427357601002e-15,1,1,,,,,False,False,True
pg:scenarionet_v1:PGMap-4920280,pg,train,ok,-6.174677065244663,2.0582256884148458,9.325873406851315e-15,1,1,,,,,False,True,False
pg:scenarionet_v1:PGMap-4920349,pg,test,ok,-9.481878447917708,15.293654709176451,0.0,1,2,,,,,False,True,True
pg:scenarionet_v1:PGMap-5000004,pg,test,ok,-5.965445481947,1.988481827315681,0.0,1,1,,,,,False,True,False
pg:scenarionet_v1:PGMap-5000011,pg,test,ok,-1.6246194071935465,4.873858221580724,5.329070518200751e-15,1,1,,,,,False,False,True
pg:scenarionet_v1:PGMap-5000012,pg,validation,ok,-18.73297785402947,22.674891780705522,0.0,1,1,,,,,False,True,True
pg:scenarionet_v1:PGMap-5000019,pg,test,ok,-9.329883728746765,1.8659767457493492,8.881784197001252e-16,1,1,,,,,False,True,False
pg:scenarionet_v1:PGMap-5000026,pg,train,ok,-6.627076295012017,6.6270762950120465,8.881784197001252e-16,1,1,,,,,False,True,True
pg:scenarionet_v1:PGMap-5000038,pg,train,ok,-9.30924973602724,4.8118905513050825,8.881784197001252e-16,2,2,0.019027753709835338,-14.527020625373012,-9.328277489737076,LANE_SURFACE_UNSTRUCTURE,False,True,True
pg:scenarionet_v1:PGMap-5000041,pg,test,ok,-2.135066972139673,6.405200916418991,9.769962616701378e-15,1,1,,,,,False,False,True
pg:scenarionet_v1:PGMap-5000043,pg,test,ok,-6.402264156390004,2.1340880521300063,4.440892098500626e-15,1,1,,,,,False,True,False
pg:scenarionet_v1:PGMap-5000056,pg,test,ok,-6.544568444398095,6.544568444398095,0.0,1,1,,,,,False,True,True
pg:scenarionet_v1:PGMap-5000068,pg,train,ok,-1.6958496748353724,5.087549024506103,0.0,1,1,,,,,False,False,True
pg:scenarionet_v1:PGMap-5000070,pg,test,ok,-6.452436692739511,28.226212762569304,0.0,2,2,2.7717570320431832,-15.301624461826364,-9.224193724782694,LANE_SURFACE_UNSTRUCTURE,False,True,True
pg:scenarionet_v1:PGMap-5000085,pg,train,ok,-3.942252271665865,9.246397243247387,0.0,3,3,0.021876666189001526,-11.296223481909408,-3.9641289378548663,LANE_SURFACE_UNSTRUCTURE,False,True,True
pg:scenarionet_v1:PGMap-5000090,pg,train,ok,-8.883046139094276,1.776609227818839,8.881784197001252e-16,1,1,,,,,False,True,False
pg:scenarionet_v1:PGMap-5000092,pg,validation,ok,-6.157462594805678,6.157462594805665,8.881784197001252e-16,1,1,,,,,False,True,True
pg:scenarionet_v1:PGMap-5000094,pg,test,ok,-2.1972214175217175,6.591664252565138,0.0,1,1,,,,,False,False,True
pg:scenarionet_v1:PGMap-5000109,pg,test,ok,-4.829983028457889,4.829983028457875,0.0,1,1,,,,,False,True,True
pg:scenarionet_v1:PGMap-5000130,pg,test,ok,-10.60727333201281,2.121454666402542,0.0,1,1,,,,,False,True,False
pg:scenarionet_v1:PGMap-5000131,pg,test,ok,-1.6681895816625314,5.00456874498758,0.0,1,1,,,,,False,False,True
pg:scenarionet_v1:PGMap-5000137,pg,test,ok,-6.413060066065967,28.101493509509286,3.552713678800501e-15,2,2,1.5918519704001568,-16.190249516706217,-8.004912036466123,LANE_SURFACE_UNSTRUCTURE,False,True,True
pg:scenarionet_v1:PGMap-5000141,pg,test,ok,-6.698888332006376,28.863702218683674,3.552713678800501e-15,2,2,1.009330525197484,-15.7433223191601,-7.70821885720386,LANE_SURFACE_UNSTRUCTURE,False,True,True
pg:scenarionet_v1:PGMap-5000143,pg,test,ok,-2.1216852066178418,6.365055619853582,1.554312234475219e-14,1,1,,,,,False,False,True
pg:scenarionet_v1:PGMap-5000145,pg,train,ok,-11.349644347697847,23.86222098400195,0.0,1,1,,,,,False,True,True
pg:scenarionet_v1:PGMap-5000150,pg,test,ok,-11.698449969819052,2.9818435805887304,0.0,1,1,,,,,False,True,True
pg:scenarionet_v1:PGMap-5000158,pg,test,ok,-4.83361308340659,1.6112043611355067,4.440892098500626e-16,1,1,,,,,False,True,False
pg:scenarionet_v1:PGMap-5000159,pg,validation,ok,-7.825375810596005,1.5650751621191232,8.43769498715119e-15,1,1,,,,,False,True,False
pg:scenarionet_v1:PGMap-5000167,pg,test,ok,-1.8044680024978583,5.4134040074936385,1.509903313490213e-14,1,1,,,,,False,False,True
pg:scenarionet_v1:PGMap-5000177,pg,train,ok,-15.15711819607175,27.79970386982788,0.0,1,1,,,,,False,True,True
pg:scenarionet_v1:PGMap-5000178,pg,test,ok,-14.06477979580748,5.981642575129441,1.7763568394002505e-15,2,1,3.851403796544732,-38.015864445854575,-17.916183592352212,LANE_SURFACE_STREET,False,True,True
pg:scenarionet_v1:PGMap-5000185,pg,validation,ok,-4.917974208078658,4.917974208078702,2.6645352591003757e-14,1,1,,,,,False,True,True
pg:scenarionet_v1:PGMap-5000193,pg,validation,ok,-5.766364107970546,1.9221213693235195,4.440892098500626e-16,1,1,,,,,False,True,False
pg:scenarionet_v1:PGMap-5000194,pg,test,ok,-6.330896210144772,2.1102987367149098,0.0,1,1,,,,,False,True,False
pg:scenarionet_v1:PGMap-5000197,pg,test,ok,-10.856879923714061,2.1713759847428236,0.0,1,1,,,,,False,True,False
pg:scenarionet_v1:PGMap-5000207,pg,validation,ok,-5.120295882224612,1.7067652940748481,6.439293542825908e-15,1,1,,,,,False,True,False
pg:scenarionet_v1:PGMap-5000211,pg,validation,ok,-11.0,8.115758299020285,0.0,2,2,6.558825814263997,14.674584113284283,21.448726218907836,LANE_SURFACE_UNSTRUCTURE,False,True,True
pg:scenarionet_v1:PGMap-5000214,pg,test,ok,-1.5791019338915504,4.737305801674708,0.0,1,1,,,,,False,False,True
pg:scenarionet_v1:PGMap-5000236,pg,validation,ok,-4.958501052180348,1.652833684060125,4.440892098500626e-15,1,1,,,,,False,True,False
pg:scenarionet_v1:PGMap-5000240,pg,train,ok,-2.000458643558319,10.002293217791598,5.329070518200751e-15,1,1,,,,,False,False,True
pg:scenarionet_v1:PGMap-5000246,pg,validation,ok,-6.460216027049938,6.460216027049953,8.881784197001252e-16,1,1,,,,,False,True,True
pg:scenarionet_v1:PGMap-5000249,pg,validation,ok,-9.524747360806332,1.9049494721613034,2.4424906541753444e-15,1,1,,,,,False,True,False
pg:scenarionet_v1:PGMap-5000254,pg,test,ok,-1.618420752771513,4.855262258314568,0.0,1,1,,,,,False,False,True
pg:scenarionet_v1:PGMap-5000261,pg,test,ok,-22.881324554876674,2.110946613978091,6.039613253960852e-14,2,1,0.02952722501629168,-50.174227126731346,-22.910851779892965,LANE_SURFACE_STREET|LANE_SURFACE_UNSTRUCTURE,False,True,False
pg:scenarionet_v1:PGMap-5000268,pg,train,ok,-5.306251614852018,1.7726707146232776,1.0658141036401503e-14,1,1,,,,,False,True,False
pg:scenarionet_v1:PGMap-5000282,pg,test,ok,-1.8574131108360774,9.287065554180344,0.0,1,1,,,,,False,False,True
pg:scenarionet_v1:PGMap-5000298,pg,validation,ok,-17.439901642482525,20.720025766031384,0.0,1,1,,,,,False,True,True
pg:scenarionet_v1:PGMap-5000300,pg,validation,ok,-1.6518085877160615,4.955425763148213,1.4210854715202004e-14,1,1,,,,,False,False,True
pg:scenarionet_v1:PGMap-5000303,pg,test,ok,-2.0086621240038625,6.0259863720115305,0.0,1,1,,,,,False,False,True
pg:scenarionet_v1:PGMap-5000312,pg,train,ok,-13.126672962059558,1.682321564650267,8.881784197001252e-16,2,2,0.011104682074389416,-17.736790986805744,-13.137777644133948,LANE_SURFACE_UNSTRUCTURE,False,True,False
pg:scenarionet_v1:PGMap-5000315,pg,test,ok,-4.607945933398696,4.607945933398682,0.0,1,1,,,,,False,True,True
pg:scenarionet_v1:PGMap-5000332,pg,test,ok,-4.119091291827203,9.637268967236267,0.0,3,3,0.014482856308902115,-11.302475868661872,-4.1335741481361055,LANE_SURFACE_UNSTRUCTURE,False,True,True
pg:scenarionet_v1:PGMap-5000337,pg,validation,ok,-6.5917065553090595,6.591706555309074,0.0,1,1,,,,,False,True,True
pg:scenarionet_v1:PGMap-5000340,pg,validation,ok,-1.6237170144252673,8.118585072126393,0.0,1,1,,,,,False,False,True
pg:scenarionet_v1:PGMap-5000343,pg,train,ok,-11.262518116117306,7.72293899976313,0.0,2,2,6.89902650123841,14.62196550100154,20.26026338778226,LANE_SURFACE_UNSTRUCTURE,False,True,True
pg:scenarionet_v1:PGMap-5000351,pg,test,ok,-6.708021918738069,2.236007306246023,0.0,1,1,,,,,False,True,False
pg:scenarionet_v1:PGMap-5000353,pg,validation,ok,-5.236777663703987,1.7455925545679998,7.993605777301127e-15,1,1,,,,,False,True,False
pg:scenarionet_v1:PGMap-5000354,pg,train,ok,-5.249012561469613,1.7496708538232042,0.0,1,1,,,,,False,True,False
pg:scenarionet_v1:PGMap-5000355,pg,validation,ok,-5.03766259191471,5.037662591914668,0.0,1,1,,,,,False,True,True
pg:scenarionet_v1:PGMap-5000357,pg,test,ok,-2.2263321065032784,6.678996319509835,0.0,1,1,,,,,False,False,True
pg:scenarionet_v1:PGMap-5000369,pg,test,ok,-1.5092899819538985,4.527869945861724,0.0,1,1,,,,,False,False,True
pg:scenarionet_v1:PGMap-5000370,pg,test,ok,-2.08675104612729,6.260253138381856,0.0,1,1,,,,,False,False,True
pg:scenarionet_v1:PGMap-5000371,pg,test,ok,-2.042309402788831,6.126928208366493,0.0,1,1,,,,,False,False,True
pg:scenarionet_v1:PGMap-5000372,pg,test,ok,-1.7425449675669569,5.227634902700885,0.0,1,1,,,,,False,False,True
pg:scenarionet_v1:PGMap-5000375,pg,train,ok,-9.64415443612711,3.4839334288941903,4.440892098500626e-16,1,1,,,,,False,True,True
pg:scenarionet_v1:PGMap-5000382,pg,train,ok,-15.889229747074722,27.412747214465554,0.0,1,1,,,,,False,True,True
pg:scenarionet_v1:PGMap-5000390,pg,test,ok,-1.7933504195727532,5.380051258718206,6.661338147750939e-15,1,1,,,,,False,False,True
pg:scenarionet_v1:PGMap-5000392,pg,train,ok,-2.2193767724620095,11.096883862310222,1.4210854715202004e-14,1,1,,,,,False,False,True
pg:scenarionet_v1:PGMap-5000398,pg,validation,ok,-5.921643073907774,26.79104819708735,0.0,2,2,1.034578117520013,-15.872900777286787,-6.956221191427787,LANE_SURFACE_UNSTRUCTURE,False,True,True
pg:scenarionet_v1:PGMap-5000405,pg,test,ok,-1.6031637602539348,4.809491280761819,0.0,1,1,,,,,False,False,True
pg:scenarionet_v1:PGMap-5000416,pg,test,ok,-5.125125212400334,5.125125212400334,0.0,1,1,,,,,False,True,True
pg:scenarionet_v1:PGMap-5000418,pg,validation,ok,-2.125047294030523,6.375141882091555,0.0,1,1,,,,,False,False,True
pg:scenarionet_v1:PGMap-5000425,pg,test,ok,-1.7293555323602787,5.188066597080863,5.551115123125783e-15,1,1,,,,,False,False,True
pg:scenarionet_v1:PGMap-5000427,pg,test,ok,-2.015754956376651,6.047264869129826,1.1546319456101628e-14,1,1,,,,,False,False,True
pg:scenarionet_v1:PGMap-5000429,pg,validation,ok,-9.764971147240558,1.9529942294481089,0.0,2,2,3.742248893414356,-18.834730779347836,-13.507220040654914,LANE_SURFACE_UNSTRUCTURE,False,True,False
pg:scenarionet_v1:PGMap-5000441,pg,train,ok,-8.529526200120259,1.7059052400240526,8.881784197001252e-16,2,2,1.1304733417390906,-18.406174116247314,-9.65999954185935,LANE_SURFACE_UNSTRUCTURE,False,True,False
pg:scenarionet_v1:PGMap-5000442,pg,test,ok,-5.0713015614041765,5.071301561404235,8.881784197001252e-15,1,1,,,,,False,True,True
pg:scenarionet_v1:PGMap-5000444,pg,test,ok,-6.334086698804725,2.1113622329349084,0.0,1,1,,,,,False,True,False
pg:scenarionet_v1:PGMap-5000447,pg,test,ok,-7.817405423942866,1.5634810847885758,7.105427357601002e-15,1,1,,,,,False,True,False
pg:scenarionet_v1:PGMap-5000449,pg,test,ok,-6.6817897175789795,6.681789717578951,0.0,1,1,,,,,False,True,True
pg:scenarionet_v1:PGMap-6000004,pg,validation,ok,-6.470265689919644,2.1567552299732102,3.9968028886505635e-15,1,1,,,,,False,True,False
pg:scenarionet_v1:PGMap-6000023,pg,test,ok,-5.45119951167156,3.5637041538299687,2.3092638912203256e-14,1,1,,,,,False,True,True
pg:scenarionet_v1:PGMap-6000032,pg,test,ok,-5.755140121232444,5.755140121232444,0.0,2,2,4.688343312361951,-14.280243514416014,-10.443483433594395,LANE_SURFACE_STREET,False,True,True
pg:scenarionet_v1:PGMap-6000037,pg,validation,ok,-8.18921802283515,1.6378436045670526,0.0,1,1,,,,,False,True,False
pg:scenarionet_v1:PGMap-6000047,pg,validation,ok,-1.759891095941086,8.799455479705431,1.3988810110276972e-14,1,1,,,,,False,False,True
pg:scenarionet_v1:PGMap-6000056,pg,test,ok,-8.487783096378545,1.6975566192757257,3.26405569239796e-14,1,1,,,,,False,True,False
pg:scenarionet_v1:PGMap-6000072,pg,test,ok,-11.04711498358806,32.07777570398656,0.0,1,1,,,,,False,True,True
pg:scenarionet_v1:PGMap-6000096,pg,validation,ok,-22.52014638549589,5.6404886058319885,1.7763568394002505e-15,1,1,,,,,False,True,True
pg:scenarionet_v1:PGMap-6000102,pg,validation,ok,-1.9119743432144105,30.36881284055673,0.0,2,1,6.25346024032828,-11.0,-8.165434583542691,LANE_SURFACE_UNSTRUCTURE,False,False,True
pg:scenarionet_v1:PGMap-6000103,pg,validation,ok,-4.674789395522977,3.227052528219872,1.7763568394002505e-15,1,1,,,,,False,True,True
pg:scenarionet_v1:PGMap-6000118,pg,train,ok,-1.6572401849646212,8.286200924823163,1.4210854715202004e-14,1,1,,,,,False,False,True
pg:scenarionet_v1:PGMap-6000123,pg,test,ok,-1.8020017000669304,1.8020017000669617,7.993605777301127e-15,2,2,1.6532466712238483,-7.114849333113455,-3.4552483712907787,LANE_SURFACE_STREET,False,False,False
pg:scenarionet_v1:PGMap-6000124,pg,train,ok,-14.617878081766492,20.934053774086323,0.0,2,2,0.014777285461477163,-17.7236107620254,-14.632655367227969,LANE_SURFACE_UNSTRUCTURE,False,True,True
pg:scenarionet_v1:PGMap-6000133,pg,validation,ok,-2.139720963051051,2.139720963051051,3.552713678800501e-15,1,1,,,,,False,False,False
pg:scenarionet_v1:PGMap-6000136,pg,validation,ok,-2.1000287836102562,6.295679377864636,7.993605777301127e-15,1,1,,,,,False,False,True
pg:scenarionet_v1:PGMap-6000141,pg,train,ok,-17.683320022885127,20.799897425662124,0.0,1,1,,,,,False,True,True
pg:scenarionet_v1:PGMap-6000153,pg,test,ok,-4.923978106593836,1.6413260355312644,0.0,1,1,,,,,False,True,False
pg:scenarionet_v1:PGMap-6000164,pg,test,ok,-16.036445356186903,6.1420992370688765,0.0,1,1,,,,,False,True,True
pg:scenarionet_v1:PGMap-6000166,pg,train,ok,-12.81102910568898,1.8301470150984451,7.105427357601002e-15,1,1,,,,,False,True,False
pg:scenarionet_v1:PGMap-6000173,pg,train,ok,-1.7591795894572897,20.28467579444973,3.552713678800501e-15,2,1,60.31074374162918,80.59541953607891,99.95610279931498,LANE_SURFACE_STREET,False,False,True
pg:scenarionet_v1:PGMap-6000175,pg,test,ok,-2.2457419996281405,2.2524580227766537,1.7319479184152442e-14,3,2,0.5609915216476904,2.813449544424344,11.28667182181917,LANE_SURFACE_STREET,False,False,False
pg:scenarionet_v1:PGMap-6000176,pg,test,ok,-19.74689014764401,4.006045889420335,0.0,2,2,11.852377413909139,15.858423303329474,23.743561612977572,LANE_SURFACE_UNSTRUCTURE,False,True,True
pg:scenarionet_v1:PGMap-6000180,pg,train,ok,-6.017156592180623,22.985760702599727,1.0658141036401503e-14,2,1,59.682416342669704,82.66817704526943,91.83649064675865,LANE_SURFACE_STREET,False,True,True
pg:scenarionet_v1:PGMap-6000182,pg,test,ok,-9.366769623704556,1.8733539247409112,0.0,1,1,,,,,False,True,False
pg:scenarionet_v1:PGMap-6000183,pg,test,ok,-9.767816374472943,2.340114084504095,8.881784197001252e-16,1,1,,,,,False,True,False
pg:scenarionet_v1:PGMap-6000189,pg,test,ok,-1.5723185953803156,4.716955786140988,5.995204332975845e-15,1,1,,,,,False,False,True
pg:scenarionet_v1:PGMap-6000191,pg,test,ok,-4.891298165555341,4.8912981655553125,0.0,1,1,,,,,False,True,True
pg:scenarionet_v1:PGMap-6000192,pg,train,ok,-6.14008249582082,6.140082495820806,0.0,2,2,4.688343312361965,-14.92181413873,-10.828425808182786,LANE_SURFACE_STREET,False,True,True
pg:scenarionet_v1:PGMap-6000197,pg,test,ok,-1.968007082927537,5.904021248782727,1.3322676295501878e-14,1,1,,,,,False,False,True
pg:scenarionet_v1:PGMap-6000213,pg,train,ok,-11.821373661122635,22.047241988404465,0.0,2,2,0.011834822431481484,22.059076810835947,27.566334369557126,LANE_SURFACE_UNSTRUCTURE,False,True,True
pg:scenarionet_v1:PGMap-6000222,pg,train,ok,-4.587856281404683,1.5292854271348801,0.0,1,1,,,,,False,True,False
pg:scenarionet_v1:PGMap-6000231,pg,test,ok,-3.103083688083146,2.025712416062646,0.0,1,1,,,,,False,True,False
pg:scenarionet_v1:PGMap-6000236,pg,test,ok,-2.009912048514117,15.242519417025207,7.105427357601002e-15,3,2,14.912387893502384,30.15490731052759,36.82199277712314,LANE_SURFACE_STREET,False,False,True
pg:scenarionet_v1:PGMap-6000240,pg,validation,ok,-10.838384688073743,2.166352675914241,1.7763568394002505e-15,1,1,,,,,False,True,False
pg:scenarionet_v1:PGMap-6000249,pg,test,ok,-8.02540522108643,2.1002605451873677,0.0,1,1,,,,,False,True,False
pg:scenarionet_v1:PGMap-6000270,pg,test,ok,-11.42199415212184,9.402203241150062,0.0,3,3,0.022253987925154206,-14.984154893426066,-11.444248140046994,LANE_SURFACE_UNSTRUCTURE,False,True,True
pg:scenarionet_v1:PGMap-6000282,pg,test,ok,-5.0203579842811195,18.998606822517726,3.552713678800501e-15,1,1,,,,,False,True,True
pg:scenarionet_v1:PGMap-6000290,pg,train,ok,-9.242638340021632,13.074370136559374,1.0658141036401503e-14,1,1,,,,,False,True,True
pg:scenarionet_v1:PGMap-6000293,pg,train,ok,-9.49866631488827,1.8997332629776449,1.2434497875801753e-14,1,1,,,,,False,True,False
pg:scenarionet_v1:PGMap-6000294,pg,test,ok,-1.4935754978232556,16.41567576093527,3.552713678800501e-15,2,1,29.89498000007467,46.31065576100994,59.229149515120895,LANE_SURFACE_STREET,False,False,True
pg:scenarionet_v1:PGMap-6000309,pg,train,ok,-1.8976179226187924,22.38570753571277,0.0,2,2,4.175821713406151,-11.36391628701918,-6.073439636024943,LANE_SURFACE_UNSTRUCTURE,False,False,True
pg:scenarionet_v1:PGMap-6000310,pg,train,ok,-6.513710104423893,2.1712367014746548,0.0,1,1,,,,,False,True,False
pg:scenarionet_v1:PGMap-6000321,pg,train,ok,-2.1330479238653908,1.9735330102632824,8.881784197001252e-16,1,1,,,,,False,False,False
pg:scenarionet_v1:PGMap-6000330,pg,validation,ok,-8.081818103403464,6.1402225639564705,0.0,1,1,,,,,False,True,True
pg:scenarionet_v1:PGMap-6000352,pg,train,ok,-5.582487740434118,1.8608292468113632,0.0,1,1,,,,,False,True,False
pg:scenarionet_v1:PGMap-6000357,pg,validation,ok,-2.0305548788262087,10.152774394131043,0.0,1,1,,,,,False,False,True
pg:scenarionet_v1:PGMap-6000358,pg,test,ok,-9.172811737268999,1.8431430429156883,3.552713678800501e-15,1,1,,,,,False,True,False
pg:scenarionet_v1:PGMap-6000359,pg,train,ok,-10.245756296023188,17.732088026168597,0.0,1,2,,,,,False,True,True
pg:scenarionet_v1:PGMap-6000369,pg,validation,ok,-1.5455721164900114,1.557884175588396,1.176836406102666e-14,1,1,,,,,False,False,False
pg:scenarionet_v1:PGMap-6000371,pg,validation,ok,-10.147426782203638,22.995509593900394,0.0,2,2,0.01054048765875848,-19.00816099643332,-10.157967269862397,LANE_SURFACE_UNSTRUCTURE,False,True,True
pg:scenarionet_v1:PGMap-6000379,pg,test,ok,-6.703543715737413,6.703543715737332,1.687538997430238e-14,1,1,,,,,False,True,True
pg:scenarionet_v1:PGMap-6000385,pg,test,ok,-4.920693939824243,4.407327853374101,3.552713678800501e-15,1,1,,,,,False,True,True
pg:scenarionet_v1:PGMap-6000393,pg,train,ok,-1.5938942363132773,4.773944010948148,7.993605777301127e-15,1,1,,,,,False,False,True
pg:scenarionet_v1:PGMap-6000410,pg,test,ok,-9.456884910343296,17.93012986135895,8.881784197001252e-15,2,1,36.42244616140434,54.35257602276329,73.69051378590845,LANE_SURFACE_STREET,False,True,True
pg:scenarionet_v1:PGMap-6000415,pg,test,ok,-13.223323130669513,9.704962949026651,0.0,3,3,0.5272859030579724,-15.11618299102875,-13.750609033727486,LANE_SURFACE_UNSTRUCTURE,False,True,True
pg:scenarionet_v1:PGMap-6000427,pg,test,ok,-18.104184882753955,5.7460885654828635,8.881784197001252e-16,2,1,10.485265934271368,-54.11618724160488,-28.589450817025323,LANE_SURFACE_STREET,False,True,True
pg:scenarionet_v1:PGMap-6000428,pg,validation,ok,-8.061272756731967,3.2061667268672234,4.440892098500626e-16,1,1,,,,,False,True,True
pg:scenarionet_v1:PGMap-6000434,pg,validation,ok,-2.152614666535584,6.457843999606723,0.0,1,1,,,,,False,False,True
pg:scenarionet_v1:PGMap-6000436,pg,train,ok,-6.188110155443908,2.062703385147975,5.329070518200751e-15,2,2,3.3935489164047254,-13.770706891260787,-9.581659071848634,LANE_SURFACE_STREET,False,True,False
pg:scenarionet_v1:PGMap-6000438,pg,test,ok,-5.776142757309415,1.8477949879806208,4.440892098500626e-16,1,1,,,,,False,True,False
pg:scenarionet_v1:PGMap-6000439,pg,test,ok,-5.602312132486544,5.505282921232982,6.217248937900877e-15,2,2,25.004003876374917,30.5092867976079,32.3424177367483,LANE_SURFACE_STREET,False,True,True
pg:scenarionet_v1:PGMap-7920020,pg,train,ok,-4.579502397511149,1.5265007991703636,4.440892098500626e-16,1,1,,,,,False,True,False
pg:scenarionet_v1:PGMap-7920060,pg,test,ok,-1.9348649820027914,5.804594946008234,2.6645352591003757e-15,1,1,,,,,False,False,True
pg:scenarionet_v1:PGMap-7920083,pg,test,ok,-2.017949674505701,2.017949674505701,0.0,1,1,,,,,False,False,False
pg:scenarionet_v1:PGMap-7920099,pg,train,ok,-1.9472149079672079,1.9472149079672363,0.0,1,1,,,,,False,False,False
pg:scenarionet_v1:PGMap-7920100,pg,train,ok,-1.7629895483016709,8.814947741508442,9.769962616701378e-15,2,2,0.34114809298934734,-5.663434777772707,-2.104137641291018,LANE_SURFACE_STREET,False,False,True
pg:scenarionet_v1:PGMap-7920111,pg,train,ok,-1.5653424062092256,4.696027218627677,0.0,1,1,,,,,False,False,True
pg:scenarionet_v1:PGMap-7920124,pg,train,ok,-6.603957493315962,2.201319164438661,3.1086244689504383e-15,1,1,,,,,False,True,False
pg:scenarionet_v1:PGMap-7920153,pg,train,ok,-6.6933106091702825,6.693310609170268,0.0,1,1,,,,,False,True,True
pg:scenarionet_v1:PGMap-7920162,pg,train,ok,-9.931825218534428,1.9863650437068827,0.0,1,1,,,,,False,True,False
pg:scenarionet_v1:PGMap-7920175,pg,train,ok,-1.744584307198778,5.233752921596306,0.0,1,1,,,,,False,False,True
pg:scenarionet_v1:PGMap-7920208,pg,train,ok,-1.684648824290349,8.42324412145166,0.0,1,1,,,,,False,False,True
pg:scenarionet_v1:PGMap-7920231,pg,train,ok,-1.639473330312783,18.80532490064171,3.552713678800501e-15,2,1,36.62596247609035,55.43128737673206,69.88888497993688,LANE_SURFACE_STREET,False,False,True
pg:scenarionet_v1:PGMap-7920273,pg,test,ok,-8.264602059134434,18.36742094101271,1.7763568394002505e-15,2,1,45.884188676875766,64.25160961788848,86.61464034013724,LANE_SURFACE_STREET,False,True,True
pg:scenarionet_v1:PGMap-7920314,pg,train,ok,-1.9310353821554351,9.655176910777437,4.796163466380676e-14,2,2,4.688343312361931,-10.48144945882838,-6.619378694517366,LANE_SURFACE_STREET,False,False,True
pg:scenarionet_v1:PGMap-7920333,pg,train,ok,-6.248813749221355,6.248813749221327,0.0,1,1,,,,,False,True,True
pg:scenarionet_v1:PGMap-7920364,pg,train,ok,-4.68496227949548,1.5616540931651315,0.0,1,1,,,,,False,True,False
pg:scenarionet_v1:PGMap-7920381,pg,train,ok,-1.682390477556467,1.682390477556467,0.0,1,1,,,,,False,False,False
pg:scenarionet_v1:PGMap-7920398,pg,train,ok,-1.8808064367615582,8.049377243919109,1.7763568394002505e-15,1,1,,,,,False,False,True
pg:scenarionet_v1:PGMap-7920417,pg,train,ok,-8.216683653288186,1.643336730657623,0.0,1,1,,,,,False,True,False
pg:scenarionet_v1:PGMap-7920432,pg,train,ok,-4.688717119594134,4.688717119594176,3.552713678800501e-15,1,1,,,,,False,True,True
pg:scenarionet_v1:PGMap-7920440,pg,train,ok,-1.5667523880954024,1.5667523880954024,7.327471962526033e-15,1,1,,,,,False,False,False
pg:scenarionet_v1:PGMap-7920454,pg,train,ok,-1.5363303116085918,1.5363303116086267,1.0436096431476471e-14,1,1,,,,,False,False,False
pg:scenarionet_v1:PGMap-7920466,pg,train,ok,-9.222133388958866,1.8444266777917733,0.0,1,1,,,,,False,True,False
pg:scenarionet_v1:PGMap-7920498,pg,train,ok,-2.237840228314858,11.189201141574424,2.3092638912203256e-14,1,1,,,,,False,False,True
pg:scenarionet_v1:PGMap-8920012,pg,train,ok,-4.8259354664221945,4.825935466422223,0.0,1,1,,,,,False,True,True
pg:scenarionet_v1:PGMap-8920052,pg,test,ok,-6.706097265287056,6.706097265287042,0.0,1,1,,,,,False,True,True
pg:scenarionet_v1:PGMap-8920074,pg,train,ok,-11.337366262775802,57.09201853966842,7.105427357601002e-15,1,1,,,,,False,True,True
pg:scenarionet_v1:PGMap-8920099,pg,train,ok,-19.326691175334716,24.16193996775256,0.0,1,1,,,,,False,True,True
pg:scenarionet_v1:PGMap-8920128,pg,train,ok,-4.686167931334844,4.686076990235148,1.1546319456101628e-14,1,1,,,,,False,True,True
pg:scenarionet_v1:PGMap-8920141,pg,train,ok,-6.4334645542832005,2.1444881847610677,8.881784197001252e-15,1,1,,,,,False,True,False
pg:scenarionet_v1:PGMap-8920158,pg,train,ok,-5.294978740289807,1.7649929134299498,0.0,1,1,,,,,False,True,False
pg:scenarionet_v1:PGMap-8920162,pg,train,ok,-15.33637186115638,29.258861719271977,0.0,1,1,,,,,False,True,True
pg:scenarionet_v1:PGMap-8920163,pg,train,ok,-5.549941207802417,5.529599337623228,3.552713678800501e-15,2,2,2.731719883544332,-27.737819656948247,-8.281661091346749,LANE_SURFACE_STREET|LANE_SURFACE_UNSTRUCTURE,False,True,True
pg:scenarionet_v1:PGMap-8920237,pg,train,ok,-15.803715515576258,5.942693547940081,0.0,1,1,,,,,False,True,True
pg:scenarionet_v1:PGMap-8920244,pg,train,ok,-6.34925091677621,6.323704792792271,3.552713678800501e-15,2,2,0.9792402623227225,-28.76985817482668,-7.328491179098933,LANE_SURFACE_STREET|LANE_SURFACE_UNSTRUCTURE,False,True,True
pg:scenarionet_v1:PGMap-8920259,pg,train,ok,-2.1716015219616196,6.514804565884873,0.0,1,1,,,,,False,False,True
pg:scenarionet_v1:PGMap-8920265,pg,train,ok,-1.8682939637204612,22.209763782322753,0.0,2,2,1.4162668864704244,-11.433154293826263,-3.2845608501908856,LANE_SURFACE_UNSTRUCTURE,False,False,True
pg:scenarionet_v1:PGMap-8920267,pg,train,ok,-4.880200290990304,4.852230558787255,1.7763568394002505e-15,2,2,2.4547058630649143,-23.34821456937263,-7.3349061540552185,LANE_SURFACE_STREET|LANE_SURFACE_UNSTRUCTURE,False,True,True
pg:scenarionet_v1:PGMap-8920286,pg,train,ok,-1.5137477140587041,4.541243142176178,7.105427357601002e-15,1,1,,,,,False,False,True
pg:scenarionet_v1:PGMap-8920298,pg,train,ok,-6.726637300412497,6.726637300412477,5.329070518200751e-15,1,1,,,,,False,True,True
pg:scenarionet_v1:PGMap-8920323,pg,train,ok,-4.533844581551173,1.5112815271836881,7.993605777301127e-15,1,1,,,,,False,True,False
pg:scenarionet_v1:PGMap-8920333,pg,train,ok,-5.148513898159834,5.148513898159848,0.0,1,1,,,,,False,True,True
pg:scenarionet_v1:PGMap-8920339,pg,train,ok,-5.0972523406241095,5.0972523406241095,0.0,1,1,,,,,False,True,True
pg:scenarionet_v1:PGMap-8920347,pg,train,ok,-1.500055882848656,4.500167648545926,0.0,1,1,,,,,False,False,True
pg:scenarionet_v1:PGMap-8920349,pg,train,ok,-5.516212507027408,5.516212507027381,8.881784197001252e-15,1,1,,,,,False,True,True
pg:scenarionet_v1:PGMap-8920354,pg,train,ok,-10.501649179184653,2.1003298358369165,0.0,1,1,,,,,False,True,False
pg:scenarionet_v1:PGMap-8920360,pg,test,ok,-11.309407121625512,2.877190684702584,8.881784197001252e-16,1,1,,,,,False,True,True
pg:scenarionet_v1:PGMap-8920363,pg,train,ok,-1.9315905353573442,5.794771606072004,0.0,1,1,,,,,False,False,True
pg:scenarionet_v1:PGMap-8920411,pg,train,ok,-1.55004924142969,4.65014772428907,0.0,1,1,,,,,False,False,True
pg:scenarionet_v1:PGMap-8920416,pg,train,ok,-17.637057431628406,1.599995093538027,0.0,1,1,,,,,False,True,False
pg:scenarionet_v1:PGMap-8920461,pg,train,ok,-1.5276351241850132,4.582905372555104,2.4424906541753444e-15,1,1,,,,,False,False,True
pg:scenarionet_v1:PGMap-8920467,pg,train,ok,-5.4283489759448855,1.80944965864829,4.440892098500626e-16,1,1,,,,,False,True,False
pg:scenarionet_v1:PGMap-8920480,pg,train,ok,-4.6822796839997665,4.682279683999795,0.0,1,1,,,,,False,True,True
pg:scenarionet_v1:PGMap-8920495,pg,train,ok,-1.902792335897658,5.708377007692974,0.0,1,1,,,,,False,False,True
pg:scenarionet_v1:PGMap-8920507,pg,train,ok,-10.732491056809868,2.1464982113619624,8.881784197001252e-15,1,1,,,,,False,True,False
pg:scenarionet_v1:PGMap-8920516,pg,train,ok,-2.2072648978600427,11.036324489300213,0.0,1,1,,,,,False,False,True
pg:scenarionet_v1:PGMap-8920540,pg,train,ok,-8.525467450093046,6.406660839043942,5.329070518200751e-15,4,3,0.05138239101745512,-13.318019106218472,-8.576849841110501,LANE_SURFACE_UNSTRUCTURE,False,True,True
pg:scenarionet_v1:PGMap-920000,pg,train,ok,-6.71773839382211,2.239246131274008,7.105427357601002e-15,1,1,,,,,False,True,False
pg:scenarionet_v1:PGMap-920002,pg,train,ok,-6.116079414201904,6.116079414201899,1.5987211554602254e-14,1,1,,,,,False,True,True
pg:scenarionet_v1:PGMap-920003,pg,train,ok,-6.50290795069651,2.1676359835655035,0.0,1,1,,,,,False,True,False
pg:scenarionet_v1:PGMap-920005,pg,train,ok,-5.090047881746656,1.6966826272488902,0.0,1,1,,,,,False,True,False
pg:scenarionet_v1:PGMap-920006,pg,train,ok,-1.6226399355518533,4.867919806655456,8.881784197001252e-15,1,1,,,,,False,False,True
pg:scenarionet_v1:PGMap-920008,pg,test,ok,-6.010115906038077,2.0033719686792955,7.993605777301127e-15,1,1,,,,,False,True,False
pg:scenarionet_v1:PGMap-920012,pg,train,ok,-5.538995142503211,5.538995142503197,0.0,1,1,,,,,False,True,True
pg:scenarionet_v1:PGMap-920015,pg,train,ok,-1.6329141349538205,4.8987424048614345,2.6645352591003757e-15,1,1,,,,,False,False,True
pg:scenarionet_v1:PGMap-920017,pg,train,ok,-6.395275479945763,6.395275479945829,1.7763568394002505e-14,1,1,,,,,False,True,True
pg:scenarionet_v1:PGMap-920020,pg,train,ok,-6.333024030444506,6.3330240304445065,8.881784197001252e-16,1,1,,,,,False,True,True
pg:scenarionet_v1:PGMap-920021,pg,train,ok,-6.295664090258159,2.098554696752718,3.9968028886505635e-15,1,1,,,,,False,True,False
pg:scenarionet_v1:PGMap-920022,pg,train,ok,-5.946668229072497,1.982222743024136,3.552713678800501e-15,1,1,,,,,False,True,False
pg:scenarionet_v1:PGMap-920024,pg,train,ok,-1.9402977568119013,9.701488784059478,0.0,1,1,,,,,False,False,True
pg:scenarionet_v1:PGMap-920025,pg,train,ok,-1.7003501263165506,5.1010503789495045,4.440892098500626e-15,1,1,,,,,False,False,True
pg:scenarionet_v1:PGMap-920026,pg,train,ok,-1.68609422602704,5.058282678081134,6.217248937900877e-15,1,1,,,,,False,False,True
pg:scenarionet_v1:PGMap-920028,pg,train,ok,-1.6854497144435072,5.0563491433305074,0.0,1,1,,,,,False,False,True
pg:scenarionet_v1:PGMap-920030,pg,train,ok,-10.262930040625188,2.052586008125041,6.217248937900877e-15,1,1,,,,,False,True,False
pg:scenarionet_v1:PGMap-920032,pg,train,ok,-1.5694659179342096,4.708397753802629,0.0,1,1,,,,,False,False,True
pg:scenarionet_v1:PGMap-920033,pg,train,ok,-4.873320724053331,1.6244402413511014,5.995204332975845e-15,1,1,,,,,False,True,False
pg:scenarionet_v1:PGMap-920034,pg,train,ok,-2.020146347750535,10.100731738752621,7.105427357601002e-15,1,1,,,,,False,False,True
pg:scenarionet_v1:PGMap-920035,pg,train,ok,-6.020572296981046,6.02057229698107,1.5987211554602254e-14,1,1,,,,,False,True,True
pg:scenarionet_v1:PGMap-920037,pg,train,ok,-1.8201642793234925,9.100821396617476,0.0,1,1,,,,,False,False,True
pg:scenarionet_v1:PGMap-920040,pg,train,ok,-10.9081818655024,2.1816363731004884,0.0,1,1,,,,,False,True,False
pg:scenarionet_v1:PGMap-920042,pg,train,ok,-5.667995658423167,1.8893318861410617,3.1086244689504383e-15,1,1,,,,,False,True,False
pg:scenarionet_v1:PGMap-920043,pg,test,ok,-5.377984140072079,1.7926613800240214,6.661338147750939e-15,1,1,,,,,False,True,False
pg:scenarionet_v1:PGMap-920044,pg,train,ok,-2.187670665505832,6.5630119965175435,2.220446049250313e-15,1,1,,,,,False,False,True
pg:scenarionet_v1:PGMap-920051,pg,train,ok,-1.5625272372295236,7.812636186147622,7.993605777301127e-15,1,1,,,,,False,False,True
pg:scenarionet_v1:PGMap-920055,pg,train,ok,-6.357369153510177,2.119123051170064,0.0,1,1,,,,,False,True,False
pg:scenarionet_v1:PGMap-920056,pg,train,ok,-6.318975599441998,2.106325199814002,7.105427357601002e-15,1,1,,,,,False,True,False
pg:scenarionet_v1:PGMap-920065,pg,train,ok,-2.1026987311952183,6.308096193585655,0.0,1,1,,,,,False,False,True
pg:scenarionet_v1:PGMap-920066,pg,train,ok,-5.523840051705323,5.523840051705352,2.6645352591003757e-15,1,1,,,,,False,True,True
pg:scenarionet_v1:PGMap-920067,pg,train,ok,-4.572219667271022,1.5240732224236453,7.993605777301127e-15,1,1,,,,,False,True,False
pg:scenarionet_v1:PGMap-920068,pg,train,ok,-2.1792365874366038,6.5377097623096985,4.440892098500626e-15,1,1,,,,,False,False,True
pg:scenarionet_v1:PGMap-920072,pg,train,ok,-10.198472200677331,2.0396944401354413,6.661338147750939e-15,1,1,,,,,False,True,False
pg:scenarionet_v1:PGMap-920076,pg,train,ok,-1.53898244453066,4.616947333591908,1.7763568394002505e-15,1,1,,,,,False,False,True
pg:scenarionet_v1:PGMap-920077,pg,train,ok,-4.559091426811312,4.559091426811287,8.881784197001252e-15,1,1,,,,,False,True,True
pg:scenarionet_v1:PGMap-920078,pg,train,ok,-5.409969003399837,1.8033230011332786,4.440892098500626e-16,1,1,,,,,False,True,False
pg:scenarionet_v1:PGMap-920079,pg,test,ok,-1.977275018286371,9.886375091431841,6.439293542825908e-15,1,1,,,,,False,False,True
pg:scenarionet_v1:PGMap-920080,pg,train,ok,-7.8757970399544455,1.5751594079909097,3.552713678800501e-15,1,1,,,,,False,True,False
pg:scenarionet_v1:PGMap-920083,pg,test,ok,-2.238758876803331,6.716276630409951,0.0,1,1,,,,,False,False,True
pg:scenarionet_v1:PGMap-920087,pg,train,ok,-2.0237025104492887,10.118512552246491,8.881784197001252e-15,1,1,,,,,False,False,True
pg:scenarionet_v1:PGMap-920090,pg,train,ok,-2.0589486888605713,6.176846066581647,1.0658141036401503e-14,1,1,,,,,False,False,True
pg:scenarionet_v1:PGMap-920092,pg,train,ok,-4.783851438084611,1.5946171460281988,0.0,1,1,,,,,False,True,False
pg:scenarionet_v1:PGMap-920094,pg,train,ok,-4.921652649481459,1.6405508831604578,0.0,1,1,,,,,False,True,False
pg:scenarionet_v1:PGMap-920096,pg,train,ok,-8.65001209102962,1.7300024182059062,1.0658141036401503e-14,1,1,,,,,False,True,False
pg:scenarionet_v1:PGMap-920098,pg,train,ok,-2.1879235994552504,6.563770798365825,4.440892098500626e-15,1,1,,,,,False,False,True
pg:scenarionet_v1:PGMap-920101,pg,test,ok,-5.824142294606838,1.941380764868937,6.217248937900877e-15,1,1,,,,,False,True,False
pg:scenarionet_v1:PGMap-920103,pg,test,ok,-1.83650057729173,5.509501731875162,0.0,1,1,,,,,False,False,True
pg:scenarionet_v1:PGMap-920106,pg,train,ok,-1.8603574936042548,5.581072480812807,0.0,1,1,,,,,False,False,True
pg:scenarionet_v1:PGMap-920107,pg,train,ok,-5.152313123594619,1.7174377078648706,4.440892098500626e-15,1,1,,,,,False,True,False
pg:scenarionet_v1:PGMap-920108,pg,train,ok,-1.7463424045294516,5.239027213588428,1.509903313490213e-14,1,1,,,,,False,False,True
pg:scenarionet_v1:PGMap-920109,pg,train,ok,-4.871136302556849,1.6237121008522872,4.440892098500626e-16,1,1,,,,,False,True,False
pg:scenarionet_v1:PGMap-920113,pg,test,ok,-2.0373582691208476,6.112074807362515,3.552713678800501e-15,1,1,,,,,False,False,True
pg:scenarionet_v1:PGMap-920119,pg,train,ok,-8.515467400755364,1.7030934801510644,8.881784197001252e-15,1,1,,,,,False,True,False
pg:scenarionet_v1:PGMap-920121,pg,train,ok,-2.0436240232906435,10.218120116453257,7.105427357601002e-15,1,1,,,,,False,False,True
pg:scenarionet_v1:PGMap-920122,pg,train,ok,-8.730740078571301,1.7461480157142568,1.4210854715202004e-14,1,1,,,,,False,True,False
pg:scenarionet_v1:PGMap-920125,pg,train,ok,-1.8959904360189137,5.687971308056593,6.217248937900877e-15,1,1,,,,,False,False,True
pg:scenarionet_v1:PGMap-920126,pg,train,ok,-5.995211509762828,1.998403836587605,5.995204332975845e-15,1,1,,,,,False,True,False
pg:scenarionet_v1:PGMap-920127,pg,train,ok,-5.327513702720264,5.3275137027203145,4.440892098500626e-15,1,1,,,,,False,True,True
pg:scenarionet_v1:PGMap-920129,pg,train,ok,-2.0131828132297755,10.065914066148878,0.0,1,1,,,,,False,False,True
pg:scenarionet_v1:PGMap-920133,pg,train,ok,-4.677447965069552,1.5591493216898498,8.659739592076221e-15,1,1,,,,,False,True,False
pg:scenarionet_v1:PGMap-920135,pg,train,ok,-1.5521361779844884,4.656408533953501,8.881784197001252e-15,1,1,,,,,False,False,True
pg:scenarionet_v1:PGMap-920136,pg,train,ok,-6.6993867931057025,2.233128931035239,0.0,1,1,,,,,False,True,False
pg:scenarionet_v1:PGMap-920137,pg,train,ok,-5.179210287472742,5.179210287472742,0.0,1,1,,,,,False,True,True
pg:scenarionet_v1:PGMap-920142,pg,train,ok,-2.0001630531343295,10.00081526567162,0.0,1,1,,,,,False,False,True
pg:scenarionet_v1:PGMap-920143,pg,train,ok,-5.512085760113322,1.8373619200377789,0.0,1,1,,,,,False,True,False
pg:scenarionet_v1:PGMap-920144,pg,train,ok,-1.6795561375888373,5.038668412766586,9.547918011776346e-15,1,1,,,,,False,False,True
pg:scenarionet_v1:PGMap-920147,pg,train,ok,-1.6660014500452873,4.998004350135763,4.440892098500626e-15,1,1,,,,,False,False,True
pg:scenarionet_v1:PGMap-920151,pg,train,ok,-1.940684692360135,5.822054077080433,4.440892098500626e-15,1,1,,,,,False,False,True
pg:scenarionet_v1:PGMap-920153,pg,test,ok,-1.6350516089181513,4.905154826754471,4.440892098500626e-15,1,1,,,,,False,False,True
pg:scenarionet_v1:PGMap-920157,pg,train,ok,-5.122024178713431,5.12202417871346,0.0,1,1,,,,,False,True,True
pg:scenarionet_v1:PGMap-920159,pg,train,ok,-1.9552002099653363,5.865600629895918,9.769962616701378e-15,1,1,,,,,False,False,True
pg:scenarionet_v1:PGMap-920160,pg,train,ok,-1.6778170227812899,5.0334510683438465,2.398081733190338e-14,1,1,,,,,False,False,True
pg:scenarionet_v1:PGMap-920164,pg,train,ok,-2.0100381324590204,10.050190662295108,1.4210854715202004e-14,1,1,,,,,False,False,True
pg:scenarionet_v1:PGMap-920167,pg,train,ok,-1.9223401018175252,9.611700509087711,0.0,1,1,,,,,False,False,True
pg:scenarionet_v1:PGMap-920169,pg,train,ok,-5.6356887874927235,5.635688787492729,3.552713678800501e-15,1,1,,,,,False,True,True
pg:scenarionet_v1:PGMap-920172,pg,train,ok,-9.192050801135181,1.838410160227057,8.881784197001252e-16,1,1,,,,,False,True,False
pg:scenarionet_v1:PGMap-920174,pg,train,ok,-5.446948935764624,5.446948935764624,0.0,1,1,,,,,False,True,True
pg:scenarionet_v1:PGMap-920182,pg,train,ok,-9.805961008431723,1.9611922016863588,0.0,1,1,,,,,False,True,False
pg:scenarionet_v1:PGMap-920185,pg,train,ok,-5.907287684231644,1.9690958947439108,4.884981308350689e-15,1,1,,,,,False,True,False
pg:scenarionet_v1:PGMap-920188,pg,train,ok,-4.820067653655747,1.6066892178852832,7.771561172376096e-15,1,1,,,,,False,True,False
pg:scenarionet_v1:PGMap-920191,pg,test,ok,-6.415296883634595,2.1384322945448533,2.6645352591003757e-15,1,1,,,,,False,True,False
pg:scenarionet_v1:PGMap-920193,pg,train,ok,-6.621924785302582,2.2073082617675084,0.0,1,1,,,,,False,True,False
pg:scenarionet_v1:PGMap-920195,pg,train,ok,-4.806264857857769,4.806264857857784,0.0,1,1,,,,,False,True,True
pg:scenarionet_v1:PGMap-920197,pg,train,ok,-8.918557531007892,1.7837115062015811,2.886579864025407e-15,1,1,,,,,False,True,False
pg:scenarionet_v1:PGMap-920199,pg,train,ok,-1.7852134635868169,8.926067317934145,1.1324274851176597e-14,1,1,,,,,False,False,True
pg:scenarionet_v1:PGMap-920201,pg,test,ok,-6.052520394129753,2.017506798043256,4.440892098500626e-15,1,1,,,,,False,True,False
pg:scenarionet_v1:PGMap-920203,pg,train,ok,-2.228209307396454,6.684627922189219,1.1546319456101628e-14,1,1,,,,,False,False,True
pg:scenarionet_v1:PGMap-920206,pg,train,ok,-2.2461060726634257,11.230530363317223,1.1546319456101628e-14,1,1,,,,,False,False,True
pg:scenarionet_v1:PGMap-920208,pg,train,ok,-9.257136898203171,1.851427379640639,8.881784197001252e-16,1,1,,,,,False,True,False
pg:scenarionet_v1:PGMap-920213,pg,train,ok,-6.371785469252387,6.371785469252387,0.0,1,1,,,,,False,True,True
pg:scenarionet_v1:PGMap-920214,pg,test,ok,-1.9338338313666625,5.801501494100009,7.105427357601002e-15,1,1,,,,,False,False,True
pg:scenarionet_v1:PGMap-920216,pg,train,ok,-1.981043682066428,5.943131046199284,0.0,1,1,,,,,False,False,True
pg:scenarionet_v1:PGMap-920218,pg,train,ok,-1.8556603875778137,5.566981162733441,0.0,1,1,,,,,False,False,True
pg:scenarionet_v1:PGMap-920223,pg,train,ok,-1.6394875517072904,8.197437758536452,0.0,1,1,,,,,False,False,True
pg:scenarionet_v1:PGMap-920226,pg,test,ok,-10.453600227675707,2.0907200455351216,0.0,1,1,,,,,False,True,False
pg:scenarionet_v1:PGMap-920233,pg,train,ok,-8.970530074448671,1.7941060148897208,3.552713678800501e-15,1,1,,,,,False,True,False
pg:scenarionet_v1:PGMap-920234,pg,train,ok,-5.003243148366678,1.667747716122237,1.3322676295501878e-15,1,1,,,,,False,True,False
pg:scenarionet_v1:PGMap-920237,pg,train,ok,-10.057515918553808,2.0115031837106887,1.2434497875801753e-14,1,1,,,,,False,True,False
pg:scenarionet_v1:PGMap-920242,pg,train,ok,-10.912972267999379,2.182594453599876,0.0,1,1,,,,,False,True,False
pg:scenarionet_v1:PGMap-920248,pg,train,ok,-6.458920626347847,2.1529735421159444,0.0,1,1,,,,,False,True,False
pg:scenarionet_v1:PGMap-920249,pg,train,ok,-1.7095140866539396,8.547570433269726,0.0,1,1,,,,,False,False,True
pg:scenarionet_v1:PGMap-920263,pg,train,ok,-1.5477371212202513,7.738685606101271,0.0,1,1,,,,,False,False,True
pg:scenarionet_v1:PGMap-920264,pg,train,ok,-4.6356704662791435,1.5452234887597267,6.217248937900877e-15,1,1,,,,,False,True,False
pg:scenarionet_v1:PGMap-920266,pg,train,ok,-10.771118996362436,2.154223799272506,5.329070518200751e-15,1,1,,,,,False,True,False
pg:scenarionet_v1:PGMap-920267,pg,train,ok,-1.5950190702029268,7.975095351014774,1.0658141036401503e-14,1,1,,,,,False,False,True
pg:scenarionet_v1:PGMap-920269,pg,train,ok,-5.094939393818188,5.094939393818215,7.993605777301127e-15,1,1,,,,,False,True,True
pg:scenarionet_v1:PGMap-920271,pg,train,ok,-1.5818521995757209,4.745556598727148,0.0,1,1,,,,,False,False,True
pg:scenarionet_v1:PGMap-920275,pg,train,ok,-5.439818863448963,1.813272954483008,3.3306690738754696e-15,1,1,,,,,False,True,False
pg:scenarionet_v1:PGMap-920279,pg,train,ok,-9.217643705893083,1.843528741178596,5.995204332975845e-15,1,1,,,,,False,True,False
pg:scenarionet_v1:PGMap-920282,pg,train,ok,-1.706441447806057,5.119324343418157,0.0,1,1,,,,,False,False,True
pg:scenarionet_v1:PGMap-920283,pg,train,ok,-4.926824071895015,1.6422746906316976,3.1086244689504383e-15,1,1,,,,,False,True,False
pg:scenarionet_v1:PGMap-920284,pg,train,ok,-4.584074754734303,1.528024918244768,4.440892098500626e-16,1,1,,,,,False,True,False
pg:scenarionet_v1:PGMap-920285,pg,train,ok,-5.650865246791444,1.883621748930472,1.0658141036401503e-14,1,1,,,,,False,True,False
pg:scenarionet_v1:PGMap-920287,pg,test,ok,-7.997072490128533,1.599414498025693,1.2434497875801753e-14,1,1,,,,,False,True,False
pg:scenarionet_v1:PGMap-920289,pg,train,ok,-10.598712514972615,2.119742502994539,1.2434497875801753e-14,1,1,,,,,False,True,False
pg:scenarionet_v1:PGMap-920290,pg,train,ok,-1.7139989191699954,5.141996757509929,0.0,1,1,,,,,False,False,True
pg:scenarionet_v1:PGMap-920305,pg,train,ok,-2.0372294859205624,10.186147429602826,0.0,1,1,,,,,False,False,True
pg:scenarionet_v1:PGMap-920310,pg,train,ok,-1.9429454180800008,9.714727090400018,0.0,1,1,,,,,False,False,True
pg:scenarionet_v1:PGMap-920313,pg,train,ok,-2.136734737770354,10.68367368885177,0.0,1,1,,,,,False,False,True
pg:scenarionet_v1:PGMap-920315,pg,train,ok,-1.778756643884193,8.893783219421055,1.7763568394002505e-15,1,1,,,,,False,False,True
pg:scenarionet_v1:PGMap-920316,pg,train,ok,-5.594174148500385,5.594174148500465,1.3322676295501878e-14,1,1,,,,,False,True,True
pg:scenarionet_v1:PGMap-920317,pg,train,ok,-5.939125156968851,1.9797083856562914,5.329070518200751e-15,1,1,,,,,False,True,False
pg:scenarionet_v1:PGMap-920322,pg,train,ok,-2.111591369030279,6.334774107090823,0.0,1,1,,,,,False,False,True
pg:scenarionet_v1:PGMap-920323,pg,train,ok,-1.616505427284198,4.849516281852484,3.552713678800501e-15,1,1,,,,,False,False,True
pg:scenarionet_v1:PGMap-920324,pg,train,ok,-9.062136843925252,1.8124273687850643,7.105427357601002e-15,1,1,,,,,False,True,False
pg:scenarionet_v1:PGMap-920325,pg,train,ok,-1.6912540659532622,8.456270329766472,3.552713678800501e-15,1,1,,,,,False,False,True
pg:scenarionet_v1:PGMap-920329,pg,train,ok,-1.8769615583187043,5.630884674956199,7.549516567451064e-15,1,1,,,,,False,False,True
pg:scenarionet_v1:PGMap-920330,pg,train,ok,-2.2105430846875325,6.631629254062674,1.509903313490213e-14,1,1,,,,,False,False,True
pg:scenarionet_v1:PGMap-920331,pg,train,ok,-4.760745621977496,4.760745621977496,9.769962616701378e-15,1,1,,,,,False,True,True
pg:scenarionet_v1:PGMap-920335,pg,train,ok,-6.665726032699045,2.2219086775663714,3.9968028886505635e-15,1,1,,,,,False,True,False
pg:scenarionet_v1:PGMap-920337,pg,train,ok,-4.773031315481544,4.773031315481486,1.1546319456101628e-14,1,1,,,,,False,True,True
pg:scenarionet_v1:PGMap-920339,pg,train,ok,-9.035859546386927,1.8071719092773666,5.329070518200751e-15,1,1,,,,,False,True,False
pg:scenarionet_v1:PGMap-920340,pg,train,ok,-2.0559985401578604,6.167995620473574,1.2434497875801753e-14,1,1,,,,,False,False,True
pg:scenarionet_v1:PGMap-920341,pg,train,ok,-5.13382020801717,1.71127340267239,0.0,1,1,,,,,False,True,False
pg:scenarionet_v1:PGMap-920345,pg,train,ok,-2.2138695711130225,11.069347855565212,0.0,1,1,,,,,False,False,True
pg:scenarionet_v1:PGMap-920346,pg,train,ok,-2.111547293551124,10.557736467755674,2.842170943040401e-14,1,1,,,,,False,False,True
pg:scenarionet_v1:PGMap-920347,pg,test,ok,-9.650267927919174,1.9300535855838206,0.0,1,1,,,,,False,True,False
pg:scenarionet_v1:PGMap-9920003,pg,train,ok,-10.697362728273944,2.149110779523464,4.440892098500626e-15,1,1,,,,,False,True,False
pg:scenarionet_v1:PGMap-9920015,pg,train,ok,-4.8617723109692985,3.341744321006711,3.9968028886505635e-15,1,1,,,,,False,True,True
pg:scenarionet_v1:PGMap-9920023,pg,train,ok,-2.2902575374378387,9.49131796273602,0.0,1,1,,,,,False,False,True
pg:scenarionet_v1:PGMap-9920050,pg,train,ok,-1.9912174449654554,17.10793932663468,1.7763568394002505e-15,2,1,30.892694189861018,48.0006335164957,69.0403988009108,LANE_SURFACE_STREET,False,False,True
pg:scenarionet_v1:PGMap-9920054,pg,train,ok,-1.925766654760693,5.7772999642820935,0.0,1,1,,,,,False,False,True
pg:scenarionet_v1:PGMap-9920082,pg,train,ok,-6.600350126140002,2.188966233127816,1.7763568394002505e-15,1,1,,,,,False,True,False
pg:scenarionet_v1:PGMap-9920083,pg,train,ok,-2.142253091031005,10.642427331663248,1.0658141036401503e-14,1,1,,,,,False,False,True
pg:scenarionet_v1:PGMap-9920103,pg,train,ok,-2.0474445093871454,2.0474445093871716,4.884981308350689e-15,1,1,,,,,False,False,False
pg:scenarionet_v1:PGMap-9920128,pg,train,ok,-10.509649107107892,2.1019298214215416,6.217248937900877e-15,1,1,,,,,False,True,False
pg:scenarionet_v1:PGMap-9920130,pg,train,ok,-8.923211067744928,1.7846422135489584,1.5987211554602254e-14,1,1,,,,,False,True,False
pg:scenarionet_v1:PGMap-9920180,pg,train,ok,-5.854696394459253,1.9515654648197422,5.329070518200751e-15,1,1,,,,,False,True,False
pg:scenarionet_v1:PGMap-9920203,pg,train,ok,-1.8868247893078234,1.8868247893078376,0.0,1,1,,,,,False,False,False
pg:scenarionet_v1:PGMap-9920210,pg,train,ok,-1.5598339636539418,8.530265588054183,1.2434497875801753e-14,2,1,18.312957845620396,26.84322343367458,33.90063909977553,LANE_SURFACE_STREET,False,False,True
pg:scenarionet_v1:PGMap-9920214,pg,train,ok,-6.463882346931143,19.618509795908196,0.0,2,2,4.525221152013472,-15.898622276750004,-10.989103498944615,LANE_SURFACE_UNSTRUCTURE,False,True,True
pg:scenarionet_v1:PGMap-9920227,pg,train,ok,-7.53725987467017,1.5074519749340283,0.0,2,2,4.688343312361965,-15.240507136900192,-12.225603187032135,LANE_SURFACE_STREET,False,True,False
pg:scenarionet_v1:PGMap-9920244,pg,train,ok,-1.5569033316675982,14.427915897070964,3.552713678800501e-15,3,2,10.268209285222621,24.696125182293585,32.60133314741918,LANE_SURFACE_STREET,False,False,True
pg:scenarionet_v1:PGMap-9920248,pg,train,ok,-8.478203272629386,5.990440087503117,0.0,1,1,,,,,False,True,True
pg:scenarionet_v1:PGMap-9920252,pg,test,ok,-4.566796239688556,16.874177903563094,8.881784197001252e-16,2,1,25.571129242259815,42.44530714582291,60.217492724786524,LANE_SURFACE_STREET,False,True,True
pg:scenarionet_v1:PGMap-9920255,pg,train,ok,-1.7696559504476976,16.739185025300273,1.7763568394002505e-15,2,2,41.61538014511764,58.354565170417914,97.77326833291283,LANE_SURFACE_STREET|LANE_SURFACE_UNSTRUCTURE,False,False,True
pg:scenarionet_v1:PGMap-9920275,pg,train,ok,-6.678410696790735,6.678410696790735,0.0,1,1,,,,,False,True,True
pg:scenarionet_v1:PGMap-9920280,pg,train,ok,-1.6209179496991197,8.10458974849557,0.0,1,1,,,,,False,False,True
pg:scenarionet_v1:PGMap-9920287,pg,train,ok,-14.712713537032968,5.299710859819399,0.0,1,1,,,,,False,True,True
pg:scenarionet_v1:PGMap-9920307,pg,train,ok,-1.7679508113234306,5.303852433970334,0.0,1,1,,,,,False,False,True
pg:scenarionet_v1:PGMap-9920315,pg,train,ok,-15.16781504634084,5.531530940269561,5.329070518200751e-15,1,1,,,,,False,True,True
pg:scenarionet_v1:PGMap-9920318,pg,train,ok,-1.9852281091465058,9.90265788319995,1.3322676295501878e-15,2,2,3.9688280974757775,-27.96146807738637,-5.954056206622283,LANE_SURFACE_STREET|LANE_SURFACE_UNSTRUCTURE,False,False,True
pg:scenarionet_v1:PGMap-9920325,pg,train,ok,-5.88387901886536,3.374304110388086,1.1546319456101628e-14,1,1,,,,,False,True,True
pg:scenarionet_v1:PGMap-9920333,pg,train,ok,-5.6034036630671435,1.8678012210224066,2.6645352591003757e-15,1,1,,,,,False,True,False
pg:scenarionet_v1:PGMap-9920335,pg,train,ok,-3.1498561174660153,8.374649655989089,0.0,3,3,0.011071504938129806,-11.275916485711392,-3.160927622404145,LANE_SURFACE_UNSTRUCTURE,False,True,True
pg:scenarionet_v1:PGMap-9920377,pg,train,ok,-8.490454869668952,1.6980909739337875,0.0,2,2,0.8571079533969908,-18.419880975379414,-9.347562823065942,LANE_SURFACE_UNSTRUCTURE,False,True,False
pg:scenarionet_v1:PGMap-9920413,pg,train,ok,-11.300457996973918,30.044764812990394,0.0,1,1,,,,,False,True,True
pg:scenarionet_v1:PGMap-9920424,pg,train,ok,-5.151354088176336,1.717118029392112,1.1546319456101628e-14,1,1,,,,,False,True,False
pg:scenarionet_v1:PGMap-9920433,pg,train,ok,-4.91108917989645,24.09623781305723,0.0,2,2,4.737949287200905,-14.28081463403295,-9.649038467097355,LANE_SURFACE_UNSTRUCTURE,False,True,True
pg:scenarionet_v1:PGMap-9920439,pg,test,ok,-1.713908109068413,1.7139081090683992,4.440892098500626e-16,1,1,,,,,False,False,False
pg:scenarionet_v1:PGMap-9920446,pg,train,ok,-4.765305115316053,1.5884350384387034,0.0,1,1,,,,,False,True,False
pg:scenarionet_v1:PGMap-9920462,pg,train,ok,-5.885989974194971,24.93174737179099,8.881784197001252e-16,1,1,,,,,False,True,True
pg:scenarionet_v1:PGMap-9920471,pg,train,ok,-1.6324528989719909,4.897358696915987,0.0,1,1,,,,,False,False,True
pg:scenarionet_v1:PGMap-9920472,pg,train,ok,-5.02525556662934,5.280049758768374,3.552713678800501e-15,3,2,11.761016983492876,17.04106674226125,21.747199043729466,LANE_SURFACE_STREET,False,True,True
pg:scenarionet_v1:PGMap-9920482,pg,train,ok,-1.734870542605791,1.7348705426057989,5.773159728050814e-15,1,1,,,,,False,False,False
pg:scenarionet_v1:PGMap-9920503,pg,train,ok,-5.534783640222497,7.534601861789014,2.6645352591003757e-15,3,1,0.01800065286299457,7.552602514652008,13.500041207098832,LANE_SURFACE_STREET,False,True,True
pg:scenarionet_v1:PGMap-9920515,pg,train,ok,-10.881284862143236,2.1706470142489636,1.0658141036401503e-14,2,2,6.444562146664605,-41.726944666930414,-17.32584700880784,LANE_SURFACE_STREET|LANE_SURFACE_UNSTRUCTURE,False,True,False
pg:scenarionet_v1:PGMap-9920522,pg,train,ok,-2.078485610759941,10.392428053799733,0.0,1,1,,,,,False,False,True
pg:scenarionet_v1:PGMap-9920534,pg,train,ok,-11.0,21.559394198157378,0.0,1,1,,,,,False,True,True
pg:scenarionet_v1:PGMap-9920553,pg,train,ok,-15.094048486897265,28.408011339818696,3.552713678800501e-15,1,1,,,,,False,True,True
pg:scenarionet_v1:PGMap-9920576,pg,train,ok,-1.6597743953952464,8.347205407100972,4.440892098500626e-16,1,1,,,,,False,False,True
pg:scenarionet_v1:PGMap-9920594,pg,train,ok,-9.111603781860694,1.822320756372136,0.0,1,1,,,,,False,True,False
pg:scenarionet_v1:PGMap-9920595,pg,train,ok,-4.796061661383703,1.598687220461258,0.0,1,1,,,,,False,True,False
pg:scenarionet_v1:PGMap-9920611,pg,train,ok,-1.7466576875390984,1.7466576875390984,0.0,1,1,,,,,False,False,False
pg:scenarionet_v1:PGMap-9920613,pg,train,ok,-8.50101064535096,1.7002021290701776,0.0,1,1,,,,,False,True,False
pg:scenarionet_v1:PGMap-9920625,pg,train,ok,-10.813621147965417,2.162724229593092,1.0658141036401503e-14,1,1,,,,,False,True,False
pg:scenarionet_v1:PGMap-9920635,pg,train,ok,-1.8592712187921867,9.296356093960819,2.3092638912203256e-14,1,1,,,,,False,False,True
pg:scenarionet_v1:PGMap-9920638,pg,test,ok,-3.1996860844715154,10.315247332016545,6.661338147750939e-15,2,1,96.76117340527793,-100.0,-99.96085948974944,LANE_SURFACE_STREET,False,True,True
pg:scenarionet_v1:PGMap-9920648,pg,test,ok,-14.60115265075261,25.73545719902259,0.0,1,1,,,,,False,True,True
waymo:training_20s:1028939fa62461e8,waymo,test,ok,-9.004885830884557,1.4709980166851189,6.750155989720952e-14,3,3,0.19179470931601017,1.662792726001129,5.633552873393285,LANE_SURFACE_STREET,False,True,False
waymo:training_20s:1045c02314af50e3,waymo,test,ok,-1.3419691886666885,1.3419674058152977,1.2878587085651816e-14,6,6,2.8271322196931337,-5.828261250725504,-4.169101408359822,LANE_SURFACE_STREET,False,False,False
waymo:training_20s:10555184941e6da0,waymo,train,ok,-3.9680536487766216,4.5490170822135125,4.529709940470639e-14,3,2,1.6713887719717464,6.220405854185259,12.19997474854786,LANE_SURFACE_STREET,False,True,True
waymo:training_20s:10915ec976860d11,waymo,train,ok,-5.8077096445170735,2.0713606032486043,1.1191048088221578e-13,3,3,42.36314714397112,-54.129883118519146,-48.170856788488194,LANE_SURFACE_STREET,False,True,False
waymo:training_20s:10bf00836286b3b0,waymo,train,ok,-4.0331405333011014,4.033140579420912,1.8030021919912542e-13,2,2,40.48042587213789,44.5135664515588,99.79319650865455,LANE_SURFACE_STREET,False,True,True
waymo:training_20s:10c49f34ffbe2758,waymo,train,ok,-11.163223512834698,1.5987693747295209,1.7763568394002505e-13,4,4,2.4989054078531794,-17.25770203503407,-13.662128920687877,LANE_SURFACE_STREET,False,True,False
waymo:training_20s:10f0a01565d229f0,waymo,train,ok,-2.355904723218373,5.572640563505047,1.4210854715202004e-14,3,2,80.60899094484466,-91.67693731876989,-82.96489566806304,LANE_SURFACE_STREET,False,False,True
waymo:training_20s:10fc412eda40ba20,waymo,test,ok,-3.3972614206836234,3.3973712980819597,8.881784197001252e-14,1,1,,,,,False,True,True
waymo:training_20s:1103e46c7433e74a,waymo,test,ok,-3.523809076351745,3.5235502623248602,4.8405723873656825e-14,1,1,,,,,False,True,True
waymo:training_20s:1109b355afdfa3a2,waymo,train,ok,-4.200092315673926,4.200092315673926,1.723066134218243e-13,1,1,,,,,False,True,True
waymo:training_20s:113a1661f6314d82,waymo,test,ok,-1.8719088309959875,8.359517854447514,2.233768725545815e-13,4,3,19.579796638151638,-30.666061749404108,-21.451705469147626,LANE_SURFACE_STREET,False,False,True
waymo:training_20s:113bf1edb3a168aa,waymo,train,ok,-8.272075364156226,1.4224147031936887,2.19824158875781e-14,2,2,80.38980412350482,81.81221882669851,85.5512441600101,LANE_SURFACE_STREET,False,True,False
waymo:training_20s:11790701a3aba108,waymo,train,ok,-3.162174768917445,1.6738719722704207,2.1760371282653068e-14,1,1,,,,,False,True,False
waymo:training_20s:11b12a2ea74bdb6e,waymo,train,ok,-10.759843427561108,4.883109385295317,5.3290705182007514e-14,2,2,2.661747914821902,-16.92879349605714,-13.42159134238301,LANE_SURFACE_STREET,False,True,True
waymo:training_20s:11c1b67209e57616,waymo,test,ok,-8.56441579761917,4.534889520527362,1.4921397450962104e-13,1,1,,,,,False,True,True
waymo:training_20s:1209c2e236b2ef28,waymo,train,ok,-2.6273538302959256,15.55696499872679,2.3092638912203256e-14,2,1,9.584324964230568,25.14128996295736,76.49520673719627,LANE_SURFACE_STREET,False,True,True
waymo:training_20s:1227d710b1dd4e0a,waymo,train,ok,-2.467807678822615,2.467807678822615,2.5002222514558525e-13,2,1,18.574668882471308,21.042476561293924,39.97422980439288,LANE_SURFACE_STREET,False,False,False
waymo:training_20s:124dc12bc20f1daf,waymo,train,ok,-5.665607974832459,79.96197095367606,8.970602038971265e-14,1,1,,,,,False,True,True
waymo:training_20s:128721da33ec4751,waymo,test,ok,-3.0293834209443204,2.4587976932529783,2.5845992013273644e-13,2,1,31.25628142450334,33.71507911775632,44.089602074113145,LANE_SURFACE_STREET,False,True,False
waymo:training_20s:1287fd5ef0c91b50,waymo,train,ok,-3.694194220341861,99.9999999999995,4.973799150320701e-13,1,1,,,,,False,True,True
waymo:training_20s:12a31b6605d17fd3,waymo,test,ok,-12.640022487609858,7.94053119281974,1.4566126083082054e-13,7,7,8.49850646957723,16.43903766239697,19.525276140227064,LANE_SURFACE_STREET,False,True,True
waymo:training_20s:12a4582256532dc9,waymo,train,ok,-2.4810750032635935,2.4810690966168885,2.877698079828406e-13,4,4,26.688576785310094,29.169645881926982,33.38082980729919,LANE_SURFACE_STREET,False,False,False
waymo:training_20s:12c309dbc924ac02,waymo,train,ok,-1.7822022151556836,1.7702039068668844,2.2870594307278225e-14,4,4,0.04830870355480754,1.818512610421692,5.407332421160987,LANE_SURFACE_STREET,False,False,False
waymo:training_20s:12c7d0dc158f49e2,waymo,train,ok,-4.935892872267511,100.00000000000016,1.509903313490213e-13,2,2,1.7154184477364165,-10.46562758313948,-6.651311320003927,LANE_SURFACE_STREET,False,True,True
waymo:training_20s:12cc61307f2fcc20,waymo,test,ok,-1.7914102514473063,5.2148182685472,2.3070434451710753e-13,2,2,39.20098774427128,44.41580601281848,54.774365087352436,LANE_SURFACE_STREET,False,False,True
waymo:training_20s:12d596f9016ccf69,waymo,test,ok,-1.690131424643812,6.877358593784895,2.744471316873387e-13,1,1,,,,,False,False,True
waymo:training_20s:12e709bc125b8e8a,waymo,test,ok,-2.4632770000444157,6.043362085207616,2.717825964282383e-13,1,1,,,,,False,False,True
waymo:training_20s:12f382edee7a7c2f,waymo,train,ok,-1.586645025642184,8.267773374330455,8.881784197001252e-15,2,2,63.22055564713347,71.48832902146393,83.83680357058887,LANE_SURFACE_STREET,False,False,True
waymo:training_20s:130769153f4caa9,waymo,train,ok,-5.451167604903752,5.007596924462801,1.2434497875801753e-14,2,2,0.38963790386640795,-9.834126845643482,-5.84080550877016,LANE_SURFACE_STREET,False,True,True
waymo:training_20s:131dc5983904ae83,waymo,test,ok,-99.99999999999999,99.73689501277386,1.4210854715202004e-14,1,2,,,,,False,True,True
waymo:training_20s:1338a2377de035ed,waymo,test,ok,-8.30316603679208,95.25128966637173,7.105427357601002e-14,2,2,1.59355767447782,-13.598105642349736,-9.8967237112699,LANE_SURFACE_STREET,False,True,True
waymo:training_20s:1389455e780d7f0b,waymo,train,ok,-1.6772087575668133,5.048633297522468,6.017408793468348e-14,2,2,1.6003655765589746,-8.360781453162204,-3.277574334125788,LANE_SURFACE_STREET,False,False,True
waymo:training_20s:138e8744a32336b3,waymo,train,ok,-4.376348475403715,94.59591218012734,8.348877145181177e-14,1,1,,,,,False,True,True
waymo:training_20s:13b1e0acfacea8d1,waymo,train,ok,-66.31444763783954,18.896886589279077,8.526512829121202e-14,4,4,3.046630956945492,21.94351754622457,48.8330840624719,LANE_SURFACE_STREET,False,True,True
waymo:training_20s:1400a04b2b442083,waymo,validation,ok,-9.398302662476514,5.045884504205016,2.4868995751603507e-14,7,5,17.06658099662329,22.112465500828307,22.823560673408608,LANE_SURFACE_STREET,False,True,True
waymo:training_20s:14139de6bce54874,waymo,test,ok,-2.0967158842628653,2.0967159042209773,5.5067062021407764e-14,2,2,14.80380714707753,16.900523051298507,20.747873929396107,LANE_FREEWAY,False,False,False
waymo:training_20s:141f284b8bb5d418,waymo,validation,ok,-1.929307472691492,1.6307866421415411,3.9745984281580604e-14,5,4,32.38742455300189,34.01821119514344,34.67269449573959,LANE_SURFACE_STREET,False,False,False
waymo:training_20s:143157e11f166653,waymo,train,ok,-5.4077952697660026,5.75764549015248,4.707345624410664e-14,7,5,0.23330379667276713,-13.23948495571922,-5.64109906643877,LANE_SURFACE_STREET,False,True,True
waymo:training_20s:146ec76e2eea5c03,waymo,test,ok,-1.6705159022165863,4.632407360004984,6.661338147750939e-15,2,2,90.16482202278574,94.79722938279073,99.99999999999997,LANE_SURFACE_STREET,False,False,True
waymo:training_20s:1476d16ff43f424b,waymo,train,ok,-4.128503639275883,9.16109500995367,2.2737367544323206e-13,2,2,64.19543381146195,73.35652882141562,80.7729762470452,LANE_SURFACE_STREET,False,True,True
waymo:training_20s:147c688e238ef26a,waymo,train,ok,-7.13661337775802,1.8127629508310492,2.3581137043038325e-13,2,2,60.85793475880647,-76.38031101914368,-67.99454813656449,LANE_SURFACE_STREET,False,True,False
waymo:training_20s:14bfb5ed84d7733e,waymo,test,ok,-1.8482709470510146,5.4114960695887495,1.9761969838327786e-14,2,2,25.22576769060676,30.63726376019551,36.862417847388656,LANE_SURFACE_STREET,False,False,True
waymo:training_20s:1534f3308e3cfe3a,waymo,train,ok,-5.032685699267918,1.7141571682360137,1.4210854715202004e-14,1,1,,,,,False,True,False
waymo:training_20s:153f7636e00db5a,waymo,test,ok,-1.5706709708927526,8.31232324907823,8.881784197001252e-14,5,4,0.7386334757735575,9.050956724851787,12.115662278114016,LANE_SURFACE_STREET,False,False,True
waymo:training_20s:157687d42398625e,waymo,train,ok,-2.0921346244252295,2.0921346244247747,6.927791673660977e-14,1,1,,,,,False,False,False
waymo:training_20s:16026877ec6ccc16,waymo,train,ok,-9.069453560976442,1.8342073774925192,4.973799150320701e-13,1,1,,,,,False,True,False
waymo:training_20s:16161c151cb7836e,waymo,train,ok,-1.540313299653677,12.243226288636674,1.5787371410169726e-13,4,2,22.109904546371116,34.35313083500779,40.10189015508627,LANE_SURFACE_STREET,False,False,True
waymo:training_20s:16294776e601ac8e,waymo,test,ok,-1.750005549502009,8.566378547007181,2.469136006766348e-13,2,2,61.08307005704089,69.64944860404808,99.99999999999952,LANE_SURFACE_STREET,False,False,True
waymo:training_20s:163e804d6ffaeaad,waymo,validation,ok,-7.956313928046073,7.259075969264737,1.0036416142611415e-13,2,2,78.80507196531254,86.06414793457728,94.99352599756847,LANE_SURFACE_STREET,False,True,True
waymo:training_20s:16571e01d213b3b8,waymo,train,ok,-6.16199337086177,28.069442834118643,3.0819791163594346e-13,1,1,,,,,False,True,True
waymo:training_20s:165fac7d0933dee9,waymo,validation,ok,-8.466404159687526,1.6888296418167286,3.9612757518625585e-13,3,3,0.18244700339242148,1.87127664520915,45.302204278516854,LANE_SURFACE_STREET,False,True,False
waymo:training_20s:16855530e1370e5e,waymo,test,ok,-1.8360054477567749,7.81320389981985,1.509903313490213e-14,1,1,,,,,False,False,True
waymo:training_20s:16951a513b81adcc,waymo,train,ok,-1.9933162303176155,14.7468517976572,1.1368683772161603e-13,2,2,1.484841630321869,-7.122421605601147,-3.4781578606394845,LANE_SURFACE_STREET,False,False,True
waymo:training_20s:16afa701ab97442b,waymo,train,ok,-3.7255302958132424,3.725674655213766,9.903189379656396e-14,1,1,,,,,False,True,True
waymo:training_20s:16b07f5bd0219069,waymo,train,ok,-4.6631878390341654,5.443823796007849,1.4299672557172016e-13,5,1,8.123906596466156,13.567730392474004,18.480480969558172,LANE_SURFACE_STREET,True,True,True
waymo:training_20s:16c4bb209b57dcac,waymo,train,ok,-1.581445899693785,1.7137809587024901,1.9317880628477724e-14,2,2,1.3759602779946323,3.0897412366971224,12.183626922653389,LANE_SURFACE_STREET,False,False,False
waymo:training_20s:16e1d403658e4ba8,waymo,test,ok,-3.8001234889238247,3.800961993945856,1.0791367799356522e-13,1,1,,,,,False,True,True
waymo:training_20s:16eb0c69c63c29a7,waymo,train,ok,-91.87948508299478,99.99999999999966,5.684341886080802e-14,1,1,,,,,False,True,True
waymo:training_20s:16ed94807a93f6a6,waymo,test,ok,-1.9158996663113401,11.517463445050813,7.993605777301127e-14,1,1,,,,,False,False,True
waymo:training_20s:16feb5cc95c4af3,waymo,test,ok,-5.648439642116973,99.99999999999967,1.0302869668521453e-13,2,2,55.20979951460744,-64.45371699424987,-60.85823915672441,LANE_SURFACE_STREET,False,True,True
waymo:training_20s:17176e498a7981e1,waymo,train,ok,-3.7151851241861347,3.7386873155925673,2.7977620220553945e-14,3,2,40.44664496666657,-52.94709422016405,-44.1618300908527,LANE_SURFACE_STREET,False,True,True
waymo:training_20s:171ff020c5cdb6d7,waymo,train,ok,-6.269364956685226,2.2612425742936297,1.687538997430238e-14,2,2,7.897442792105122,-21.365406928323054,-14.166807748790347,LANE_SURFACE_STREET,False,True,False
waymo:training_20s:173ab582c48e67fa,waymo,train,ok,-1.8395114871761946,5.677210638899107,8.79518680108049e-13,1,1,,,,,False,False,True
waymo:training_20s:17536e299dadc73a,waymo,train,ok,-4.928091150524352,4.9280926617049445,1.4210854715202004e-14,3,3,85.27448450895243,-98.91286104240871,-90.20257565947678,LANE_SURFACE_STREET,False,True,True
waymo:training_20s:178a5ee4f0985d92,waymo,train,ok,-8.654017875667964,29.826683457781993,6.288303211476887e-13,3,3,38.56678560282889,-52.55703322004626,-47.22080347849685,LANE_SURFACE_STREET,False,True,True
waymo:training_20s:17a95b746bc280a0,waymo,validation,ok,-3.259130809221828,3.2591308105669716,1.971756091734278e-13,1,1,,,,,False,True,True
waymo:training_20s:17c379924301bbf,waymo,validation,ok,-5.2106778241053275,11.973767072218063,5.240252676230739e-14,1,1,,,,,False,True,True
waymo:training_20s:17cbbe447e1c740,waymo,train,ok,-3.666406695808768,3.66640693909772,1.2168044349891716e-13,2,2,81.55629192294113,-91.59703725638764,-85.2226986187499,LANE_SURFACE_STREET,False,True,True
waymo:training_20s:17ec9f48e5245344,waymo,train,ok,-2.258446676790676,2.2584236250648244,1.8740564655672642e-13,1,1,,,,,False,False,False
waymo:training_20s:17f46301a31ca99a,waymo,train,ok,-1.9970202927352387,1.699011766594672,2.398081733190338e-14,2,2,42.70938729002217,44.408399056616844,51.96929089642131,LANE_SURFACE_STREET,False,False,False
waymo:training_20s:187b43c24edc69cf,waymo,test,ok,-1.6711886894454806,9.313514738939338,9.414691248821327e-14,3,3,34.25653301973245,43.57004775867179,47.736285555973296,LANE_SURFACE_STREET,False,False,True
waymo:training_20s:18a9f8f0c437bc42,waymo,train,ok,-35.088701775572176,35.081489250329696,1.7053025658242404e-13,5,3,7.897452794022001,42.9789420443517,49.89184575806172,LANE_SURFACE_STREET,False,True,True
waymo:training_20s:18b26d87aad6e9b6,waymo,test,ok,-4.186024003320943,4.186024004145568,1.8207657603852567e-13,2,2,77.2568158826295,-87.54625717441019,-81.44283988595043,LANE_SURFACE_STREET,False,True,True
waymo:training_20s:18b28b43c55545d2,waymo,train,ok,-1.7027378147088028,1.7027397977783942,4.460876112943879e-13,1,1,,,,,False,False,False
waymo:training_20s:18c3c5bd63b5180,waymo,test,ok,-2.997629636438549,5.535077487353512,3.108624468950438e-14,3,3,16.595609906496726,22.130687393850238,36.81368706401918,LANE_SURFACE_STREET,False,True,True
waymo:training_20s:18d4486818c58a1d,waymo,test,ok,-7.416738683277298,8.454190975655157,1.652011860642233e-13,3,3,17.253317124066573,-30.79680724315847,-24.67005580734387,LANE_SURFACE_STREET,False,True,True
waymo:training_20s:18fa239b9facd41,waymo,train,ok,-1.9842464536672193,1.9842464539897329,3.6637359812630166e-14,1,1,,,,,False,False,False
waymo:training_20s:1901dfd555730294,waymo,train,ok,-7.846494374597221,7.797040986050646,7.105427357601002e-15,5,1,2.3922385378841184,-20.947101739285273,-10.238732912481339,LANE_SURFACE_STREET,False,True,True
waymo:training_20s:191d717593eba490,waymo,train,ok,-3.7721279624391832,3.772128306039271,1.3988810110276972e-13,3,2,64.94696034821987,-77.31377215246664,-68.71908831065906,LANE_SURFACE_STREET,False,True,True
waymo:training_20s:1964609f2bc045ca,waymo,train,ok,-1.9187095927081987,7.37912422707115,1.9539925233402755e-14,2,2,4.762214188263355,-10.725676604628006,-6.680923780971554,LANE_SURFACE_STREET,False,False,True
waymo:training_20s:19c5f520087baa44,waymo,test,ok,-1.5685588244995636,5.801861581246504,5.46229728115577e-14,3,3,0.04552623517569465,5.847387816422199,11.946206794580249,LANE_SURFACE_STREET,False,False,True
waymo:training_20s:19e7c19ee66c97f9,waymo,test,ok,-11.452784732245286,1.7226104201212666,7.993605777301127e-14,1,1,,,,,False,True,False
waymo:training_20s:19e830551d9025,waymo,test,ok,-5.036016251609992,4.8505275766755735,1.7763568394002505e-15,1,1,,,,,False,True,True
waymo:training_20s:19e9920ab3a77020,waymo,test,ok,-5.031049632560514,5.03104840519463,3.9257486150745535e-13,1,1,,,,,False,True,True
waymo:training_20s:19ecb544467e92e9,waymo,test,ok,-1.9224948069619805,9.338568291647585,2.0095036745715333e-13,3,3,4.394010403383886,-12.487349308700928,-6.316505210345866,LANE_FREEWAY,False,False,True
waymo:training_20s:19ee6b3e32f188ab,waymo,train,ok,-8.20827338569126,1.737215382410941,4.227729277772596e-13,3,3,0.46954778425698507,2.206763166667926,64.5292841142518,LANE_SURFACE_STREET,False,True,False
waymo:training_20s:1a221fc44c9cc08d,waymo,train,ok,-4.314728117592146,4.312818618583689,9.237055564881302e-14,1,1,,,,,False,True,True
waymo:training_20s:1a2d21323f8ad827,waymo,train,ok,-6.053377222907571,50.6682653464409,1.3500311979441904e-13,1,1,,,,,False,True,True
waymo:training_20s:1a39039a0953a318,waymo,test,ok,-5.084123680166665,7.618995582743853,2.4868995751603507e-14,2,2,1.8511977505387778,-10.558710894480129,-6.935321430705443,LANE_SURFACE_STREET,False,True,True
waymo:training_20s:1a57a7a789294d1b,waymo,train,ok,-5.769578836346302,6.5650376040374425,3.197442310920451e-14,3,2,9.262557701867308,15.827595305904751,23.32553049973791,LANE_SURFACE_STREET,False,True,True
waymo:training_20s:1a5c34123daa4cca,waymo,train,ok,-5.95500082721722,8.215117143475227,4.556355293061642e-13,3,2,18.053030625274218,-27.788719006483262,-24.008031452491437,LANE_SURFACE_STREET,False,True,True
waymo:training_20s:1ab754d1d1bd516a,waymo,train,ok,-5.511971801625931,4.96072158423098,9.85878045867139e-14,3,2,51.31146154540295,-65.32957039569916,-56.82343334702888,LANE_SURFACE_STREET,False,True,True
waymo:training_20s:1b025aab528b5b57,waymo,train,ok,-1.7130021309403591,1.7130009277745601,2.6867397195928788e-14,3,3,7.287827845532413,-19.28014352528325,-9.000829976472772,LANE_SURFACE_STREET,False,False,False
waymo:training_20s:1b3a86e11e510ff0,waymo,test,ok,-4.031163995772881,5.565995560108699,9.769962616701378e-15,4,4,40.32618582067334,45.892181380782034,58.49411021726789,LANE_SURFACE_STREET,False,True,True
waymo:training_20s:1b57d2b59267f854,waymo,train,ok,-4.576442648224363,1.8097039246979905,5.773159728050814e-15,2,2,74.69039881938194,-87.54831450736557,-79.2668414676063,LANE_SURFACE_STREET,False,True,False
waymo:training_20s:1b732438ae3206fa,waymo,train,ok,-13.617267250717019,46.53400904980665,6.394884621840902e-14,1,1,,,,,False,True,True
waymo:training_20s:1b7a3a6b9b4b258,waymo,test,ok,-4.162959391023633,3.7543556162081293,3.419486915845482e-13,1,1,,,,,False,True,True
waymo:training_20s:1be47f0c292f66c6,waymo,train,ok,-8.83837454636078,1.8375832750721228,1.305622276959184e-13,2,2,52.86412016430108,-70.2441752167824,-61.70249471066186,LANE_SURFACE_STREET,False,True,False
waymo:training_20s:1c0eda950091c550,waymo,train,ok,-8.966087185575729,1.6621726437928557,4.085620730620576e-14,2,2,57.65812503070198,59.32029767449484,66.37257598777401,LANE_SURFACE_STREET,False,True,False
waymo:training_20s:1c3fe791a0efae1b,waymo,train,ok,-9.754413578480941,1.6251801694256736,1.9539925233402755e-14,2,2,0.3967815153699965,2.02196168479567,41.09554659966847,LANE_SURFACE_STREET,False,True,False
waymo:training_20s:1c5a8187e6d4c839,waymo,test,ok,-1.9291778775710586,7.0978856359993205,3.375077994860476e-14,1,1,,,,,False,False,True
waymo:training_20s:1c5c759db1377c96,waymo,train,ok,-9.764304437991703,4.928782189451142,5.773159728050814e-14,3,3,25.458694150350148,-44.09565058124818,-35.22299858834185,LANE_SURFACE_STREET,False,True,True
waymo:training_20s:1c6ebb5976c142f8,waymo,train,ok,-2.429914530286743,2.4299235225766527,9.059419880941277e-14,1,1,,,,,False,False,False
waymo:training_20s:1c92051c0c1f7a35,waymo,train,ok,-1.6131237489543577,1.55082490094162,6.417089082333405e-14,2,2,66.45283352998763,68.00365843092925,74.4888617845767,LANE_SURFACE_STREET,False,False,False
waymo:training_20s:1cc24aa2fae612cc,waymo,validation,ok,-6.922385651944241,23.054710839562276,9.947598300641403e-14,4,2,19.676929650824476,42.73164049038675,61.38198850161271,LANE_SURFACE_STREET,False,True,True
waymo:training_20s:1cc8e0b4f59876b8,waymo,train,ok,-4.6972929010809334,39.54132239052079,3.552713678800501e-13,1,1,,,,,False,True,True
waymo:training_20s:1ce11f3f3e77db67,waymo,test,ok,-8.140228131754725,7.8542594589244805,2.1316282072803006e-13,1,1,,,,,False,True,True
waymo:training_20s:1cf5d3fe3b439114,waymo,validation,ok,-6.147346528248753,13.140624993641461,9.414691248821327e-14,2,2,41.16267908742495,-95.77062751583402,-47.3100256156737,LANE_SURFACE_STREET,False,True,True
waymo:training_20s:1d27024f556534df,waymo,test,ok,-9.696282418645637,15.986436848678839,8.526512829121202e-14,1,1,,,,,False,True,True
waymo:training_20s:1d421739c693c57e,waymo,validation,ok,-7.41287220103011,69.67439252004138,4.085620730620576e-14,1,2,,,,,False,True,True
waymo:training_20s:1d79359e500e8391,waymo,train,ok,-8.866705814908592,1.9977703823364656,4.618527782440651e-14,1,1,,,,,False,True,False
waymo:training_20s:1d882db38e1bdc51,waymo,train,ok,-11.433780704723503,4.534967672326177,3.126388037344441e-13,5,5,2.3180310016457497,-17.16143694531344,-13.751811706369253,LANE_SURFACE_STREET,False,True,True
waymo:training_20s:1daec18a5e3082db,waymo,validation,ok,-3.5632603911651497,3.5601504558252275,1.9451107391432743e-13,2,2,76.97853478986481,80.53868524569003,92.25459025222082,LANE_SURFACE_STREET,False,True,True
waymo:training_20s:1dd71a6d00808eb7,waymo,test,ok,-1.6631513127234023,10.382038027477936,1.0658141036401503e-14,2,2,73.07977423177684,83.46181225925477,90.84237200837856,LANE_SURFACE_STREET,False,False,True
waymo:training_20s:1e215c9f95a467b6,waymo,validation,ok,-1.8758699585947354,1.5369205744225687,1.2922996006636822e-13,5,3,0.6889619928558781,2.225882567278447,16.489995016732067,LANE_SURFACE_STREET,False,False,False
waymo:training_20s:1e29420fa7333a9d,waymo,train,ok,-3.635162414003911,3.6350825343224016,9.370282327836321e-14,2,2,81.01550790993744,84.65059044425985,93.07248347999112,LANE_SURFACE_STREET,False,True,True
waymo:training_20s:1e29ddb9cceb4263,waymo,train,ok,-8.263290474381483,6.20917016139141,6.572520305780927e-14,2,2,56.83332387217682,63.04249403356823,70.44227137375509,LANE_SURFACE_STREET,False,True,True
waymo:training_20s:1e528b922db78857,waymo,train,ok,-6.02569585787444,1.6818855732396856,2.930988785010413e-14,2,2,56.27860787414342,57.9604934473831,65.24032422666866,LANE_SURFACE_STREET,False,True,False
waymo:training_20s:1e72f02b6ead2fde,waymo,validation,ok,-5.218500035214164,2.0260630306613585,2.4868995751603507e-14,1,1,,,,,False,True,False
waymo:training_20s:1e83473267ff3986,waymo,train,ok,-9.734982873536453,2.165584493146639,5.684341886080802e-14,3,3,58.17384555884611,-72.2544941132268,-67.90882843238256,LANE_SURFACE_STREET,False,True,False
waymo:training_20s:1e96a8aeccc7a46d,waymo,train,ok,-13.941019127505118,6.366708098472044,3.517186542012496e-13,1,1,,,,,False,True,True
waymo:training_20s:1ea6d7bf83017391,waymo,validation,ok,-1.6615697417109656,100.00000000000007,7.37188088351104e-14,2,2,1.7683891376737906,-7.661552374402021,-3.429958879384756,LANE_SURFACE_STREET,False,False,True
waymo:training_20s:1ec30fd45ecfeebf,waymo,train,ok,-3.271731994943366,5.460363919185511,0.0,3,3,35.625454997004454,41.085818916189965,41.425574724760736,LANE_SURFACE_STREET,False,True,True
waymo:training_20s:1ee56d6436452216,waymo,train,ok,-8.934770007983495,5.312576738969421,1.474376176702208e-13,5,2,6.990200324794124,-22.385095238109912,-15.924970332777619,LANE_SURFACE_STREET,False,True,True
waymo:training_20s:1ef1a62b6bebe06,waymo,train,ok,-5.326153165579301,42.408352214407806,2.291500322826323e-13,2,4,42.597561154126474,-70.9356482078319,-47.92371431970577,LANE_SURFACE_STREET,False,True,True
waymo:training_20s:1f0acec6b4544ef6,waymo,train,ok,-12.277691214668504,1.6236539900623344,2.531308496145357e-13,2,2,1.7460140123241983,3.3696680023865326,7.621728902911954,LANE_SURFACE_STREET,False,True,False
waymo:training_20s:1f19c9f76a9b5022,waymo,train,ok,-1.7854442596435525,1.9238749742510606,7.327471962526033e-14,1,1,,,,,False,False,False
waymo:training_20s:1f21002a7a69f0e5,waymo,train,ok,-2.9781537441948074,12.470484470715196,2.0961010704922955e-13,3,2,41.52000883650658,-64.37217462786731,-44.49816258070138,LANE_SURFACE_STREET,False,True,True
waymo:training_20s:1f2a421fd3e90b2e,waymo,test,ok,-8.377053937503055,1.84422265314746,1.652011860642233e-13,1,1,,,,,False,True,False
waymo:training_20s:1f2e4ef2dd3a11f6,waymo,train,ok,-2.458543852463139,9.486521440786971,1.723066134218243e-13,3,3,44.18016739356474,-54.46495585721314,-46.638711246027874,LANE_SURFACE_STREET,False,False,True
waymo:training_20s:1f8a790f09501b72,waymo,test,ok,-2.3064617926833497,17.564673852474098,2.708944180085382e-13,1,1,,,,,False,False,True
waymo:training_20s:1f8a8b1432ce460a,waymo,train,ok,-9.643355908221553,99.99999999999984,1.545430450278218e-13,1,1,,,,,False,True,True
waymo:training_20s:1f98f79c23388a71,waymo,test,ok,-8.585175975313751,4.749791755093929,5.329070518200751e-15,3,2,23.715219083496244,-52.36866835100854,-32.30039505881,LANE_SURFACE_STREET,False,True,True
waymo:training_20s:1fa282151d8d0569,waymo,train,ok,-2.664624402850393,10.410254922682356,8.100187187665142e-13,2,2,16.889230517572003,27.299485440254358,34.574443800123476,LANE_SURFACE_STREET,False,True,True
waymo:training_20s:1fb03a290addd4d2,waymo,test,ok,-4.784742518337918,10.189399452882485,3.552713678800501e-15,2,2,1.6268634027466256,-9.953743884913735,-6.4116059210845435,LANE_SURFACE_STREET,False,True,True
waymo:training_20s:1fbd86bd99623a0f,waymo,test,ok,-2.485825674482174,2.084175751189488,7.416289804496046e-14,2,2,14.490600601009744,-21.40229433909309,-16.976426275491917,LANE_SURFACE_STREET,False,False,False
waymo:training_20s:2028d086abef17cd,waymo,validation,ok,-2.8275582620927016,8.342771988076732,1.5987211554602254e-14,2,2,81.12225596192181,-100.0,-83.94981422401452,LANE_SURFACE_STREET,False,True,True
waymo:training_20s:202ea678f14bc7ea,waymo,train,ok,-2.016992648522047,13.570734211841097,8.117950756059145e-13,3,3,1.385672761034856,-7.307954514474119,-3.402665409556903,LANE_SURFACE_STREET,False,False,True
waymo:training_20s:2071a6dac6b10ed,waymo,test,ok,-8.20186471768784,3.9352992661097232,1.4210854715202004e-14,2,2,46.6882793214354,-62.2736930598594,-54.89014403912324,LANE_SURFACE_STREET,False,True,True
waymo:training_20s:2082f752f13f0c6,waymo,train,ok,-1.4769265931692626,1.4769259232078884,7.283063041541027e-14,2,2,68.65620633091507,70.13313225412296,76.02121537092563,LANE_SURFACE_STREET,False,False,False
waymo:training_20s:2095a0e2c51a42e8,waymo,test,ok,-3.605551003935244,3.6055788605567867,7.416289804496046e-14,3,3,69.24205489968938,72.84763376024617,80.0334177645766,LANE_SURFACE_STREET,False,True,True
waymo:training_20s:20bb6d2fe2392cfb,waymo,validation,ok,-42.170493605841976,99.69171754845848,0.0,2,2,5.303484841849226,-55.60298398918936,-47.4739784476912,LANE_SURFACE_STREET,False,True,True
waymo:training_20s:2105f989b62075e5,waymo,train,ok,-3.825139500319525,3.825139215344253,1.5409895581797173e-13,1,1,,,,,False,True,True
waymo:training_20s:212af00462977029,waymo,train,ok,-14.535297150078975,1.7649930184333271,1.5631940186722204e-13,2,1,91.47602228878486,93.24101530721819,99.26234518576888,LANE_SURFACE_STREET,False,True,False
waymo:training_20s:21364efbc20daad4,waymo,train,ok,-3.1784662615035457,3.178430572323417,3.2818192607919627e-13,4,4,37.190157958123514,-45.359516520674774,-40.36862421962706,LANE_SURFACE_STREET,False,True,True
waymo:training_20s:214fddd72f088cf2,waymo,test,ok,-3.8436951423242025,3.8436981620399835,2.9753977059954195e-14,2,2,64.90331911187717,-73.73322266081003,-68.74701425420137,LANE_SURFACE_STREET,False,True,True
waymo:training_20s:215d94eecfef01aa,waymo,test,ok,-3.082479334866449,3.082479334868268,7.962519532611623e-13,2,2,94.89822407482735,97.98070340969562,99.99999999999841,LANE_SURFACE_STREET,False,True,True
waymo:training_20s:219badce7690fe72,waymo,test,ok,-8.298876763284063,5.050752346688,9.947598300641403e-14,5,3,1.6387529432942287,-13.11622018146781,-9.937629706578292,LANE_SURFACE_STREET,False,True,True
waymo:training_20s:220c463556717162,waymo,train,ok,-2.348731573134344,11.12869534161111,4.218847493575595e-14,2,2,46.66834521982421,-62.32976281306694,-49.017076792958555,LANE_SURFACE_STREET,False,False,True
waymo:training_20s:2265b50e25043be5,waymo,train,ok,-9.894633327559475,1.8676278753300706,2.0050627824730327e-13,3,3,44.052055326040595,-61.934534101308564,-53.94668865360007,LANE_SURFACE_STREET,False,True,False
waymo:training_20s:22832c0d4cfdf47e,waymo,test,ok,-1.8624030210504363,12.259204230447997,7.482903185973555e-14,1,1,,,,,False,False,True
waymo:training_20s:2299e38e6070303d,waymo,test,ok,-9.18275254291237,25.25880846106051,1.5987211554602254e-14,1,1,,,,,False,True,True
waymo:training_20s:229baa9cba45c7a3,waymo,train,ok,-1.788534057073938,11.998692767246801,2.19824158875781e-14,2,2,3.320705407837502,-13.367450374363557,-5.10923946491144,LANE_SURFACE_STREET,False,False,True
waymo:training_20s:22a75ec6b155fd4e,waymo,test,ok,-1.9200011596849396,2.0202382834463886,9.667822098435863e-13,1,1,,,,,False,False,False
waymo:training_20s:22c939083fcd0aa7,waymo,test,ok,-1.6837930959041085,1.6837977175343926,3.1530333899354446e-14,2,1,21.06903397466071,22.7528316921951,62.43692687958594,LANE_SURFACE_STREET,False,False,False
waymo:training_20s:22d23b4225e9895b,waymo,train,ok,-6.300080180160008,7.702859837866697,1.9895196601282805e-13,1,1,,,,,False,True,True
waymo:training_20s:230342fd670af8ab,waymo,test,ok,-1.4504042871447882,8.388972543993312,5.613287612504791e-13,4,4,0.8231470467526592,9.21211959074597,16.403028330039618,LANE_SURFACE_STREET,False,False,True
waymo:training_20s:230447eeabc303cb,waymo,train,ok,-2.245088179304891,2.244090355815316,1.865174681370263e-14,3,3,78.97865712570503,81.22274748152034,90.97342878478642,LANE_SURFACE_STREET,False,False,False
waymo:training_20s:230f35ad15b63057,waymo,train,ok,-9.26005267457033,4.75526792930959,1.6253665080512292e-13,4,3,6.596137700826761,-21.18413693145827,-15.856190375397091,LANE_SURFACE_STREET,False,True,True
waymo:training_20s:2315a498cb7310a5,waymo,validation,ok,-4.1556396391610475,7.81615026111908,3.526068326209497e-13,2,2,51.046891616274365,58.86304187739344,66.3532201666417,LANE_SURFACE_STREET,False,True,True
waymo:training_20s:238103fcf089da1a,waymo,test,ok,-2.1210858454416304,2.12109820809916,3.907985046680551e-14,2,2,2.0375187835863464,-7.83426807163039,-4.158604629027977,LANE_SURFACE_STREET,False,False,False
waymo:training_20s:243cdd9c3ea66ba3,waymo,validation,ok,-5.049831663474341,11.4967901641724,6.572520305780927e-14,3,3,1.0985390633808638,-9.67023067842851,-6.148370726855205,LANE_SURFACE_STREET,False,True,True
waymo:training_20s:244ce4670ffd858e,waymo,train,ok,-2.4859771522313165,2.4859784582571156,1.163513729807164e-13,3,2,18.669895984309104,-29.31344144036032,-21.15587313654042,LANE_SURFACE_STREET,False,False,False
waymo:training_20s:245dbf46aab6a90d,waymo,train,ok,-4.789636408182336,5.048512665551435,8.171241461241152e-14,5,5,0.23703057560351937,5.285543241154954,40.34455900271277,LANE_SURFACE_STREET,False,True,True
waymo:training_20s:246f6b844d625bc5,waymo,train,ok,-3.4256913371413487,3.425702386796737,3.4638958368304884e-14,1,1,,,,,False,True,True
waymo:training_20s:24760995ae389149,waymo,test,ok,-1.6175191797237896,6.041506409321075,2.6645352591003757e-14,1,1,,,,,False,False,True
waymo:training_20s:24b2144ae88f0df8,waymo,train,ok,-59.98628238800392,23.982920014664835,7.815970093361102e-14,3,2,30.831397932262725,-97.87499143695337,-90.81768032026665,LANE_SURFACE_STREET,False,True,True
waymo:training_20s:25439d0af1fc19cf,waymo,test,ok,-4.903686278337268,9.96394848337433,1.0480505352461478e-13,1,1,,,,,False,True,True
waymo:training_20s:258f40ccae1b2fb1,waymo,validation,ok,-3.92510625188233,1.8393580805309158,7.429612480791548e-13,2,1,5.120453223793273,-32.568760514193585,-9.045559475675603,LANE_SURFACE_STREET,False,True,False
waymo:training_20s:25c43aae6fdbc35e,waymo,train,ok,-1.5802894668331147,1.5787803645203522,1.34781075189494e-13,2,2,48.760563290057874,-57.44300724722056,-50.34085275689099,LANE_SURFACE_STREET,False,False,False
waymo:training_20s:25d90dfa1a6440dd,waymo,validation,ok,-1.6824457569328757,63.500160368411976,1.6764367671839864e-13,4,2,20.238660949412456,83.73882131782443,88.66771135713216,LANE_SURFACE_STREET,False,False,True
waymo:training_20s:26063548b0f7b04b,waymo,test,ok,-9.965034000971482,1.6760725710504278,1.2434497875801753e-14,5,3,2.062641118918263,3.738713689968691,26.703234866886632,LANE_SURFACE_STREET,False,True,False
waymo:training_20s:2619addbd5e1208e,waymo,train,ok,-3.931054381182152,3.9315755484893433,1.2256862191861728e-13,1,1,,,,,False,True,True
waymo:training_20s:26209168d9b062bb,waymo,train,ok,-83.87960422451127,100.00000000000026,5.684341886080802e-14,1,1,,,,,False,True,True
waymo:training_20s:263e6a1184476530,waymo,train,ok,-2.1323818468698743,2.339858283792731,5.1514348342607263e-14,1,1,,,,,False,False,False
waymo:training_20s:264778c33c95edae,waymo,train,ok,-8.19684384098821,78.69190202964153,2.255973186038318e-13,3,3,1.3093339683986311,-13.309949004437044,-9.506177809386841,LANE_SURFACE_STREET,False,True,True
waymo:training_20s:26543837c1099017,waymo,train,ok,-1.5890299680110376,9.551577551046227,3.7925218521195347e-13,3,3,14.531279704119608,-25.938765040528125,-16.120309672130645,LANE_FREEWAY,False,False,True
waymo:training_20s:2669da4e792f628f,waymo,train,ok,-4.900173995036139,51.022200587213725,1.687538997430238e-13,3,3,1.7177159676612366,-10.396363477217804,-6.617889962697376,LANE_SURFACE_STREET,False,True,True
waymo:training_20s:26cb587d17961f90,waymo,train,ok,-8.232492519231968,1.6951888735887957,6.59472476627343e-14,4,5,1.843128631911805,3.5383175055006006,100.00000000000009,LANE_SURFACE_STREET,False,True,False
waymo:training_20s:26e51875b2a26adf,waymo,test,ok,-2.988384367285308,2.988400634988184,5.861977570020827e-14,2,1,37.51340267499722,-49.30518619867787,-40.50178704228252,LANE_SURFACE_STREET,False,True,True
waymo:training_20s:26ffd84e04507345,waymo,train,ok,-6.217476627722992,13.19301193064251,1.1546319456101628e-13,2,1,50.344524690759144,-100.0,-56.56200131848214,LANE_SURFACE_STREET,False,True,True
waymo:training_20s:270e6e1eb097ac2a,waymo,test,ok,-1.7317942088444611,1.680692522047521,2.262634524186069e-13,2,2,85.24621336077006,86.92690588281758,93.76740656507931,LANE_SURFACE_STREET,False,False,False
waymo:training_20s:278607cef7d9ae8a,waymo,test,ok,-2.330972468074561,14.501236386072136,7.105427357601002e-14,3,3,21.80899072140805,36.31022710748019,41.201894821555555,LANE_SURFACE_STREET,False,False,True
waymo:training_20s:27cb04af7fcd0a2,waymo,train,ok,-6.575077680399631,4.455245194699401,2.5579538487363607e-13,3,3,32.846408025823116,-68.24424152406618,-39.42148570622275,LANE_SURFACE_STREET,False,True,True
waymo:training_20s:27cce46bdadd4c25,waymo,train,ok,-5.1267919464312905,5.051584520624736,5.74651437545981e-13,7,5,0.07467506127913026,5.1262595819038665,12.31534030908088,LANE_SURFACE_STREET,False,True,True
waymo:training_20s:2804b006120abac8,waymo,test,ok,-8.331100942551414,1.5960457536233366,1.34781075189494e-13,3,3,1.638098180060128,-22.080191065214194,-9.969199122611542,LANE_SURFACE_STREET,False,True,False
waymo:training_20s:28359ab7e28908ce,waymo,train,ok,-5.283975867094703,5.419496366182829,1.5987211554602254e-14,2,2,1.9529545875209573,-9.657027858934683,-7.23693045461566,LANE_SURFACE_STREET,False,True,True
waymo:training_20s:28514e171ed40428,waymo,train,ok,-11.327013624331888,21.996896110009125,4.973799150320701e-14,3,2,7.5896129537857675,29.586509063794892,47.07909842486902,LANE_SURFACE_STREET,False,True,True
waymo:training_20s:28675a8abd6838f2,waymo,train,ok,-8.189612978803376,61.201725750187705,1.4210854715202004e-13,2,2,1.776342052810426,-14.109291460867212,-9.965955031613802,LANE_SURFACE_STREET,False,True,True
waymo:training_20s:286b6df97600f57f,waymo,test,ok,-2.030884255919115,1.520643814507873,3.1752378504279477e-13,3,3,79.57795296314939,-87.6140528338797,-81.6088372190685,LANE_SURFACE_STREET,False,False,False
waymo:training_20s:286ebffe8a181f93,waymo,test,ok,-2.045344615605483,9.320898304829754,2.1671553440683056e-13,3,2,67.8037051037724,-83.49100723599898,-69.84904971937789,LANE_SURFACE_STREET,False,False,True
waymo:training_20s:28a90e29a1e996be,waymo,train,ok,-5.061189605695331,5.028184906341743,6.483702463810914e-14,1,1,,,,,False,True,True
waymo:training_20s:28cde570d536c9d8,waymo,train,ok,-3.985047280625529,3.9849268927253005,1.341149413747189e-13,2,2,37.4006846085836,-100.0,-41.38573188920913,LANE_SURFACE_STREET,False,True,True
waymo:training_20s:28daecb7a55fa71b,waymo,test,ok,-8.06715112121706,1.766336192472494,1.758593271006248e-13,5,5,0.36765422794074687,2.133990420413241,50.7520135241129,LANE_SURFACE_STREET,False,True,False
waymo:training_20s:291725992f58f72f,waymo,train,ok,-1.739371219993539,8.163149848285585,3.3084646133829665e-14,2,2,79.32940607235764,-87.85996533130312,-81.06877729235119,LANE_SURFACE_STREET,False,False,True
waymo:training_20s:293f646676e9f183,waymo,train,ok,-3.486480937500497,3.4965720324736482,1.305622276959184e-13,3,2,0.1808423680321054,3.6774144005057536,11.075853163363774,LANE_SURFACE_STREET,False,True,True
waymo:training_20s:2967fa6881c1a83a,waymo,test,ok,-12.610440248284519,8.272569436065,3.019806626980426e-14,1,1,,,,,False,True,True
waymo:training_20s:29909e762fe97033,waymo,train,ok,-9.059291473983729,5.01891781680453,2.504663143554353e-13,1,1,,,,,False,True,True
waymo:training_20s:29e5ea8dc66b38ed,waymo,test,ok,-4.969026292467718,9.55939487648305,1.7763568394002505e-14,2,2,72.65234441343992,82.21173928992297,90.65772607539932,LANE_SURFACE_STREET,False,True,True
waymo:training_20s:29ffa685da954f4f,waymo,validation,ok,-11.055719261833035,48.018732577764624,9.769962616701378e-14,3,2,13.210552784842307,61.22928536260693,83.52174279396823,LANE_SURFACE_STREET,False,True,True
waymo:training_20s:2a1e62132d471e3f,waymo,train,ok,-7.991496648040054,3.100601950507698,4.2943426592501055e-13,6,6,13.87470790293115,-66.80460849780759,-21.866204550971204,LANE_SURFACE_STREET,False,True,True
waymo:training_20s:2a2ebd4994c3da3f,waymo,train,ok,-2.214898074575384,7.930288402752494,2.4868995751603507e-14,1,1,,,,,False,False,True
waymo:training_20s:2a388cec54afc4c0,waymo,test,ok,-3.340633681289874,3.34061985600612,1.5720758028692217e-13,3,3,58.21838523266664,61.55900508867276,69.2508503277055,LANE_SURFACE_STREET,False,True,True
waymo:training_20s:2a54d111a143cf0e,waymo,train,ok,-4.876734075564514,4.766727796415804,4.156675004196586e-13,4,4,3.0146949281937765,-11.760141031078263,-7.89142900375829,LANE_SURFACE_STREET,False,True,True
waymo:training_20s:2a6bdb5319d22e2b,waymo,test,ok,-5.182525676334572,7.480538178843307,1.0658141036401503e-14,3,2,1.7285422066406024,-10.553304395597323,-6.911067882975175,LANE_SURFACE_STREET,False,True,True
waymo:training_20s:2a770bb8b49f45f3,waymo,test,ok,-5.135292131131683,5.158209705449226,1.794120407794253e-13,2,2,48.43311125089784,53.59132095634706,65.945909107398,LANE_SURFACE_STREET,False,True,True
waymo:training_20s:2ab9f1bce547294b,waymo,train,ok,-2.229965364084344,8.850299165763683,1.5276668818842154e-13,4,3,82.65337053342547,-94.25386536948021,-84.88333589750982,LANE_SURFACE_STREET,False,False,True
waymo:training_20s:2aebb9b1a842b88b,waymo,test,ok,-15.554114415193053,5.385667957858634,1.865174681370263e-14,6,4,0.4062790029848049,-27.783716871281797,-15.960393418177858,LANE_SURFACE_STREET,False,True,True
waymo:training_20s:2b0585860d754b9c,waymo,test,ok,-8.442615036103902,7.060264649544896,2.842170943040401e-14,4,3,5.609422905611723,-14.852284025539845,-14.052037941715625,LANE_SURFACE_STREET,False,True,True
waymo:training_20s:2b17bd772f0f025e,waymo,test,ok,-3.428864783390347,3.428860023396359,2.3092638912203256e-14,3,3,14.800433720368565,-46.12241690608374,-18.229298503758912,LANE_SURFACE_STREET,False,True,True
waymo:training_20s:2b25da9656211a33,waymo,train,ok,-12.313630496638227,76.34618942949716,4.263256414560601e-14,3,2,15.797714341011059,92.14390377050822,100.00000000000003,LANE_SURFACE_STREET,False,True,True
waymo:training_20s:2b336ea8deadf834,waymo,test,ok,-8.254891489360308,1.6141389100227288,5.417888360170764e-14,3,3,1.515102859483573,-14.135692409029176,-9.76999434884388,LANE_SURFACE_STREET,False,True,False
waymo:training_20s:2b3e2612731e1d8c,waymo,train,ok,-5.1599772876098084,2.6189427032733588,3.9968028886505635e-14,4,4,0.06529855326060119,-10.26823041981902,-5.22527584087041,LANE_SURFACE_STREET,False,True,True
waymo:training_20s:2ba054b19b87f6fa,waymo,test,ok,-11.019298903284922,16.02853767334839,7.105427357601002e-15,2,2,28.83358253051025,44.86212020385864,50.25229977816366,LANE_SURFACE_STREET,False,True,True
waymo:training_20s:2bcc3873b73eff5f,waymo,test,ok,-2.3177061671717443,2.3177024964954387,1.900701818158268e-13,3,3,12.438278636372349,14.755981132867788,21.83151838128046,LANE_SURFACE_STREET,False,False,False
waymo:training_20s:2c3887e63d9a5916,waymo,validation,ok,-12.655132970139165,71.25576044417936,2.575717417130363e-13,2,2,21.020699327660466,92.27645977183982,97.30006825752193,LANE_SURFACE_STREET,False,True,True
waymo:training_20s:2c6f99a6b34c803b,waymo,validation,ok,-3.3709006236394226,3.3709003596171065,2.220446049250313e-14,1,1,,,,,False,True,True
waymo:training_20s:2c7cb70c6c85cab9,waymo,validation,ok,-11.681968033884088,3.960458862548395,8.304468224196171e-14,3,1,41.74141371762385,-55.33508640817162,-53.42338175150794,LANE_SURFACE_STREET,False,True,True
waymo:training_20s:2cae1fe0863e04d8,waymo,train,ok,-7.8715188024553475,3.2800782253029745,2.220446049250313e-14,1,1,,,,,False,True,True
waymo:training_20s:2cb5ae572d2ee38f,waymo,train,ok,-2.122667545919699,2.1226702108234536,1.0969003483296547e-13,1,1,,,,,False,False,False
waymo:training_20s:2cccd609a36975f1,waymo,train,ok,-2.2671534359177516,2.03368388929027,3.2374103398069565e-13,3,1,21.166296587900586,-83.0718802134611,-23.433450023818338,LANE_SURFACE_STREET,False,False,False
waymo:training_20s:2cea97c4766b491b,waymo,test,ok,-4.971424648447788,4.696284627090656,4.0589753780295723e-13,3,3,25.342018117015435,-99.80318204724671,-30.313442765463222,LANE_SURFACE_STREET,False,True,True
waymo:training_20s:2d0e3aecda2aa9c6,waymo,test,ok,-2.968677866794795,2.9686765627289855,3.1086244689504383e-15,1,1,,,,,False,True,True
waymo:training_20s:2d4149e85c157525,waymo,train,ok,-2.408089959934902,2.4080916261098637,1.887379141862766e-13,2,2,81.5058005072155,-95.88200926310424,-83.9138904671504,LANE_SURFACE_STREET,False,False,False
waymo:training_20s:2d5e37893d5004f0,waymo,test,ok,-23.274689840492414,3.3869077623780353,7.300826609935029e-13,1,1,,,,,False,True,True
waymo:training_20s:2dad8a51d5200883,waymo,train,ok,-8.194084224701054,1.6868115489248108,2.2493118478905672e-13,3,3,2.1410611545731344,3.8278727034979454,100.00000000000045,LANE_SURFACE_STREET,False,True,False
waymo:training_20s:2df1fb999f27f4c0,waymo,train,ok,-9.932183668273979,34.10026986238283,1.4210854715202004e-14,5,3,0.9484949901583519,35.04876485254118,50.68087057735016,LANE_SURFACE_STREET,False,True,True
waymo:training_20s:2df61fb8d541066f,waymo,train,ok,-100.00000000000018,100.00000000000018,1.8474111129762605e-13,1,2,,,,,False,True,True
waymo:training_20s:2e05cff03e6cb3ce,waymo,test,ok,-5.185151047439514,95.43468622155552,3.0819791163594346e-13,2,2,2.1767229665420773,-10.956267118878031,-7.361874013981591,LANE_SURFACE_STREET,False,True,True
waymo:training_20s:2e07d4cc6b7ad4f5,waymo,test,ok,-13.454114900112376,12.054473787242706,5.329070518200751e-13,1,1,,,,,False,True,True
waymo:training_20s:2e47c5c66dd31e88,waymo,train,ok,-1.7035804698380732,1.8341627997311194,6.250555628639631e-13,2,1,30.42711749924895,-46.81046119363927,-32.130697969087024,LANE_SURFACE_STREET,False,False,False
waymo:training_20s:2e566449c42098c9,waymo,train,ok,-98.49836128194814,99.99999999999955,4.547473508864641e-13,1,2,,,,,False,True,True
waymo:training_20s:2e6c9ab5ffc51322,waymo,train,ok,-7.105856531421269,32.1929404254646,3.410605131648481e-13,1,1,,,,,False,True,True
waymo:training_20s:2e8fb85226afdf7a,waymo,train,ok,-7.858427881354424,1.5022626886244816,1.5010215292932116e-13,1,1,,,,,False,True,False
waymo:training_20s:2ec7cfcf354ec304,waymo,train,ok,-8.570113962947435,2.0722820269803472,4.1744385725905886e-14,6,5,0.4394274246719583,-23.43478402243187,-9.009541387619393,LANE_SURFACE_STREET,False,True,False
waymo:training_20s:2ed07775ecfb419f,waymo,train,ok,-8.10086634162293,1.5674353352271122,4.729550084903167e-14,3,2,44.38401889424808,45.95145422947519,54.863596610302324,LANE_SURFACE_STREET,False,True,False
waymo:training_20s:2edc0244dcfa7f45,waymo,train,ok,-3.636458063962407,9.010203963984907,1.4299672557172016e-13,3,2,28.06150771762009,37.071711681604995,39.87894368845875,LANE_SURFACE_STREET,False,True,True
waymo:training_20s:2ef973987014a710,waymo,train,ok,-2.308752142307594,18.49605264441956,4.618527782440651e-14,1,1,,,,,False,False,True
waymo:training_20s:2f6459f1e83fe69e,waymo,train,ok,-5.830714519996803,5.883613431959881,6.217248937900877e-15,2,2,10.54788151845154,16.43149495041142,20.064435113161764,LANE_SURFACE_STREET,False,True,True
waymo:training_20s:2f6cb8660ee8b9bd,waymo,validation,ok,-8.804507566615252,1.7706929445264938,1.6253665080512292e-13,3,3,38.57628915960502,40.34698210413151,45.80726977722969,LANE_SURFACE_STREET,False,True,False
waymo:training_20s:2f7e64f93841cd24,waymo,train,ok,-3.8614856196635956,1.727660467058179,7.105427357601002e-15,1,1,,,,,False,True,False
waymo:training_20s:2fa1854af7febb08,waymo,test,ok,-2.4550576808206976,1.8741088923457838,6.683542608243442e-14,3,2,3.276243792625923,-11.314507302530316,-5.731301473446621,LANE_SURFACE_STREET,False,False,False
waymo:training_20s:2fdd295c934dfe1,waymo,train,ok,-2.139717558974581,15.180294577225053,1.4654943925052066e-14,2,2,56.08231191816728,71.26260649539233,76.66466116123507,LANE_SURFACE_STREET,False,False,True
waymo:training_20s:3005c99adbd5f97,waymo,train,ok,-5.409218727839218,1.7611369876083025,5.595524044110789e-14,3,2,50.57944976541625,52.34058675302455,59.01499472734187,LANE_SURFACE_STREET,False,True,False
waymo:training_20s:303eb22c4c8d12b,waymo,train,ok,-1.9838942202264733,1.9837276922804095,1.5765166949677223e-13,2,2,84.24282073367124,86.22654842595165,100.00000000000054,LANE_SURFACE_STREET,False,False,False
waymo:training_20s:303ff9ce2274a8d7,waymo,train,ok,-12.002109916305324,41.64528747062459,3.375077994860476e-14,2,2,79.26024223461758,-96.02602230458548,-91.26235215092291,LANE_SURFACE_STREET,False,True,True
waymo:training_20s:30626974e9c387bd,waymo,train,ok,-12.544337505520017,3.2907522344384077,5.5067062021407764e-14,2,2,2.50889312085309,-45.595149385135436,-15.053230626373107,LANE_SURFACE_STREET,False,True,True
waymo:training_20s:307e271aa0e35fda,waymo,test,ok,-8.299110894344514,5.050513103032352,7.72715225139109e-14,5,3,1.6385167123651971,-13.11668883706183,-9.937627606709711,LANE_SURFACE_STREET,False,True,True
waymo:training_20s:307fa2143ac885e0,waymo,train,ok,-4.412335363256142,33.99739046453164,8.881784197001252e-15,1,1,,,,,False,True,True
waymo:training_20s:30820b6ef53e985d,waymo,train,ok,-13.937880654997247,99.99999999999997,1.7763568394002505e-14,1,1,,,,,False,True,True
waymo:training_20s:309796270d0a7b9f,waymo,train,ok,-1.6724443658841697,7.529852569977312,1.9539925233402755e-14,3,3,79.63248597911708,87.16233854909439,95.16803246951676,LANE_SURFACE_STREET,False,False,True
waymo:training_20s:30cac7f238ad721,waymo,validation,ok,-3.5434189792166535,3.5434185882553493,1.4210854715202004e-14,1,1,,,,,False,True,True
waymo:training_20s:3126f703734d4472,waymo,train,ok,-2.779578929701957,15.508973396199512,6.039613253960852e-14,3,2,59.09507728114403,74.60405067734354,84.23226077180965,LANE_SURFACE_STREET,False,True,True
waymo:training_20s:3135f1e1735b2182,waymo,test,ok,-13.45786376927584,99.99999999999991,8.526512829121202e-14,2,3,72.19839083664408,-94.98059910664128,-85.65625460591991,LANE_SURFACE_STREET,False,True,True
waymo:training_20s:3185f620d48e09b3,waymo,train,ok,-4.171655455287839,4.171653985161957,3.375077994860476e-14,2,2,66.5158933032311,-78.0127695531859,-70.68754875851893,LANE_SURFACE_STREET,False,True,True
waymo:training_20s:31b6d2bc09195e2f,waymo,validation,ok,-13.998338724596445,22.071456206544212,2.984279490192421e-13,5,5,2.677195447661168,-28.64298534811273,-16.675534172257613,LANE_SURFACE_STREET,False,True,True
waymo:training_20s:31c06313362b13db,waymo,train,ok,-8.19694302319817,1.5464355567832917,3.552713678800501e-15,2,2,1.2978761663254694,-13.131908256821234,-9.49481918952364,LANE_SURFACE_STREET,False,True,False
waymo:training_20s:31c2f85e17843c6f,waymo,test,ok,-5.086514771863145,10.705359280444425,2.6645352591003757e-14,2,2,88.9884170225911,99.69377630303552,100.0,LANE_SURFACE_STREET,False,True,True
waymo:training_20s:31e27d28f2d0213e,waymo,test,ok,-8.2865385115762,5.6995033901117,3.552713678800501e-15,2,2,60.46222034523156,66.16172373534326,72.91071842934758,LANE_SURFACE_STREET,False,True,True
waymo:training_20s:31e9372483231d81,waymo,train,ok,-8.260275905855883,4.636234055720875,3.375077994860476e-14,3,3,75.61200388935025,-90.11625256469802,-83.87227979520613,LANE_SURFACE_STREET,False,True,True
waymo:training_20s:31ee78852e455e38,waymo,train,ok,-9.34255488873171,8.940347780076229,2.859934511434403e-13,1,1,,,,,False,True,True
waymo:training_20s:31f750f6169a8d0d,waymo,test,ok,-1.5071411275610964,1.82006698120833,2.724487302430134e-13,2,2,66.52480104265709,-76.20970100958554,-68.03194217021819,LANE_SURFACE_STREET,False,False,False
waymo:training_20s:31f7a01562661056,waymo,train,ok,-27.479032168968306,19.642811012959125,8.988365607365267e-13,3,3,15.087323774537655,34.73013478749678,99.48959153556154,LANE_SURFACE_STREET,False,True,True
waymo:training_20s:32103cb45a6f663,waymo,train,ok,-4.876989486558122,4.766546752074761,1.758593271006248e-13,4,4,3.014672510787955,-11.760066371062777,-7.891661997346077,LANE_SURFACE_STREET,False,True,True
waymo:training_20s:323293113d60a9c2,waymo,test,ok,-8.71653837647621,1.8851903262570537,5.890843368661081e-13,4,3,0.8874769904167785,2.7726673166738323,9.445612349261836,LANE_SURFACE_STREET,False,True,False
waymo:training_20s:327b5a29ef551cf1,waymo,train,ok,-6.908891151863063,5.294387237166674,8.668621376273222e-13,4,4,26.702560392675835,31.99694762984251,37.49837440282647,LANE_SURFACE_STREET,False,True,True
waymo:training_20s:32a8262ec317b994,waymo,train,ok,-1.8371917559990014,1.837191610125357,3.999023334699814e-13,2,2,69.7825509047779,71.61974251490327,100.00000000000082,LANE_SURFACE_STREET,False,False,False
waymo:training_20s:32b01aa775a70be7,waymo,train,ok,-1.7653625480695179,4.458885457765019,1.4654943925052066e-14,4,4,1.4900425197680822,-7.492872617197008,-3.2554050678376,LANE_SURFACE_STREET,False,False,True
waymo:training_20s:32b2c2cffb36fa8,waymo,train,ok,-5.226468098431296,6.4999476560508365,1.5987211554602254e-14,3,2,1.836743761260708,-10.686490650785316,-7.063211859692004,LANE_SURFACE_STREET,False,True,True
waymo:training_20s:32bbec173a49bea1,waymo,train,ok,-4.033111916083361,7.7107331667877,5.240252676230739e-14,3,3,22.57463666511786,-35.09108391260942,-26.60774858120122,LANE_SURFACE_STREET,False,True,True
waymo:training_20s:32bff46c4a2afd1d,waymo,train,ok,-5.33715864135239,9.295132863162971,2.007283228522283e-13,2,1,22.56435991718672,-46.78115756835517,-27.90151855853911,LANE_SURFACE_STREET,False,True,True
waymo:training_20s:32d895d3d6f8bb,waymo,train,ok,-5.555298598985283,2.4371133756667867,3.197442310920451e-14,1,1,,,,,False,True,False
waymo:training_20s:32e7aab8dfaf6a4f,waymo,test,ok,-8.961039295783198,1.7190952096117307,2.2382096176443156e-13,7,3,0.3800199212847055,2.099115130896436,6.912520013496774,LANE_SURFACE_STREET,False,True,False
waymo:training_20s:32e9be49ee1b94d1,waymo,validation,ok,-5.3915929588849965,5.1897350769210515,3.108624468950438e-14,2,2,23.07964908189371,-36.37857854787447,-28.471242040778705,LANE_SURFACE_STREET,False,True,True
waymo:training_20s:32ec19df6045b8e8,waymo,validation,ok,-4.966873342067311,100.00000000000017,1.9895196601282805e-13,2,2,1.2111582264642262,-9.669944103625454,-6.178031568531537,LANE_SURFACE_STREET,False,True,True
waymo:training_20s:32f4d4e13ef20671,waymo,test,ok,-1.8794843327659496,5.344080264048045,1.0835776720341528e-13,1,1,,,,,False,False,True
waymo:training_20s:330abd526a0c9207,waymo,train,ok,-3.2720533156602767,3.2720501209076045,3.1663560662309465e-13,2,2,68.73594517801808,-81.54233956460999,-72.00799849367836,LANE_SURFACE_STREET,False,True,True
waymo:training_20s:331ce04013edd38c,waymo,test,ok,-1.98424683508588,1.9842468947754999,5.306866057708248e-14,1,1,,,,,False,False,False
waymo:training_20s:3352da2ecbbabeb0,waymo,train,ok,-1.7986939078688466,5.5537463355688255,3.708144902248023e-14,2,2,0.26083530856208537,5.814581644130911,8.964825660563648,LANE_SURFACE_STREET,False,False,True
waymo:training_20s:33570c889ac9ef4a,waymo,train,ok,-5.783776425196265,1.8968130621233286,0.0,1,1,,,,,False,True,False
waymo:training_20s:336a6c133650b4a8,waymo,train,ok,-1.984246849993155,1.984246849993155,9.880984919163893e-14,3,2,68.86555979732093,-79.64176211249739,-70.84980664731408,LANE_SURFACE_STREET,False,False,False
waymo:training_20s:33973e622f768bb8,waymo,validation,ok,-4.16925471497637,4.169239236009524,7.158718062783009e-13,1,1,,,,,False,True,True
waymo:training_20s:339c6bef77b23b1c,waymo,test,ok,-26.39133023158987,28.9678827580326,5.684341886080802e-14,4,4,28.800229223555817,57.76811198158842,68.58415772935402,LANE_SURFACE_STREET,False,True,True
waymo:training_20s:339e63a58385c578,waymo,train,ok,-8.37386475925723,17.39194128406575,1.4210854715202004e-14,4,5,1.3305417974077187,-13.139426492166209,-9.70440655666495,LANE_SURFACE_STREET,False,True,True
waymo:training_20s:339fb621477ae069,waymo,test,ok,-6.799339430511097,71.0824167707081,4.263256414560601e-14,2,2,6.101704979369231,-20.695214340716234,-12.901044409880328,LANE_SURFACE_STREET,False,True,True
waymo:training_20s:33cf7f032362ac07,waymo,test,ok,-3.4403593342160135,3.440358248981155,4.1300296516055823e-14,1,1,,,,,False,True,True
waymo:training_20s:3405c9d5970a8a55,waymo,train,ok,-3.6665823459627105,3.6665823459627105,1.4077627952246985e-13,1,1,,,,,False,True,True
waymo:training_20s:3417179ff995e880,waymo,train,ok,-1.977932825590992,4.882584297120822,3.552713678800501e-14,1,1,,,,,False,False,True
waymo:training_20s:3421914e648b223d,waymo,train,ok,-9.125265831792433,10.374399132113403,7.105427357601002e-15,1,1,,,,,False,True,True
waymo:training_20s:3451759b928ac720,waymo,train,ok,-3.767062187194699,4.9683510840726886,3.9968028886505635e-14,1,1,,,,,False,True,True
waymo:training_20s:3452b1ed968afc0d,waymo,test,ok,-28.048731841142462,5.008219863926516,4.618527782440651e-13,3,2,58.87002946675843,-90.28506305269332,-86.9187613079009,LANE_SURFACE_STREET,False,True,True
waymo:training_20s:3456a70c31237bb9,waymo,validation,ok,-12.157278685334546,8.08720820095134,1.5987211554602254e-14,3,3,47.33615947079744,-99.89269277546225,-59.49343815613199,LANE_SURFACE_STREET,False,True,True
waymo:training_20s:346b31a644f8cd60,waymo,train,ok,-4.062044941132827,4.062044940662722,9.769962616701378e-14,2,1,33.509742669246926,37.57178760990965,38.29065396640789,LANE_SURFACE_STREET,False,True,True
waymo:training_20s:347a51a82b0fc0fb,waymo,test,ok,-8.386245436519056,1.7313034601823887,5.684341886080802e-14,2,2,0.09360307901850717,1.8249065392008958,42.25165542605396,LANE_SURFACE_STREET,False,True,False
waymo:training_20s:349a87d6d3674e92,waymo,validation,ok,-1.605520670292629,8.103002594715226,4.796163466380676e-14,1,1,,,,,False,False,True
waymo:training_20s:34aaa1d4bc77d804,waymo,test,ok,-4.888005038161158,1.8359273840193633,7.860379014346108e-14,1,1,,,,,False,True,False
waymo:training_20s:34d792e7b8a5a52b,waymo,test,ok,-13.043930145273187,99.84927304957036,9.947598300641403e-14,1,1,,,,,False,True,True
waymo:training_20s:35032fc748002a8e,waymo,test,ok,-11.58797111498124,45.388075089948636,9.592326932761353e-14,4,2,1.2027102885935967,-16.072415446621818,-12.790681403574837,LANE_SURFACE_STREET,False,True,True
waymo:training_20s:351b9a717a28c5f5,waymo,test,ok,-1.6867936771890142,4.7063232968371675,4.107825191113079e-14,3,3,67.12088903531817,71.82721233215534,80.06686863370237,LANE_SURFACE_STREET,False,False,True
waymo:training_20s:352e502f25099371,waymo,train,ok,-3.9555416894945905,1.9672045167267016,3.2862601528904634e-14,1,1,,,,,False,True,False
waymo:training_20s:3561b4f7378717a0,waymo,train,ok,-8.164758080549403,1.8046398321813601,1.438849039914203e-13,3,1,3.774147313303091,-17.027501421740652,-11.938905393852494,LANE_SURFACE_STREET,False,True,False
waymo:training_20s:3569850cc7b53492,waymo,train,ok,-15.511798905300171,11.711357334056322,3.4994229736184934e-13,4,4,10.030750042665996,-38.58661963146741,-25.542548947966168,LANE_SURFACE_STREET,False,True,True
waymo:training_20s:356ccfae32dee91b,waymo,train,ok,-2.25954118506322,11.874510234105102,1.4210854715202004e-14,1,1,,,,,False,False,True
waymo:training_20s:357cbbe6c6f80f06,waymo,train,ok,-2.961227097172391,7.2957331626624455,6.927791673660977e-14,4,4,28.4398423805629,-37.10255141218881,-31.40106947773529,LANE_FREEWAY,False,True,True
waymo:training_20s:3595a5699c0008db,waymo,test,ok,-8.97454364024619,5.788633282821109,1.412203687323199e-13,2,2,1.53284672932093,-13.888692034239156,-10.50739036956712,LANE_SURFACE_STREET,False,True,True
waymo:training_20s:359610cbe38da6a7,waymo,train,ok,-1.4026293797031597,1.8862471465268884,3.108624468950438e-14,2,1,9.487241176477337,11.373488323004224,17.11923163713385,LANE_SURFACE_STREET,False,False,False
waymo:training_20s:35c181b29b4f793f,waymo,test,ok,-32.863507029076935,34.149054332390484,7.105427357601002e-15,1,1,,,,,False,True,True
waymo:training_20s:35e359cbc321b9df,waymo,test,ok,-3.6724272685417745,2.536483862039259,6.394884621840902e-14,5,3,45.944751848957274,-59.95276175010947,-49.61717911749905,LANE_SURFACE_STREET,False,True,False
waymo:training_20s:35ecf6caa9d94365,waymo,train,ok,-2.1799684356991844,1.6024230171072265,8.637535131583718e-14,1,1,,,,,False,False,False
waymo:training_20s:36036eef977ea930,waymo,test,ok,-4.7349389311439465,4.720283539107788,8.881784197001252e-15,1,1,,,,,False,True,True
waymo:training_20s:360d8f8d714b09c8,waymo,test,ok,-8.960919485193685,1.8138404414688425,7.815970093361102e-13,5,5,0.7823678174423618,2.5962082589112043,9.42554645307601,LANE_SURFACE_STREET,False,True,False
waymo:training_20s:361abfa30183e753,waymo,train,ok,-8.61406303207103,61.58762959310513,2.842170943040401e-14,4,3,15.534878471453453,-29.532346440745016,-24.148941503524483,LANE_SURFACE_STREET,False,True,True
waymo:training_20s:362bb979d03f8e00,waymo,train,ok,-5.529436435147327,100.00000000000136,4.4586556668946287e-13,1,1,,,,,False,True,True
waymo:training_20s:3643be4c598513e2,waymo,train,ok,-37.21981332145113,8.847725015910305,2.220446049250313e-13,3,3,9.417166820066534,-53.340591599601105,-46.63698014151766,LANE_SURFACE_STREET,False,True,True
waymo:training_20s:3665ccbb7fbea355,waymo,train,ok,-4.18927119321546,4.189271180986715,4.1744385725905886e-14,2,1,77.29862663765331,-88.97644567734095,-81.48789783086877,LANE_SURFACE_STREET,True,True,True
waymo:training_20s:3685b7015b91c098,waymo,test,ok,-6.772704581849765,5.749309100105804,4.3520742565306136e-14,4,4,1.6866192509227327,7.4359283510285366,11.121650965201923,LANE_SURFACE_STREET,False,True,True
waymo:training_20s:36a0cb98568a37d,waymo,test,ok,-8.96683579735997,71.7992262153571,4.050093593832571e-13,1,1,,,,,False,True,True
waymo:training_20s:36b2d981029fd495,waymo,train,ok,-8.43386967599942,1.4898455270030808,3.1308289294429414e-14,3,2,46.718778634749,48.208624161752084,64.32747225951633,LANE_SURFACE_STREET,False,True,False
waymo:training_20s:36fde754a79b1aed,waymo,test,ok,-5.020999540889775,39.700945854421384,9.237055564881302e-14,3,2,1.1450652547223683,-9.588283061249626,-6.166064795612144,LANE_SURFACE_STREET,False,True,True
waymo:training_20s:3703f313b30bdc25,waymo,train,ok,-2.203782124809524,58.279067998022825,1.4210854715202004e-14,4,3,21.020018035834013,79.29908603385684,83.7438012994098,LANE_SURFACE_STREET,False,False,True
waymo:training_20s:374d882e86af4ed,waymo,validation,ok,-8.99898316152635,5.161131219205814,3.197442310920451e-14,4,2,13.219082819835013,-28.15636566988114,-22.218065981361363,LANE_SURFACE_STREET,False,True,True
waymo:training_20s:377e4591db655e9a,waymo,train,ok,-9.025234606155209,28.882632313518116,0.0,4,1,4.240175049462778,33.12280736298089,68.22361371936677,LANE_SURFACE_STREET,False,True,True
waymo:training_20s:379542063e6dee6b,waymo,test,ok,-3.9296602021936824,16.554160247578398,1.0658141036401503e-14,1,1,,,,,False,True,True
waymo:training_20s:37e0f85e6662c807,waymo,train,ok,-10.215317979540298,1.9231440099053425,3.552713678800501e-15,2,2,4.047127059999173,-100.0,-14.262445039539472,LANE_SURFACE_STREET,False,True,False
waymo:training_20s:3812c34985d03774,waymo,train,ok,-8.582597244299022,1.5179469964649668,6.927791673660977e-14,3,2,1.8712848648315816,-11.82177692363598,-10.453882109130603,LANE_SURFACE_STREET,False,True,False
waymo:training_20s:3828a8d89bd04543,waymo,train,ok,-1.674077703480141,88.72850884262157,1.8474111129762605e-13,2,2,1.886384793784994,-6.907613752407244,-3.560462497265135,LANE_SURFACE_STREET,False,False,True
waymo:training_20s:3837952498b5ceaf,waymo,train,ok,-1.71781889353088,5.601394096193921,7.105427357601002e-15,2,1,22.004770314124663,27.606164410318584,77.44183561914039,LANE_SURFACE_STREET,False,False,True
waymo:training_20s:383a19489e1640a6,waymo,train,ok,-2.7373061435886425,2.7373077687530594,3.863576125695545e-14,1,1,,,,,False,True,True
waymo:training_20s:38544995600767b8,waymo,train,ok,-1.759752261694422,12.334917861160374,8.43769498715119e-15,3,3,1.929083927281249,-6.792170630042534,-3.688836188975671,LANE_SURFACE_STREET,False,False,True
waymo:training_20s:386fc2fc57795fb5,waymo,train,ok,-5.249249034629614,2.0289980301799933,2.842170943040401e-14,2,1,18.065135395569655,20.094133425749646,81.52675508107549,LANE_SURFACE_STREET,True,True,False
waymo:training_20s:38b4c1f9ac5d2bc6,waymo,validation,ok,-12.391998543157916,2.040789566858124,4.4142467459096224e-13,3,3,73.4643599509961,75.50514951785422,86.06343840523601,LANE_SURFACE_STREET,False,True,False
waymo:training_20s:38be2664ba3dead6,waymo,train,ok,-5.781884641598983,2.250275872826984,2.2648549702353193e-14,4,4,41.40278628683595,-51.62041440165919,-47.18467092843493,LANE_SURFACE_STREET,False,True,False
waymo:training_20s:38d883974e9be292,waymo,train,ok,-8.708864783409647,8.285988346876406,3.730349362740526e-14,5,3,16.45784531484832,-45.40696835297052,-25.166710098257965,LANE_SURFACE_STREET,False,True,True
waymo:training_20s:38d96d05b74601e4,waymo,train,ok,-7.943771216473243,90.79460908835541,1.4210854715202004e-14,2,1,22.382586816182332,-77.57706304285998,-30.326358032655577,LANE_SURFACE_STREET,False,True,True
waymo:training_20s:3932ddc3b2b641f0,waymo,train,ok,-14.48859595316838,1.8001813917560816,2.327027459614328e-13,2,1,87.41005527022851,89.2102366619846,99.22393271353144,LANE_SURFACE_STREET,False,True,False
waymo:training_20s:394d475b11ac69ea,waymo,test,ok,-5.542727526469666,1.6594667434691501,3.9745984281580604e-14,4,2,10.834334910343127,-24.40933246191318,-16.377062436812793,LANE_SURFACE_STREET,False,True,False
waymo:training_20s:395e3cd0314e1561,waymo,train,ok,-1.7472730691619156,88.02033385295165,1.6120438317557273e-13,4,3,1.474808414582673,-6.374312131853387,-3.2220814837445886,LANE_SURFACE_STREET,False,False,True
waymo:training_20s:398fe40c12a9b17f,waymo,test,ok,-2.308317055414457,2.2701104489743313,9.769962616701378e-15,1,1,,,,,False,False,False
waymo:training_20s:3996c56669a92641,waymo,train,ok,-1.9875286824003757,9.078630130989135,2.3647750424515834e-13,2,2,51.22900102418749,-61.43142011392755,-53.21652970658786,LANE_SURFACE_STREET,False,False,True
waymo:training_20s:39997023b83b731c,waymo,validation,ok,-8.684467688895815,5.253051947910917,4.440892098500626e-14,2,1,79.65683901868566,84.90989096659658,95.85932533493815,LANE_SURFACE_STREET,False,True,True
waymo:training_20s:39ac16e665fed638,waymo,train,ok,-3.169194024104298,3.1691972879577355,8.704148513061227e-14,2,2,62.20539733823334,-73.20737512772442,-65.37459136233764,LANE_SURFACE_STREET,False,True,True
waymo:training_20s:39b41b8b45676efe,waymo,train,ok,-8.538734160205335,7.316815060493244,6.998845947236987e-13,2,2,47.42238401061127,-63.31824848363386,-55.961118170816604,LANE_SURFACE_STREET,False,True,True
waymo:training_20s:39b8a345045640bf,waymo,train,ok,-54.953428594558375,55.59177140565492,1.3500311979441904e-13,2,2,36.97283581739737,-100.0,-91.92626441195574,LANE_SURFACE_STREET,False,True,True
waymo:training_20s:39f326f2b4c3c3a,waymo,train,ok,-1.7062945055719347,5.141925190984659,1.5010215292932116e-13,2,2,0.03367603791811913,5.175601228902778,8.726263277610968,LANE_SURFACE_STREET,False,False,True
waymo:training_20s:39fb43bd89b377ee,waymo,train,ok,-33.72567546365377,42.195591074280635,7.105427357601002e-15,4,2,33.12919254097433,-72.54750960248313,-66.8548680046281,LANE_SURFACE_STREET,False,True,True
waymo:training_20s:3a00907884858e1b,waymo,train,ok,-3.107343787819201,5.319505377437566,8.260059303211165e-14,6,4,5.794643631681967,-42.116579505134105,-8.901987419501168,LANE_SURFACE_STREET,False,True,True
waymo:training_20s:3a216a852bf6a64d,waymo,train,ok,-4.826944704875153,90.03501964887124,7.815970093361102e-14,2,2,56.498626958848384,-67.66616788399253,-61.32557166372354,LANE_SURFACE_STREET,False,True,True
waymo:training_20s:3a4031d37a2e6c84,waymo,test,ok,-4.607135211123473,4.591253320227493,9.769962616701378e-15,1,1,,,,,False,True,True
waymo:training_20s:3a484ba1b8f1986c,waymo,train,ok,-9.979561304735068,4.08957739187318,3.304023721284466e-13,5,5,2.1222904600802828,-12.433417170901294,-12.10185176481535,LANE_SURFACE_STREET,False,True,True
waymo:training_20s:3a869e67577af10d,waymo,test,ok,-5.271273034152536,8.930374335888201,3.4283687000424834e-13,2,2,60.48870789860588,69.41908223449408,76.17066359209318,LANE_SURFACE_STREET,False,True,True
waymo:training_20s:3a8d7424cdd284df,waymo,train,ok,-12.141231549707781,20.535275607694498,8.171241461241152e-14,1,1,,,,,False,True,True
waymo:training_20s:3b0d1fbe80582d8a,waymo,train,ok,-3.1794399294685074,3.179776520534942,3.05089287166993e-13,3,3,39.00221747037851,-49.40085268665965,-42.18165739984702,LANE_SURFACE_STREET,False,True,True
waymo:training_20s:3b2aa59a6c84f9f1,waymo,train,ok,-4.155111831996123,4.155258158163988,2.424727085781342e-13,1,1,,,,,False,True,True
waymo:training_20s:3b2dd51e29f029c2,waymo,test,ok,-2.3484903134324315,22.098235544079095,2.3447910280083306e-13,2,2,16.21382299614641,-24.932252250573015,-18.56231330957884,LANE_SURFACE_STREET,False,False,True
waymo:training_20s:3b487991b0dd114c,waymo,train,ok,-1.6521155122563043,5.832609856331016,2.6645352591003757e-15,3,3,72.16685063768793,-79.58826520137276,-73.81896614994423,LANE_SURFACE_STREET,False,False,True
waymo:training_20s:3b558d668f0300d4,waymo,train,ok,-3.6885218180301464,1.9905505305191882,6.694644838489694e-13,1,1,,,,,False,True,False
waymo:training_20s:3b72d790d5f3a555,waymo,train,ok,-8.870366986116368,6.973682795026065,1.545430450278218e-13,1,1,,,,,False,True,True
waymo:training_20s:3b7a7f888e584315,waymo,train,ok,-9.61570133187978,1.6315581586459245,1.8118839761882555e-13,2,2,75.16672136444454,-93.01389391811925,-84.78242269632432,LANE_SURFACE_STREET,False,True,False
waymo:training_20s:3bf603fe8c5e2a2c,waymo,train,ok,-7.903569487954236,4.375255797372532,1.4210854715202004e-14,2,2,49.95506442662297,54.3303202239955,73.63753624346381,LANE_SURFACE_STREET,False,True,True
waymo:training_20s:3c01a03d3f93ecff,waymo,train,ok,-2.027288512148249,9.548382910010902,3.9479530755670567e-13,2,2,9.450283462245405,-19.313383061293877,-11.477571974393655,LANE_SURFACE_STREET,False,False,True
waymo:training_20s:3c8ef00a34a58729,waymo,test,ok,-8.265885107678262,8.147992559969538,1.4566126083082054e-13,4,4,1.0380034589038551,-12.91038043340346,-9.303888566582117,LANE_SURFACE_STREET,False,True,True
waymo:training_20s:3c9ee48d0d80f6f8,waymo,train,ok,-2.4174534336291784,3.296523113274751,4.3431924723336124e-13,1,1,,,,,False,False,True
waymo:training_20s:3cb9e60f09b8b65c,waymo,test,ok,-4.850918519468623,5.610490965232515,2.6645352591003757e-14,1,1,,,,,False,True,True
waymo:training_20s:3cd7a94067acc46f,waymo,test,ok,-8.38781347088904,100.00000000000004,5.3290705182007514e-14,2,2,1.3808462488330697,-13.857616106260352,-9.768659719722109,LANE_SURFACE_STREET,False,True,True
waymo:training_20s:3ce9343e2f9d4c42,waymo,train,ok,-100.00000000000009,100.00000000000009,8.526512829121202e-14,1,1,,,,,False,True,True
waymo:training_20s:3ce9807ddc0317ae,waymo,train,ok,-2.565469101572521,1.6153476084424865,8.970602038971265e-14,1,1,,,,,False,False,False
waymo:training_20s:3cfbd2e84cea0d0a,waymo,train,ok,-5.183961202246465,1.456431891746328,4.405364961712621e-13,2,2,58.93682719668389,-72.06254475640533,-64.12078839893036,LANE_SURFACE_STREET,False,True,False
waymo:training_20s:3d072c09711fa26d,waymo,test,ok,-5.5883228973431835,5.3542228523408,1.1546319456101628e-14,1,1,,,,,False,True,True
waymo:training_20s:3d12e341d60ba241,waymo,test,ok,-5.012109566235149,5.007408142962461,2.0872192862952943e-13,9,5,0.7633537552723766,5.770761898234838,8.67794263505587,LANE_SURFACE_STREET,False,True,True
waymo:training_20s:3de6267047cc74b7,waymo,train,ok,-5.170192965198648,5.952447004042889,3.197442310920451e-14,3,3,31.586429850933964,-41.054638862285984,-36.75662281613261,LANE_SURFACE_STREET,False,True,True
waymo:training_20s:3df7b7f7f5438372,waymo,test,ok,-5.18614751675923,6.865837592753992,1.2878587085651816e-13,4,5,1.3659911743743907,-9.742359915989084,-6.552138691133621,LANE_SURFACE_STREET,False,True,True
waymo:training_20s:3e0254d569877843,waymo,test,ok,-6.525276959671235,5.495443697950359,9.414691248821327e-14,1,1,,,,,False,True,True
waymo:training_20s:3e16a52370cd9434,waymo,train,ok,-1.9655756950373044,1.9655756950375318,5.950795411990839e-14,1,1,,,,,False,False,False
waymo:training_20s:3e35a53a69c8975,waymo,train,ok,-12.84950896493112,89.5227394537265,8.526512829121202e-14,1,1,,,,,False,True,True
waymo:training_20s:3eaad77ee5a85947,waymo,train,ok,-7.086694365549304,5.6008291631412055,4.085620730620576e-14,1,1,,,,,False,True,True
waymo:training_20s:3ebb1d8b4a58b823,waymo,train,ok,-1.7011936460066384,1.6825171473860414,6.572520305780927e-14,3,3,25.890633413244668,27.573150560630708,33.5478203334261,LANE_SURFACE_STREET,False,False,False
waymo:training_20s:3f1985e8163dded1,waymo,train,ok,-33.71993258352345,37.99740148349112,2.984279490192421e-13,1,1,,,,,False,True,True
waymo:training_20s:3f446e4b190434d4,waymo,test,ok,-4.6323849373140975,1.5301374370037952,2.0872192862952943e-14,1,1,,,,,False,True,False
waymo:training_20s:3f511dde07dbe6e4,waymo,train,ok,-9.689116400718873,2.12846378531758,4.263256414560601e-14,1,1,,,,,False,True,False
waymo:training_20s:3fa22bed64fbe3e3,waymo,test,ok,-8.618360377539377,100.00000000000001,1.5987211554602254e-14,3,2,75.59647195567868,-84.25951659164808,-84.21483233321806,LANE_SURFACE_STREET,False,True,True
waymo:training_20s:3fa5a89f91fca28b,waymo,train,ok,-8.869849037404444,23.65873412658354,8.881784197001252e-15,1,1,,,,,False,True,True
waymo:training_20s:3fa7b6ef636db8cf,waymo,train,ok,-13.497718252713454,75.1600605548735,2.842170943040401e-14,3,3,29.899964960339382,-84.42720647791451,-43.39768321305284,LANE_SURFACE_STREET,False,True,True
waymo:training_20s:3fc454025939ccc7,waymo,train,ok,-5.512131150116264,1.8846997959549643,6.039613253960852e-14,3,3,25.160667563709474,27.04536735966444,33.30444539102692,LANE_SURFACE_STREET,False,True,False
waymo:training_20s:3fc82ddc822e1f10,waymo,train,ok,-3.2377074369523116,3.2377073362365048,7.72715225139109e-14,4,2,70.04412974620705,73.28183708244356,79.8001303334209,LANE_SURFACE_STREET,False,True,True
waymo:training_20s:3fdb22d87dc6edca,waymo,train,ok,-2.0054231225261745,7.912278818878948,9.237055564881302e-14,3,2,16.81440538387624,-49.87752402179785,-18.819828506402416,LANE_SURFACE_STREET,False,False,True
waymo:training_20s:4038717dcf3a3afd,waymo,train,ok,-2.1743925509425845,4.152892008033598,1.8429702208777599e-13,2,1,14.133983558819144,18.286875566852743,33.26952237552564,LANE_SURFACE_STREET,True,False,True
waymo:training_20s:403e74d3bb52fe18,waymo,test,ok,-1.9010892514596722,8.047219857756767,7.993605777301127e-14,3,2,52.5857381416154,60.63295799937217,68.54352933216916,LANE_SURFACE_STREET,False,False,True
waymo:training_20s:4068b443db072824,waymo,test,ok,-8.56947292681798,8.66320436314345,0.0,2,2,1.2818622405739006,-14.995155563106891,-9.85133516739188,LANE_SURFACE_STREET,False,True,True
waymo:training_20s:406b34d23a526498,waymo,train,ok,-1.8759163588206182,35.87682492363042,9.992007221626409e-14,1,1,,,,,False,False,True
waymo:training_20s:4070919da64d7178,waymo,test,ok,-10.209264628558035,1.6657217917687097,3.4638958368304884e-14,5,5,0.0168616489161586,-17.642064013045797,-10.226126277474194,LANE_SURFACE_STREET,False,True,False
waymo:training_20s:407be753dfc9334c,waymo,validation,ok,-5.176534273900686,5.197944901827972,8.393286066166183e-13,2,2,51.32565276771636,-63.702693855339824,-56.50218704161705,LANE_SURFACE_STREET,False,True,True
waymo:training_20s:40b9b92283b1f12,waymo,train,ok,-8.26419394407324,32.087807834220214,8.704148513061227e-14,3,3,62.28368258599963,-76.46695510021215,-70.54787653007287,LANE_SURFACE_STREET,False,True,True
waymo:training_20s:40cc49da7af86f6f,waymo,validation,ok,-2.696317852696085,2.6973817439298906,2.353672812205332e-14,4,4,0.8575771876313336,-22.39680480557385,-3.5538950403274185,LANE_SURFACE_STREET,False,True,True
waymo:training_20s:40cd2d8b7956a9bb,waymo,train,ok,-5.781495301491853,2.4219811842518855,1.9539925233402755e-14,2,2,48.58798638674531,51.00996757099719,60.97793299434704,LANE_SURFACE_STREET,False,True,False
waymo:training_20s:40effb57bea2bd2d,waymo,train,ok,-49.14145703825784,11.815358942030269,1.3855583347321954e-13,1,1,,,,,False,True,True
waymo:training_20s:40f63f1836b68ac0,waymo,train,ok,-1.7390987013667605,16.16114764523082,4.973799150320701e-14,3,3,1.492149147824275,-6.881382813338988,-3.2312478491910355,LANE_SURFACE_STREET,False,False,True
waymo:training_20s:40f75c681b412fbb,waymo,train,ok,-3.129172867439357,78.36354782007604,1.0524914273446484e-13,2,1,9.808045332659162,88.1715931527352,100.00000000000037,LANE_SURFACE_STREET,False,True,True
waymo:training_20s:410a53a4721a516c,waymo,test,ok,-1.9258500656145214,2.0112908068345,2.744471316873387e-13,2,2,4.8768626898797525,6.888153496714253,16.292395076874826,LANE_SURFACE_STREET,False,False,False
waymo:training_20s:411d0128832cda16,waymo,train,ok,-5.090903733815685,68.43089766956052,8.526512829121202e-14,1,1,,,,,False,True,True
waymo:training_20s:41230969cfca3411,waymo,train,ok,-1.559540347983455,1.6545194713443931,2.347011474057581e-13,1,1,,,,,False,False,False
waymo:training_20s:41580f8a4e0364be,waymo,train,ok,-6.0481232418483515,4.98480532361204,4.973799150320701e-14,4,5,0.9783338396496042,5.963139163261644,8.482226352413662,LANE_SURFACE_STREET,False,True,True
waymo:training_20s:415d15786f4780c0,waymo,test,ok,-5.318189463307449,5.402262943108993,1.270095140171179e-13,3,3,0.7234492307785425,6.1257121738875355,99.99999999999972,LANE_SURFACE_STREET,False,True,True
waymo:training_20s:4168b4507c35d4ba,waymo,train,ok,-1.9051734581116762,7.842878017741896,1.4210854715202004e-14,5,4,1.065533615199456,-6.6389504404414765,-2.9707070733111323,LANE_SURFACE_STREET,False,False,True
waymo:training_20s:416bcd1edfac395,waymo,train,ok,-3.7739231586454043,3.7739231586454043,1.829647544582258e-13,6,5,11.67628975234416,-63.10940556865744,-15.450212910989563,LANE_SURFACE_STREET,False,True,True
waymo:training_20s:4175188662068fe9,waymo,test,ok,-11.792349957574107,29.935315342547685,1.0658141036401503e-14,5,4,1.223900167299373,-16.335354717686826,-13.01625012487348,LANE_SURFACE_STREET,False,True,True
waymo:training_20s:4176d4620d0e4c57,waymo,validation,ok,-9.726189911520587,9.32778058823173,1.687538997430238e-13,1,1,,,,,False,True,True
waymo:training_20s:419269ff7a36135c,waymo,train,ok,-7.650127887725867,7.650127887725867,1.509903313490213e-13,1,1,,,,,False,True,True
waymo:training_20s:41d3c24adba00f17,waymo,test,ok,-99.75595566695962,99.68930364162311,7.105427357601002e-14,1,4,,,,,False,True,True
waymo:training_20s:41d54262c36f39a3,waymo,train,ok,-5.23327806730322,1.871504398093166,1.6986412276764895e-13,4,4,1.5370135348513942,-10.316140302713507,-6.7702916021546145,LANE_SURFACE_STREET,False,True,False
waymo:training_20s:41d6ce1dbc16921a,waymo,train,ok,-1.7334593364016153,15.271589097896307,4.227729277772596e-13,4,3,71.66436312092281,-80.0875270209229,-73.39782245732442,LANE_SURFACE_STREET,False,False,True
waymo:training_20s:41f5852ba2504994,waymo,train,ok,-8.260530785872005,5.379799448715841,9.681144774731365e-14,4,3,1.432984386354109,-13.190104015937877,-9.693515172226114,LANE_SURFACE_STREET,False,True,True
waymo:training_20s:4200714ad0a10651,waymo,test,ok,-3.9846928594258655,3.9846854034634704,1.5365486660812167e-13,3,2,69.00474755401392,-73.92396123279508,-72.98944041343978,LANE_SURFACE_STREET,False,True,True
waymo:training_20s:4214baa62390dfe3,waymo,train,ok,-8.367160216128468,40.18701096904624,0.0,4,4,1.365000173682347,-13.030489437880533,-9.732160389810815,LANE_SURFACE_STREET,False,True,True
waymo:training_20s:42926f2ab997153,waymo,train,ok,-1.8214001771676918,11.901397622727439,2.042810365310288e-13,2,2,60.72204748531272,72.62344510804016,79.4781652099762,LANE_SURFACE_STREET,False,False,True
waymo:training_20s:42cbc07b6bfd3d00,waymo,validation,ok,-4.816683695941658,5.041442129231749,2.602362769721367e-13,4,3,0.7521351833623742,-9.605197566390927,-5.5688188793040325,LANE_SURFACE_STREET,False,True,True
waymo:training_20s:42e2950c1277bf82,waymo,validation,ok,-13.551421954596075,1.690703044988354,2.9887203822909214e-13,3,3,37.47473116280399,39.165434207792345,47.20036427295622,LANE_SURFACE_STREET,False,True,False
waymo:training_20s:431fa779d700bac8,waymo,train,ok,-6.0488480929508315,4.9846847991889565,8.704148513061227e-14,4,5,0.9767492520696788,5.961434051258635,8.481447480578808,LANE_SURFACE_STREET,False,True,True
waymo:training_20s:435699c1b8c09d8e,waymo,train,ok,-1.947700417727648,8.426551762814151,8.881784197001252e-15,3,3,8.744745644557979,-18.263502389648565,-10.692446062285626,LANE_SURFACE_STREET,False,False,True
waymo:training_20s:4378e5cda5ddbd10,waymo,test,ok,-1.984124651866668,1.9841246518990432,1.0524914273446484e-13,1,1,,,,,False,False,False
waymo:training_20s:43d36e13f81c1000,waymo,test,ok,-9.040626284405404,53.68677080685583,1.1191048088221578e-13,1,1,,,,,False,True,True
waymo:training_20s:43d7c81502f8964b,waymo,train,ok,-4.7365129810765145,4.7365129810765145,5.409006575973763e-13,2,2,67.28825184546805,-79.55144999012565,-72.02476482654457,LANE_SURFACE_STREET,False,True,True
waymo:training_20s:43ea2af6d776319,waymo,test,ok,-3.241931953616921,3.0200084128220714,6.261657858885883e-14,3,3,39.19571184245428,-55.45821355195851,-42.4376437960712,LANE_SURFACE_STREET,False,True,True
waymo:training_20s:43edec37bd283ede,waymo,test,ok,-11.90710303336993,1.7250695083273335,2.646771690706373e-13,2,2,1.7135959453128073,3.438665453640141,7.264086418442119,LANE_SURFACE_STREET,False,True,False
waymo:training_20s:44485e5b5e601400,waymo,train,ok,-23.453939537057614,50.948706086465656,1.2079226507921703e-13,6,4,0.7742995226799039,51.72300560914556,59.04066621080912,LANE_SURFACE_STREET,False,True,True
waymo:training_20s:448981e371f11545,waymo,train,ok,-4.1812808193992295,4.355729009420255,1.3855583347321954e-13,4,1,51.74232814547466,-72.27126763996873,-55.923608964873885,LANE_SURFACE_STREET,False,True,True
waymo:training_20s:449d693327c7f8ff,waymo,train,ok,-1.6639450299136822,7.869933363696004,1.2256862191861728e-13,3,1,16.581689422863665,24.451622786559668,47.75052082152155,LANE_SURFACE_STREET,False,False,True
waymo:training_20s:44a1010a59342288,waymo,train,ok,-5.691523843946282,3.00601171464385,1.2523315717771766e-13,2,2,7.287133953439838,-19.561742974330585,-12.97865779738612,LANE_SURFACE_STREET,False,True,True
waymo:training_20s:44a444d471b84cb6,waymo,train,ok,-9.89139215329947,1.7252985422708296,2.3092638912203256e-14,1,1,,,,,False,True,False
waymo:training_20s:44b740f13f7e1b02,waymo,train,ok,-3.943039430702782,3.9428499242969646,6.115108419635362e-13,1,1,,,,,False,True,True
waymo:training_20s:4510495b9cf39d64,waymo,validation,ok,-12.353373480547578,31.667907714843675,2.0961010704922955e-13,1,1,,,,,False,True,True
waymo:training_20s:45160105521925ae,waymo,test,ok,-1.8082011666973443,5.559398296210274,4.085620730620576e-14,1,1,,,,,False,False,True
waymo:training_20s:451e20b1bf70134c,waymo,train,ok,-15.770355165836516,4.057392669367469,3.5083047578154947e-13,1,1,,,,,False,True,True
waymo:training_20s:454aa05055debcac,waymo,validation,ok,-1.7882737104888524,5.564458954041286,2.8466118351389014e-13,3,3,10.32154625139627,-15.985940523960409,-12.109819961885123,LANE_SURFACE_STREET,False,False,True
waymo:training_20s:455f5f683a43f51a,waymo,test,ok,-8.382697588260271,1.5862582943899226,1.1368683772161603e-13,4,4,1.6065965887473794,-13.499287497002513,-9.98929417700765,LANE_SURFACE_STREET,False,True,False
waymo:training_20s:4593faee87e1505,waymo,test,ok,-3.6810691231461865,31.952791538428734,1.2079226507921703e-13,5,4,2.6614974810487624,34.614289019477496,41.37668728126715,LANE_SURFACE_STREET,False,True,True
waymo:training_20s:45a163c55c7ad57c,waymo,train,ok,-1.9836370944977708,1.9836370944977708,2.353672812205332e-14,1,1,,,,,False,False,False
waymo:training_20s:45d10beab2084eac,waymo,train,ok,-1.855262690554639,5.185008780261206,1.199040866595169e-13,2,2,37.84898866701485,-51.24536042868843,-39.70425135756949,LANE_SURFACE_STREET,False,False,True
waymo:training_20s:45d50c0c6403cd39,waymo,train,ok,-1.4589530238428896,1.6631195073899516,6.994405055138486e-14,3,3,76.74759147862349,-85.25327235703804,-78.20654450246639,LANE_SURFACE_STREET,False,False,False
waymo:training_20s:4672cb02121ed1a8,waymo,train,ok,-5.237449522055811,67.2633059963393,2.930988785010413e-14,2,2,1.75384154754859,-10.352269257505384,-6.991291069604401,LANE_SURFACE_STREET,False,True,True
waymo:training_20s:46a511e7b6f3f15c,waymo,train,ok,-8.531845056715968,5.170284602924106,1.687538997430238e-13,4,4,1.1226523679854221,-13.382103761274323,-9.65449742470139,LANE_SURFACE_STREET,False,True,True
waymo:training_20s:46a59bbe016f884c,waymo,train,ok,-2.7682110225183765,2.798436734371184,2.0872192862952943e-13,1,1,,,,,False,True,True
waymo:training_20s:46c5c1876d9421ef,waymo,train,ok,-1.7432490813651615,6.394036115066395,7.349676423018536e-14,2,2,58.168765653512445,-66.23789503194567,-59.91201473487761,LANE_SURFACE_STREET,False,False,True
waymo:training_20s:46d7091b3209f4a1,waymo,validation,ok,-9.764495574051104,5.4257140419594645,7.105427357601002e-15,4,2,32.44212914716904,37.86784318912851,42.648920192305695,LANE_SURFACE_STREET,False,True,True
waymo:training_20s:46e2bcc6a7fa7315,waymo,train,ok,-10.397661281391679,1.900161383059715,1.2434497875801753e-14,2,1,7.9403796825314386,9.840541065591154,16.733766917124512,LANE_SURFACE_STREET,False,True,False
waymo:training_20s:46f89fe5cbde20dc,waymo,train,ok,-8.537807166803363,1.518529978231566,8.65085780787922e-13,3,3,51.66439531334966,-64.4558847349521,-60.20220248015302,LANE_SURFACE_STREET,False,True,False
waymo:training_20s:470d8f95276394c6,waymo,train,ok,-3.7392254485355974,3.73923606195138,2.327027459614328e-13,1,1,,,,,False,True,True
waymo:training_20s:471d0853f7ea090d,waymo,test,ok,-3.384117952074967,3.3841511747239013,1.1812772982011666e-13,3,2,77.98777482859276,-86.28041470410778,-81.37189278066774,LANE_SURFACE_STREET,False,True,True
waymo:training_20s:4738b554e8bca9ed,waymo,train,ok,-1.5890455170860158,1.6954554321875108,1.2301271112846734e-13,3,1,9.420872499504927,11.116327931692439,37.90086891627428,LANE_SURFACE_STREET,False,False,False
waymo:training_20s:476682103a59cad3,waymo,train,ok,-1.4812994744724999,1.6619161899546704,7.771561172376096e-14,2,2,75.87414190710763,77.5360580970623,83.06150221116391,LANE_SURFACE_STREET,False,False,False
waymo:training_20s:4779a6a3cf51e6b,waymo,train,ok,-4.924263773457286,4.92428012086372,2.2026824808563106e-13,2,2,73.80158572994713,-86.93525567863296,-78.72584950340442,LANE_SURFACE_STREET,False,True,True
waymo:training_20s:47a14582e0f163c2,waymo,test,ok,-8.328772519027408,7.713764111591076,4.11226608321158e-13,3,3,52.15647111305017,59.87023522464125,67.56911708519223,LANE_SURFACE_STREET,False,True,True
waymo:training_20s:48432f98b8d944c8,waymo,train,ok,-8.22398044862727,70.29716497642907,2.0961010704922955e-13,1,1,,,,,False,True,True
waymo:training_20s:489e04bbb352147a,waymo,test,ok,-3.0002234166557407,29.911135323495788,2.4868995751603507e-14,2,2,0.9035006009229272,-61.56456763271038,-3.903724017578668,LANE_FREEWAY|LANE_SURFACE_STREET,False,True,True
waymo:training_20s:48e1eaeb38ebdade,waymo,test,ok,-12.206645290152485,8.033034965964147,7.993605777301127e-14,4,3,24.609167822935802,-41.22258391160285,-36.81581311308829,LANE_SURFACE_STREET,False,True,True
waymo:training_20s:491e8df91d1b2958,waymo,test,ok,-5.762632094933814,5.658845651877834,1.0746958878371515e-13,3,3,1.2636774704606424,-12.970971292175307,-7.026309565394456,LANE_SURFACE_STREET,False,True,True
waymo:training_20s:495c08bac982f154,waymo,train,ok,-4.416529856380914,3.9000943482006676,4.263256414560601e-14,2,1,8.387399096661724,12.287493444862392,45.898149071667206,LANE_SURFACE_STREET,False,True,True
waymo:training_20s:498f23dc927dab02,waymo,train,ok,-4.732678608667481,7.805975782541505,1.0658141036401503e-14,2,2,5.05994044363263,-13.86303652879161,-9.792619052300111,LANE_SURFACE_STREET,False,True,True
waymo:training_20s:49ac81ca02d3e436,waymo,train,ok,-58.382138100834865,100.0,2.842170943040401e-14,1,1,,,,,False,True,True
waymo:training_20s:49d94422506c32c5,waymo,test,ok,-12.45654350457972,1.6396480511314544,6.616929226765933e-14,5,5,14.495780810952589,-34.88463545255716,-26.95232431553231,LANE_SURFACE_STREET,False,True,False
waymo:training_20s:49f727de41a860d7,waymo,test,ok,-1.5367765162795402,4.6231322058922855,4.75175454539567e-14,2,2,86.8638993312473,91.48703153713959,97.85172556733608,LANE_SURFACE_STREET,False,False,True
waymo:training_20s:49f9c2486a32218,waymo,train,ok,-1.7461605185770417,1.7461595220466348,6.723510637129948e-13,2,2,62.831967405800334,64.57812692784697,70.30995624706097,LANE_SURFACE_STREET,False,False,False
waymo:training_20s:4a0001da44471886,waymo,train,ok,-11.721179247116034,19.328944921193305,7.105427357601002e-15,3,2,20.446524024988,-37.38851342265404,-32.167703272104035,LANE_SURFACE_STREET,False,True,True
waymo:training_20s:4a01907e6659ab68,waymo,validation,ok,-8.685741091928614,8.251503514698026,2.4868995751603507e-14,3,2,1.0578670856540864,-21.497276066850816,-9.7436081775827,LANE_SURFACE_STREET,False,True,True
waymo:training_20s:4a3adf7f9020f2d6,waymo,train,ok,-2.3693411601582914,6.244155967445301,7.993605777301127e-15,1,1,,,,,False,False,True
waymo:training_20s:4a4e34124bdc38b0,waymo,test,ok,-8.583122378418844,1.5179730681530108,5.595524044110789e-14,3,2,1.8697963182644823,-11.821521167151289,-10.452918696683327,LANE_SURFACE_STREET,False,True,False
waymo:training_20s:4a504612f37b1e31,waymo,train,ok,-1.520512767126521,1.6079598278856002,5.46229728115577e-14,3,1,84.1016112214053,-96.92741710161803,-85.62212398853183,LANE_SURFACE_STREET,False,False,False
waymo:training_20s:4a598f312003e6dc,waymo,train,ok,-3.194935610696443,5.155820319019429,8.260059303211165e-14,2,2,83.62600623435205,88.78182655337147,94.30644518027407,LANE_SURFACE_STREET,False,True,True
waymo:training_20s:4ac8740e3da746d,waymo,test,ok,-3.272202508510298,6.1910927635599595,1.7852386235972517e-13,1,1,,,,,False,True,True
waymo:training_20s:4aca472fc3b67df7,waymo,train,ok,-12.379715692084016,20.865796004406537,1.9539925233402755e-13,1,1,,,,,False,True,True
waymo:training_20s:4b27b286f57b34d,waymo,test,ok,-1.7015646382623322,8.068816567236267,8.348877145181177e-14,6,5,2.9574037815040635,-8.332876426583397,-4.658968419766396,LANE_SURFACE_STREET,False,False,True
waymo:training_20s:4b50f77739f6a874,waymo,train,ok,-6.542915415902018,99.99999999999999,2.5757174171303632e-14,1,1,,,,,False,True,True
waymo:training_20s:4b6b936bc2a13771,waymo,test,ok,-3.9998134197371935,3.9998116974134925,1.141309269314661e-13,1,1,,,,,False,True,True
waymo:training_20s:4b71b2b50bced101,waymo,train,ok,-8.849869347318664,4.994844691246447,8.43769498715119e-13,4,3,53.90890393714508,58.903748628391526,73.8363610956246,LANE_SURFACE_STREET,False,True,True
waymo:training_20s:4b7b283101fe6273,waymo,test,ok,-3.9094846016489666,3.909485259207093,2.531308496145357e-14,2,2,84.23848126797832,-94.97699250105501,-88.14796586962728,LANE_SURFACE_STREET,False,True,True
waymo:training_20s:4b88afea4075b9f8,waymo,train,ok,-4.09033341882181,4.090333418825475,4.583000645652646e-13,1,1,,,,,False,True,True
waymo:training_20s:4b908571e86fb37b,waymo,validation,ok,-5.465038569458459,11.542895176210003,2.1316282072803006e-14,5,3,16.550117788587727,-44.86313715372267,-22.015156358046184,LANE_SURFACE_STREET,False,True,True
waymo:training_20s:4bcf022fa489a2a,waymo,test,ok,-3.0384471476263912,3.0387456616875266,1.2434497875801753e-14,2,2,84.46418849739449,-100.0,-87.50263564502087,LANE_SURFACE_STREET,False,True,True
waymo:training_20s:4be6ae7845650320,waymo,test,ok,-9.4877855861708,7.80671575230141,1.971756091734278e-13,3,3,62.35864784449951,70.16536359680092,75.25087583653362,LANE_SURFACE_STREET,False,True,True
waymo:training_20s:4bf3255988ae3beb,waymo,train,ok,-4.02560552931984,4.039049227422234,3.375077994860476e-14,2,2,88.56319469739428,92.60224392481652,99.57609704019123,LANE_SURFACE_STREET,False,True,True
waymo:training_20s:4c067c061bcde64f,waymo,train,ok,-1.7305567358324274,60.724148289623734,2.3447910280083306e-13,3,3,2.0457281340689613,-6.691040491998621,-3.7762848699013887,LANE_SURFACE_STREET,False,False,True
waymo:training_20s:4c08ca729314f378,waymo,test,ok,-17.685440951463708,99.99999999999959,4.085620730620576e-13,5,2,9.927129983991573,-40.780883397977355,-27.61257093545528,LANE_SURFACE_STREET,False,True,True
waymo:training_20s:4c189c891b0a427a,waymo,train,ok,-8.966324882053842,1.6639818213931674,8.215650382226158e-13,2,2,57.65332422340033,59.3173060447935,66.36926230244237,LANE_SURFACE_STREET,False,True,False
waymo:training_20s:4c311861c0fffa9a,waymo,train,ok,-4.242494583099226,4.242494583222046,6.661338147750939e-14,1,1,,,,,False,True,True
waymo:training_20s:4c5dc1ff1119eaa,waymo,train,ok,-5.288914310768622,60.22490127179489,6.288303211476887e-13,4,3,15.537230228754407,-26.21987371694827,-20.82614453952303,LANE_SURFACE_STREET,False,True,True
waymo:training_20s:4c6a2008249c4fb1,waymo,train,ok,-5.321865116895424,7.399457047535179,0.0,7,6,1.4170222233497043,-10.54027244007375,-6.738887340245128,LANE_SURFACE_STREET,False,True,True
waymo:training_20s:4c849d1d7f0af78,waymo,train,ok,-7.328869974379509,44.88461841758849,3.4638958368304884e-14,2,1,72.99170848721973,-87.12843648630951,-80.32057846159924,LANE_SURFACE_STREET,False,True,True
waymo:training_20s:4c929dc12b65dd89,waymo,train,ok,-2.478608282995208,6.031248449486455,1.163513729807164e-13,3,3,50.35537580130865,-59.52786448774467,-52.83398408430386,LANE_SURFACE_STREET,False,False,True
waymo:training_20s:4ca614abf34563fa,waymo,train,ok,-2.8923738423398837,3.351046038921365,1.7541523789077473e-13,2,1,37.446259418521635,40.797305457443,99.99999999999989,LANE_SURFACE_STREET,False,True,True
waymo:training_20s:4cafec96676c3053,waymo,train,ok,-3.52538880443921,3.525382516284905,1.0125233984581428e-13,2,1,71.98590306208834,-93.68939753901874,-75.51129186652754,LANE_SURFACE_STREET,False,True,True
waymo:training_20s:4cde988dca0cae2f,waymo,train,ok,-3.058977365331248,6.580378985293732,5.995204332975845e-14,1,1,,,,,False,True,True
waymo:training_20s:4d1cb37e439ef116,waymo,test,ok,-5.914686049737782,9.279804682508312,9.947598300641403e-14,2,2,34.760818221623566,44.04062290413188,51.03953565357804,LANE_SURFACE_STREET,False,True,True
waymo:training_20s:4d3f69c301e7f979,waymo,train,ok,-1.882003105131663,5.3915937200989275,5.417888360170764e-14,4,4,8.040664730103071,13.432258450202,13.554583277803886,LANE_SURFACE_STREET,False,False,True
waymo:training_20s:4d4a74d04dc8834d,waymo,test,ok,-5.857202320754797,5.249961472147568,5.950795411990839e-14,3,2,40.22047223674672,45.47043370889429,51.171199338300426,LANE_SURFACE_STREET,False,True,True
waymo:training_20s:4d59940ed2422298,waymo,validation,ok,-100.00000000000006,100.00000000000016,5.684341886080802e-14,1,1,,,,,False,True,True
waymo:training_20s:4d76a72b8629039e,waymo,train,ok,-1.4830579007211453,28.22294995874367,2.7977620220553945e-13,2,2,39.768900051295915,-54.25706648918626,-41.25195795201706,LANE_FREEWAY,False,False,True
waymo:training_20s:4da4f3446ef86d2c,waymo,train,ok,-5.447686011416199,3.3985873473083545,1.234568003383174e-13,1,1,,,,,False,True,True
waymo:training_20s:4de0b8a60331a2b9,waymo,test,ok,-1.7038731383368266,1.7038751623333679,3.3306690738754696e-14,3,3,6.277320678356309,-21.785433852386276,-7.9811938166931355,LANE_SURFACE_STREET,False,False,False
waymo:training_20s:4decf313417b028e,waymo,test,ok,-5.147870545934741,1.8294324297951938,4.440892098500626e-15,1,1,,,,,False,True,False
waymo:training_20s:4e0e9750a2154e47,waymo,test,ok,-8.281296339612101,7.744325190504828,8.562039965909207e-13,5,4,1.3896552335525278,-13.37006052461902,-9.67095157316463,LANE_SURFACE_STREET,False,True,True
waymo:training_20s:4e0fdc15378c799b,waymo,train,ok,-100.00000000000009,99.89601147734042,8.526512829121202e-14,1,2,,,,,False,True,True
waymo:training_20s:4e2f5a22454b529e,waymo,train,ok,-28.05246095372428,20.607561647596253,1.0658141036401503e-14,5,5,17.37830479929396,37.98586644689021,38.448478968089574,LANE_SURFACE_STREET,False,True,True
waymo:training_20s:4e78aaa0a24b5133,waymo,test,ok,-2.847494118265431,2.847494870508902,3.68594044175552e-14,3,3,87.89247638839721,90.73997125890611,98.92554843652417,LANE_SURFACE_STREET,False,True,True
waymo:training_20s:4e7f41e9b308e9f0,waymo,validation,ok,-99.60869489727006,99.74336270535638,7.105427357601002e-14,1,1,,,,,False,True,True
waymo:training_20s:4ea136ca849401f5,waymo,train,ok,-9.04048910164653,69.25027178464524,1.687538997430238e-13,3,1,0.6456143889968189,69.89588617364205,94.98510451218223,LANE_SURFACE_STREET,False,True,True
waymo:training_20s:4eaf0c1eed028d00,waymo,test,ok,-4.0677631017748785,4.067771276204284,7.993605777301127e-15,1,1,,,,,False,True,True
waymo:training_20s:4ed8563620d78536,waymo,test,ok,-8.900315993528336,1.830251953607754,1.438849039914203e-13,3,3,0.7589930248915835,2.5892449784993374,99.99999999999972,LANE_SURFACE_STREET,False,True,False
waymo:training_20s:4ef2f927d639500,waymo,train,ok,-2.221700573898937,5.945463707731728,1.0835776720341528e-13,1,1,,,,,False,False,True
waymo:training_20s:4f098352437b47a2,waymo,test,ok,-4.879162233286083,1.4962788532994282,3.823608096809039e-13,3,2,9.793637977403021,-20.143634425023464,-14.672800210689104,LANE_SURFACE_STREET,False,True,False
waymo:training_20s:4f178af4ab466b6e,waymo,train,ok,-4.023513585216181,2.5232589355506274,1.1191048088221578e-13,1,1,,,,,False,True,False
waymo:training_20s:4f205016675057c9,waymo,train,ok,-2.3020228213821476,13.177839038234056,3.3306690738754696e-14,1,1,,,,,False,False,True
waymo:training_20s:4f20919aca2749f3,waymo,train,ok,-4.641425348987823,2.3427585980076966,3.0730973321624333e-13,3,3,0.10224553365773659,-7.740401708058542,-4.74367088264556,LANE_SURFACE_STREET,False,True,False
waymo:training_20s:4f40a7bbb916f94e,waymo,train,ok,-19.263821688499633,100.0000000000003,2.984279490192421e-13,1,1,,,,,False,True,True
waymo:training_20s:4f535ca1935033fc,waymo,train,ok,-5.633533545454304,13.902039498747591,2.1316282072803006e-14,3,1,8.260753702322354,22.162793201069945,33.454787742804854,LANE_SURFACE_STREET,False,True,True
waymo:training_20s:4f7777f1eb357e4d,waymo,train,ok,-3.507384663219108,3.5072844336133397,2.4424906541753444e-14,7,7,49.226376868173595,-58.09128068564988,-52.7337615313927,LANE_SURFACE_STREET,False,True,True
waymo:training_20s:4fc774efaefc2a1f,waymo,train,ok,-3.6763310003968965,3.6763792729935623,3.3173463975799677e-13,2,2,71.89556555350717,75.57194482650073,83.14358856095524,LANE_SURFACE_STREET,False,True,True
waymo:training_20s:503b23aaabae1591,waymo,train,ok,-9.05102947055791,3.9528065160248094,2.824407374646398e-13,2,2,52.09580157034195,-68.63952787205298,-61.14683104089986,LANE_SURFACE_STREET,False,True,True
waymo:training_20s:5040bfca8d33885,waymo,test,ok,-12.318542825675873,1.717511566560818,3.552713678800501e-15,2,2,1.8364644461227648,-17.56984764033365,-14.155007271798638,LANE_SURFACE_STREET,False,True,False
waymo:training_20s:506494adca3f3c79,waymo,train,ok,-2.022516413203842,2.022516413177608,2.802202914153895e-13,7,3,9.632359741939954,-22.283866991526963,-11.654876155143796,LANE_SURFACE_STREET,False,False,False
waymo:training_20s:506a646cd2cb7762,waymo,validation,ok,-2.608255766095948,4.816450547300454,4.884981308350689e-14,2,2,52.47371178127781,-62.45427647898388,-55.08196754737376,LANE_SURFACE_STREET,False,True,True
waymo:training_20s:509a6983ae287d67,waymo,train,ok,-9.002788310763904,7.21382538235513,2.842170943040401e-14,1,1,,,,,False,True,True
waymo:training_20s:50dcff7007d53299,waymo,train,ok,-8.85719337213653,100.0000000000001,3.375077994860476e-14,2,1,25.469916713106223,-39.281579073007016,-34.32711008524275,LANE_SURFACE_STREET,False,True,True
waymo:training_20s:50ddfee4399ac56f,waymo,train,ok,-5.400962141428451,4.9529245522756735,1.1546319456101628e-13,2,2,88.71421386318696,-100.0,-94.1151760046154,LANE_SURFACE_STREET,False,True,True
waymo:training_20s:511fc1ed91eb499c,waymo,train,ok,-3.9678050419325834,3.967806012811009,1.1235457009206584e-13,1,1,,,,,False,True,True
waymo:training_20s:5134574a3e35c1b4,waymo,train,ok,-8.807686728151593,1.823578277248601,1.1191048088221578e-13,5,5,1.483808013242312,-14.123180262371747,-10.291494741393905,LANE_SURFACE_STREET,False,True,False
waymo:training_20s:51572c21a3db21bf,waymo,train,ok,-5.581791976811937,63.770942557874584,1.6342482922482304e-13,3,3,20.440960968443115,-31.011292242029086,-26.02275294525505,LANE_SURFACE_STREET,False,True,True
waymo:training_20s:517484029c1edf55,waymo,train,ok,-2.6982714473346228,2.6982705696021765,8.926193117986259e-14,1,1,,,,,False,True,True
waymo:training_20s:519424fcf115da8d,waymo,test,ok,-2.092552511837778,2.0925432091703016,1.4210854715202004e-13,1,1,,,,,False,False,False
waymo:training_20s:526478410bbc283f,waymo,train,ok,-4.965616578907518,5.120881272787123,6.643574579356937e-13,1,1,,,,,False,True,True
waymo:training_20s:527505e0f54911a6,waymo,validation,ok,-8.607544207553268,1.6993543179679982,1.3145040611561853e-13,2,2,35.40672927604943,37.106083594017434,42.68413274963447,LANE_SURFACE_STREET,False,True,False
waymo:training_20s:527f6b5165303c16,waymo,test,ok,-14.86984621404909,7.636531302364306,2.842170943040401e-14,4,1,22.00742880700743,29.643960109371733,54.82549309796076,LANE_SURFACE_STREET,False,True,True
waymo:training_20s:52a709ed7fda2e94,waymo,train,ok,-3.8320272216865368,2.4595290800127434,4.3076653355456074e-14,2,1,1.9630302761231713,-10.156535554604972,-5.795057497809708,LANE_SURFACE_STREET,False,True,False
waymo:training_20s:52b9b1426417ea96,waymo,train,ok,-1.6279771336786406,1.999990249746436,1.603162047558726e-13,1,1,,,,,False,False,False
waymo:training_20s:52ec301e1836c800,waymo,validation,ok,-5.3382864882363945,9.163638607414772,3.659295089164516e-13,4,1,50.11842241904047,59.28206102645524,65.76654303709404,LANE_SURFACE_STREET,False,True,True
waymo:training_20s:52fcc1dc16c21b56,waymo,train,ok,-1.5670464822996357,1.5670464822996357,2.3225865675158275e-13,4,4,0.07038564481065146,-12.042777388781857,-1.6374321271102872,LANE_SURFACE_STREET,False,False,False
waymo:training_20s:5301a58c426a90cb,waymo,test,ok,-8.050119740339252,79.4637426001932,1.7763568394002505e-14,2,1,73.39950633376557,-99.93604037005498,-81.44962607410483,LANE_SURFACE_STREET,False,True,True
waymo:training_20s:530d988948085f49,waymo,train,ok,-2.0845000397402527,2.3100030622528496,2.1715962361668062e-13,1,1,,,,,False,False,False
waymo:training_20s:53177a6fda55ddc7,waymo,train,ok,-1.867255483862889,1.8672633235073017,1.199040866595169e-14,2,2,71.2300449274871,-84.21308767462546,-73.09730041134999,LANE_SURFACE_STREET,False,False,False
waymo:training_20s:5323eefd5517dc02,waymo,train,ok,-11.427269755412143,1.831340567409296,1.580957587066223e-13,3,1,49.606680425416656,51.438020992825955,64.63645281733415,LANE_SURFACE_STREET,False,True,False
waymo:training_20s:5332c885d2e53e96,waymo,test,ok,-8.362411827131545,1.7395936610608942,1.4210854715202004e-14,1,1,,,,,False,True,False
waymo:training_20s:536cc135d68e2df8,waymo,test,ok,-6.20912866970098,50.24472993595226,3.552713678800501e-14,2,2,14.843438490060372,65.08816842601263,71.97963094288968,LANE_SURFACE_STREET,False,True,True
waymo:training_20s:541cf0d621e5ca91,waymo,train,ok,-8.330455709866802,4.265043954160539,4.3520742565306136e-13,1,1,,,,,False,True,True
waymo:training_20s:542f41c1c5a31642,waymo,train,ok,-2.7951908111578017,2.7951908111578163,4.0456527017340704e-13,1,1,,,,,False,True,True
waymo:training_20s:54446c2c390b1546,waymo,train,ok,-8.873217066600432,2.2783245263146665,3.410605131648481e-13,2,2,48.56718030609457,-65.86705370192942,-57.440397372695,LANE_SURFACE_STREET,False,True,False
waymo:training_20s:546910f5960b02e7,waymo,train,ok,-1.7665773706083001,24.40113163995145,4.973799150320701e-14,2,2,45.665454728938734,-51.98031214883781,-47.43203209954704,LANE_SURFACE_STREET,False,False,True
waymo:training_20s:54c7eae2f62d3bca,waymo,test,ok,-5.047182682895111,5.086925562869335,2.0339285811132868e-13,6,6,0.6231936473859934,5.710119210255328,24.493527527632864,LANE_SURFACE_STREET,False,True,True
waymo:training_20s:54d5cf8a7c14c507,waymo,test,ok,-5.686298339826646,1.9843768784082207,1.7763568394002505e-14,2,2,7.660986863882943,-19.555919532024518,-13.347285203709589,LANE_SURFACE_STREET,False,True,False
waymo:training_20s:54fd4d8ed8ae6354,waymo,train,ok,-12.511879123825,13.138790656303478,3.872457909892546e-13,1,1,,,,,False,True,True
waymo:training_20s:553a78d71af846ae,waymo,test,ok,-9.135432486557958,9.229182232788116,2.717825964282383e-13,2,2,17.02847636778357,-32.32408300938894,-26.16390885434153,LANE_SURFACE_STREET,False,True,True
waymo:training_20s:55435982c416b3a6,waymo,validation,ok,-1.6433061570391683,4.984068165668779,3.4994229736184934e-13,4,4,33.68396812316892,-49.34449074092538,-35.32727428020809,LANE_SURFACE_STREET,False,False,True
waymo:training_20s:5551716fa09765ed,waymo,train,ok,-1.8523534839639448,1.8523515408270326,7.37188088351104e-14,2,2,27.997932559195,-47.672293047708486,-29.850286043158945,LANE_FREEWAY,False,False,False
waymo:training_20s:55677ae980ca3bfb,waymo,train,ok,-8.502869587033144,4.764637902755003,3.019806626980426e-14,2,2,75.84146930502413,-90.589524737449,-84.34433889205728,LANE_SURFACE_STREET,False,True,True
waymo:training_20s:55d88645d5d1bc01,waymo,train,ok,-9.105419618051227,2.9746582628960225,8.43769498715119e-15,7,7,21.18187182268194,-35.809728975845076,-30.28729144073317,LANE_SURFACE_STREET,False,True,True
waymo:training_20s:55db03cba3740dae,waymo,test,ok,-1.7537215947315996,35.184676794773715,3.552713678800501e-14,4,4,0.8090947814628962,35.99377157623661,42.89135033402741,LANE_SURFACE_STREET,False,False,True
waymo:training_20s:55fd7cba7a0c29df,waymo,train,ok,-4.825734759782693,5.0095393254389196,8.260059303211165e-14,3,3,0.7943171997405019,-9.607997001707275,-5.620051959523195,LANE_SURFACE_STREET,False,True,True
waymo:training_20s:562f7a759534353e,waymo,train,ok,-3.1404463867218597,3.140438496551005,5.417888360170764e-14,2,2,79.93213256773754,-90.43565254808357,-83.0725789544594,LANE_SURFACE_STREET,False,True,True
waymo:training_20s:565394236c090b08,waymo,test,ok,-1.6219207829327829,7.5696097728492555,5.062616992290714e-14,1,1,,,,,False,False,True
waymo:training_20s:56c4d24a369295b0,waymo,test,ok,-5.590728501420513,1.855613405006697,2.5979218776228663e-13,5,5,6.682725721767925,-19.624929447559026,-12.273454223188438,LANE_SURFACE_STREET,False,True,False
waymo:training_20s:56c70660e3097303,waymo,train,ok,-3.849961129662152,3.7921858055543063,1.318944953254686e-13,2,1,85.74501305937518,-100.0,-89.59497418903733,LANE_SURFACE_STREET,False,True,True
waymo:training_20s:5716af503e89250f,waymo,train,ok,-5.18297899351914,9.775537716643473,7.709388682997087e-13,2,2,1.647529520021041,-10.080539879908997,-6.830508513540181,LANE_SURFACE_STREET,False,True,True
waymo:training_20s:57865d07276be12c,waymo,train,ok,-5.962368534866887,5.547660128140712,8.970602038971265e-14,2,1,32.805157379972336,38.35281750811305,100.00000000000009,LANE_SURFACE_STREET,False,True,True
waymo:training_20s:57adc2f7741c09c,waymo,test,ok,-3.599532163820763,3.5995279424458895,5.595524044110789e-14,1,1,,,,,False,True,True
waymo:training_20s:57e3a148735da8b4,waymo,train,ok,-9.493050486354656,2.0359052892993694,1.1901590823981678e-13,3,1,49.04330890409445,51.079214193393824,80.22980698030477,LANE_SURFACE_STREET,False,True,False
waymo:training_20s:57e9e3d0547ad442,waymo,train,ok,-6.488401710638112,31.8616974841913,3.197442310920451e-14,4,1,14.843356925899936,46.705054410091236,72.46831482985894,LANE_SURFACE_STREET,False,True,True
waymo:training_20s:5801ab9a5b98fd9b,waymo,train,ok,-10.747519500573574,9.117025518264505,1.4210854715202004e-14,1,1,,,,,False,True,True
waymo:training_20s:581c082895b85c34,waymo,test,ok,-2.7836889031820373,3.2498174996627,1.545430450278218e-13,1,1,,,,,False,True,True
waymo:training_20s:586a736a45209b07,waymo,train,ok,-1.9842468500136548,1.9842468500138815,4.907185768843192e-14,1,1,,,,,False,False,False
waymo:training_20s:589267cf6c864dd6,waymo,test,ok,-4.0480676076432935,4.048132777523367,4.618527782440651e-14,3,2,67.8256815597569,71.87381433728027,79.07694942379618,LANE_SURFACE_STREET,False,True,True
waymo:training_20s:589e991699e9ce3f,waymo,train,ok,-1.5950298388120514,8.292545282346156,1.2967404927621828e-13,2,2,34.204294449176686,42.49683973152284,47.29577240430015,LANE_SURFACE_STREET,False,False,True
waymo:training_20s:58a441a0aac43b73,waymo,train,ok,-1.4804462979101058,1.6647651156800785,1.4432899320127035e-14,2,2,76.04335346046732,77.7081185761474,83.22982736069534,LANE_SURFACE_STREET,False,False,False
waymo:training_20s:58fafc00caf68a27,waymo,test,ok,-65.67538309488191,17.001811584548477,0.0,3,2,14.898830537501482,31.90064212204996,36.48294128835482,LANE_SURFACE_STREET,False,True,True
waymo:training_20s:593a53edf366510c,waymo,train,ok,-3.3370892885241026,3.337148435434223,7.593925488436071e-14,3,3,17.995818847085356,-100.0,-21.332908135609458,LANE_SURFACE_STREET,False,True,True
waymo:training_20s:593e279a86edbc31,waymo,train,ok,-1.5182597692895272,4.645328711849065,1.865174681370263e-14,2,2,78.61640058829366,83.26172930014272,89.16462274980401,LANE_SURFACE_STREET,False,False,True
waymo:training_20s:59404500d7d95063,waymo,test,ok,-1.4896652520630118,94.38161760260505,8.526512829121202e-14,1,1,,,,,False,False,True
waymo:training_20s:59534aabcb437439,waymo,test,ok,-8.885343940300226,5.951245062445768,2.469136006766348e-13,3,2,1.8235042989085937,-14.144020091064718,-10.70884823920882,LANE_SURFACE_STREET,False,True,True
waymo:training_20s:596570d431a03fda,waymo,train,ok,-2.4733796894288234,2.473379075698105,8.526512829121202e-14,1,1,,,,,False,False,False
waymo:training_20s:596606f7debd767f,waymo,train,ok,-3.909291538054992,3.909291538054922,1.056932319443149e-13,3,3,66.65852556234994,70.56781710040485,76.46864698770668,LANE_SURFACE_STREET,False,True,True
waymo:training_20s:596a2fbdc5cb19d,waymo,train,ok,-25.417925725806764,35.60651539186563,1.0267342531733448e-12,4,3,34.72662741862213,-69.93446985324552,-60.1445531444289,LANE_SURFACE_STREET,False,True,True
waymo:training_20s:5972c05f8d6269fa,waymo,test,ok,-2.972703441118224,2.972625643400204,1.1723955140041653e-13,1,1,,,,,False,True,True
waymo:training_20s:5984a14b82b514f4,waymo,train,ok,-10.144085573374904,6.288444569316431,7.638334409421077e-14,2,2,70.1716017846925,-85.75475437988604,-80.31568735806741,LANE_SURFACE_STREET,False,True,True
waymo:training_20s:598ffea9a5b1f553,waymo,train,ok,-5.711132774592029,4.3746989745218166,5.5067062021407764e-14,4,4,42.20875968429641,-51.725591610132376,-47.91989245888844,LANE_SURFACE_STREET,False,True,True
waymo:training_20s:599d97faac3f30de,waymo,train,ok,-2.34941378999869,2.3494137899980796,1.971756091734278e-13,3,3,35.424968745525106,-41.69348961670098,-37.7743825355238,LANE_SURFACE_STREET,False,False,False
waymo:training_20s:59fe7c42c850bd2,waymo,validation,ok,-1.576349780570564,1.6753289100890298,1.100008972798605e-12,1,1,,,,,False,False,False
waymo:training_20s:5a059ef22b598706,waymo,train,ok,-3.6188529733137385,3.618871949444403,1.2523315717771766e-13,4,3,13.918726722004047,17.53759867144845,41.426000676206485,LANE_SURFACE_STREET,False,True,True
waymo:training_20s:5a34e38acd071ff,waymo,train,ok,-1.7905210731017307,5.4068817006082055,2.9976021664879227e-14,2,2,1.6134159959064205,-7.110494288691939,-3.403937069008151,LANE_SURFACE_STREET,False,False,True
waymo:training_20s:5a666cb47e62eda4,waymo,test,ok,-5.59252433221585,37.719393065905834,1.5631940186722204e-13,5,3,1.8186000717458004,-10.883245177534377,-7.411124403961651,LANE_SURFACE_STREET,False,True,True
waymo:training_20s:5b26ea4453e4d5b4,waymo,train,ok,-1.5172684599079183,8.006190412203749,6.439293542825908e-15,2,2,45.054340444357294,-53.47309988284172,-46.57160890426521,LANE_SURFACE_STREET,False,False,True
waymo:training_20s:5b64cff15c7b3490,waymo,train,ok,-7.069492690682292,1.6174164768486148,6.856737400084967e-13,5,4,1.9992219175460408,3.6166383943946556,10.620306032954133,LANE_SURFACE_STREET,False,True,False
waymo:training_20s:5b9f9eda98319ffc,waymo,train,ok,-1.6499280742877542,1.6499357266354235,1.887379141862766e-13,2,1,80.0081652744994,-89.54992788180374,-81.65809334878716,LANE_SURFACE_STREET,False,False,False
waymo:training_20s:5ba0d832edf01b2e,waymo,validation,ok,-8.363084770947928,1.7402063555122005,3.97237798210881e-13,1,1,,,,,False,True,False
waymo:training_20s:5bc54f6a6f3bd807,waymo,train,ok,-12.898178413908235,37.4193889581448,4.973799150320701e-14,2,3,51.98923407528107,-71.5992205155318,-64.8874124891893,LANE_SURFACE_STREET,False,True,True
waymo:training_20s:5bcab67d196af046,waymo,validation,ok,-9.073795924418182,4.958383667814837,9.592326932761353e-14,4,4,2.1972982178298315,7.155681885644668,10.526987780508634,LANE_SURFACE_STREET,False,True,True
waymo:training_20s:5bcfe76645d31a72,waymo,train,ok,-11.635523945523628,64.5670391776907,1.7763568394002505e-15,4,4,1.2380477674196175,-16.25718511907951,-12.873571712943246,LANE_SURFACE_STREET,False,True,True
waymo:training_20s:5c194208ef08ac84,waymo,test,ok,-6.973805391020017,35.610239957807906,9.059419880941277e-14,1,1,,,,,False,True,True
waymo:training_20s:5c6086541dea3374,waymo,test,ok,-3.078093564365492,3.0781122402557113,3.197442310920451e-14,3,3,83.6638222458879,-93.07191053707888,-86.74191581025339,LANE_SURFACE_STREET,False,True,True
waymo:training_20s:5c7a350ec87f2c7c,waymo,train,ok,-4.430103052469612,1.6474056726131328,9.237055564881302e-14,3,2,2.264842977086623,-10.790797215046666,-6.694946029556235,LANE_SURFACE_STREET,False,True,False
waymo:training_20s:5c9ee6e20c9e130e,waymo,train,ok,-3.101855159123329,3.1018613698082644,3.108624468950438e-14,1,1,,,,,False,True,True
waymo:training_20s:5ca1aae601b474f0,waymo,validation,ok,-11.527497324293007,3.3247182060126597,1.3988810110276972e-13,6,3,67.35853769506133,-90.24763267894913,-78.88603501935434,LANE_SURFACE_STREET,False,True,True
waymo:training_20s:5cae2e80a1f1bf93,waymo,train,ok,-1.9151128211434651,8.381041230770045,8.37108160567368e-14,2,2,48.447555622860996,56.82859685363104,69.12942430162093,LANE_SURFACE_STREET,False,False,True
waymo:training_20s:5cde397c9c174bc7,waymo,train,ok,-3.773636887366467,7.2653978559576124,3.197442310920451e-14,2,2,73.03332864336826,80.29872649932588,87.94309128525617,LANE_SURFACE_STREET,False,True,True
waymo:training_20s:5ce1a7ceea6081d0,waymo,validation,ok,-8.775941460565562,4.8340358634088405,1.5631940186722204e-13,4,4,1.0029201485876653,5.836956011996506,10.394769058348743,LANE_SURFACE_STREET,False,True,True
waymo:training_20s:5cf65435bd8d356c,waymo,validation,ok,-1.620532092715261,1.6205400947776238,1.4654943925052066e-13,1,1,,,,,False,False,False
waymo:training_20s:5d107152e91ca66c,waymo,test,ok,-5.230077176792379,5.2151991261667465,2.362554596402333e-13,5,5,0.3323111600299935,5.54751028619674,12.892178048427809,LANE_SURFACE_STREET,False,True,True
waymo:training_20s:5d25ddb0ebfead6d,waymo,test,ok,-11.947940619666877,1.7261864243325362,4.085620730620576e-13,2,2,2.4100839405358867,4.136270364868423,7.2886338266259685,LANE_SURFACE_STREET,False,True,False
waymo:training_20s:5d2aaf73c208402b,waymo,train,ok,-4.756865279127869,1.427848916877735,2.886579864025407e-14,3,2,61.248086613233085,62.67593553011082,75.69272253331604,LANE_SURFACE_STREET,False,True,False
waymo:training_20s:5d46a96f9ea9bbe9,waymo,test,ok,-8.720359490155902,1.6694491596663936,4.3876013933186186e-13,4,3,0.20766650722359836,1.877115666889992,13.566462508241642,LANE_SURFACE_STREET,False,True,False
waymo:training_20s:5d76505dd05e7f97,waymo,train,ok,-5.692684728606166,9.102808876575608,3.9879211044535623e-13,4,6,20.17433911312513,-89.9713046276197,-25.867023841731296,LANE_SURFACE_STREET,False,True,True
waymo:training_20s:5db1398d2fd4213a,waymo,train,ok,-40.91387395261009,27.35700823689886,1.1723955140041653e-13,9,5,0.8136599977789452,28.170668234677805,52.04469503218462,LANE_SURFACE_STREET,False,True,True
waymo:training_20s:5dc7f90d59c93b68,waymo,train,ok,-5.785624465733291,1.8712561827787242,1.5543122344752192e-15,3,3,33.44442246745978,-100.0,-39.23004693319307,LANE_SURFACE_STREET,False,True,False
waymo:training_20s:5dddac135eb988fb,waymo,train,ok,-8.941208258273797,6.800182820853387,2.3447910280083306e-13,4,4,31.544241965429343,38.34442478628273,54.08467780813433,LANE_SURFACE_STREET,False,True,True
waymo:training_20s:5de67d6ba79ee0f3,waymo,train,ok,-2.263915565300563,11.724580613161871,8.881784197001252e-15,4,2,34.855792600137356,46.580373213299225,46.669371691168124,LANE_SURFACE_STREET,False,False,True
waymo:training_20s:5e1b1a21d0e4c049,waymo,test,ok,-8.421290470978324,1.8810410551504846,2.0761170560490427e-13,3,1,7.050152657851097,-40.01282502547469,-15.47144312882942,LANE_SURFACE_STREET,False,True,False
waymo:training_20s:5e42890a59cdffd5,waymo,train,ok,-5.5360600858630855,1.7533106965837273,1.509903313490213e-14,4,3,34.42478161324402,36.17809230982775,47.14012685665671,LANE_SURFACE_STREET,False,True,False
waymo:training_20s:5e7bbc00b872c2ba,waymo,validation,ok,-4.168769328327037,4.168769453372858,5.417888360170764e-14,1,1,,,,,False,True,True
waymo:training_20s:5e7db6a0e4e0b618,waymo,test,ok,-5.105337483486206,5.81918295915262,7.460698725481052e-13,1,1,,,,,False,True,True
waymo:training_20s:5e8534d7c4b5551,waymo,train,ok,-8.49172937993999,2.8122175529011098,4.973799150320701e-14,2,2,1.3765438903574179,-13.425204740050575,-9.868273270297408,LANE_SURFACE_STREET,False,True,True
waymo:training_20s:5e8b97bfe5b7ebbd,waymo,train,ok,-5.271713802996442,8.91507895865103,1.2079226507921703e-13,2,2,60.50401004264945,69.41908900130048,76.17101842009649,LANE_SURFACE_STREET,False,True,True
waymo:training_20s:5ed4451455b9d123,waymo,train,ok,-5.037465379532942,1.9198668682277393,4.156675004196586e-13,1,1,,,,,False,True,False
waymo:training_20s:5ee4ce8c84a89042,waymo,train,ok,-17.46437421368232,8.046084162335072,4.263256414560601e-14,6,5,1.6941335811865255,9.740217743521598,18.63821600926859,LANE_SURFACE_STREET,False,True,True
waymo:training_20s:5f10517dadeaa464,waymo,validation,ok,-2.300527441092348,8.657544889605646,7.105427357601002e-14,6,6,0.5072540940617642,9.16479898366741,16.595390340514342,LANE_SURFACE_STREET,False,False,True
waymo:training_20s:5f6ca9a3794c422d,waymo,test,ok,-8.169231933353213,1.4499646832932096,1.5276668818842154e-13,4,3,34.352947660633745,-42.81036742304853,-42.52217959398696,LANE_SURFACE_STREET,False,True,False
waymo:training_20s:5f7aa9b5c56e852f,waymo,train,ok,-2.928073183776693,2.9280182103765675,5.648814749292796e-13,2,2,90.36900330852465,-100.0,-93.29707649230134,LANE_SURFACE_STREET,False,True,True
waymo:training_20s:5f7e449e3979f4ed,waymo,validation,ok,-4.321846499410539,4.318367281082111,7.105427357601002e-15,2,1,36.782562790603386,41.1009300716855,70.07320903265864,LANE_SURFACE_STREET,False,True,True
waymo:training_20s:5f811ad7d73a193b,waymo,test,ok,-2.4857759454573216,2.485778298942661,1.5987211554602254e-14,2,2,10.360616236757624,12.846394535700284,18.504771927917986,LANE_SURFACE_STREET,False,False,False
waymo:training_20s:5f8217a5da0b24ff,waymo,train,ok,-3.5423877721988517,3.592054634883704,7.993605777301127e-14,1,1,,,,,False,True,True
waymo:training_20s:5f9decd12344b723,waymo,test,ok,-4.10149880503843,28.451128046032462,7.069900220812997e-13,2,3,0.8141684217496596,29.26529646778212,45.79411739593897,LANE_SURFACE_STREET,False,True,True
waymo:training_20s:5fa35bbf2befbad2,waymo,train,ok,-1.8302014842869174,98.28256585494972,5.684341886080802e-14,2,2,85.38597638140428,-100.0,-87.2161778656912,LANE_SURFACE_STREET,False,False,True
waymo:training_20s:5fc4b2e96ccc368c,waymo,test,ok,-12.42680618851792,1.7526050942505687,9.414691248821327e-14,1,1,,,,,False,True,False
waymo:training_20s:5fcbb65859bc6482,waymo,train,ok,-8.848604582419284,1.8521766033936728,0.0,7,6,0.3272591493660002,2.179435752759673,8.751284046235014,LANE_SURFACE_STREET,False,True,False
waymo:training_20s:5fdf1a22c0e5a1ff,waymo,train,ok,-4.916486414401069,8.375131187117875,1.936228954946273e-13,5,3,1.6401447947647885,-9.730650575583113,-6.556631209165857,LANE_SURFACE_STREET,False,True,True
waymo:training_20s:5fe912210f94246e,waymo,test,ok,-1.805049748336321,9.056160206518822,4.654054919228656e-13,1,1,,,,,False,False,True
waymo:training_20s:5ff72592c8ff8323,waymo,train,ok,-3.353768867402174,3.3152648548045422,3.952393967665557e-14,2,2,78.40281510971772,-89.98546730426736,-81.7565839771199,LANE_SURFACE_STREET,False,True,True
waymo:training_20s:5ffa2bf1d801b3e7,waymo,test,ok,-1.586148024541705,1.5861479714431563,5.1736392947532295e-14,1,1,,,,,False,False,False
waymo:training_20s:6042e6c648fca15d,waymo,test,ok,-2.869095879478735,14.04454128436442,7.105427357601002e-15,3,3,35.19028968832085,49.23483097268527,54.68117637621094,LANE_SURFACE_STREET,False,True,True
waymo:training_20s:6069c0771c753814,waymo,validation,ok,-8.503979503349331,6.806524746652846,1.1013412404281553e-13,2,1,30.28938023754716,-68.12574280065918,-38.79335974089649,LANE_SURFACE_STREET,False,True,True
waymo:training_20s:606bd9206b0d9d4e,waymo,train,ok,-2.058249234836632,5.14610874272794,6.217248937900877e-15,1,1,,,,,False,False,True
waymo:training_20s:6077439a3ba68dfb,waymo,train,ok,-4.926637554524825,62.3990770246072,2.0605739337042905e-13,4,5,1.569543941715188,-10.071559095061687,-6.496181496240013,LANE_SURFACE_STREET,False,True,True
waymo:training_20s:608054b986d60d43,waymo,test,ok,-15.527916187047397,15.016677274263472,9.947598300641403e-14,2,1,39.9594760789233,-100.0,-55.4873922659707,LANE_SURFACE_STREET,False,True,True
waymo:training_20s:60abc1640b389234,waymo,test,ok,-9.62167586154945,1.6921078254027102,1.971756091734278e-13,5,3,0.914604366658144,2.6067121920608542,5.425145435153794,LANE_SURFACE_STREET,False,True,False
waymo:training_20s:60c50e75cc67aecb,waymo,test,ok,-1.7352143512804865,9.29163601477704,1.2434497875801753e-13,1,1,,,,,False,False,True
waymo:training_20s:60c54f758a7785c7,waymo,train,ok,-1.7213311285472421,100.00000000000001,1.4210854715202004e-14,2,2,1.3782839147600108,-7.19514880317854,-3.099615043307253,LANE_SURFACE_STREET,False,False,True
waymo:training_20s:60dc8cc57fee29d7,waymo,train,ok,-4.969964259036119,5.1244899036463165,1.127986593019159e-13,1,1,,,,,False,True,True
waymo:training_20s:61006c66d17b25c5,waymo,train,ok,-8.89040050817556,9.011553446141239,7.389644451905042e-13,4,3,1.493184219470379,-14.03344045425294,-10.383584727645939,LANE_SURFACE_STREET,False,True,True
waymo:training_20s:61241dec97301c74,waymo,train,ok,-3.274208304456219,88.64390089447957,5.684341886080802e-14,3,2,0.03203338994904925,88.67593428442862,98.87459511424726,LANE_SURFACE_STREET,False,True,True
waymo:training_20s:6153d2186059ad50,waymo,train,ok,-4.802161608750669,1.737731458180446,3.197442310920451e-14,1,1,,,,,False,True,False
waymo:training_20s:61683f2fc8e192e,waymo,train,ok,-6.575672456039668,3.6359484307818106,7.238654120556021e-14,2,2,79.43530044126581,83.07124887204762,99.99508245435976,LANE_SURFACE_STREET,False,True,True
waymo:training_20s:61a1985bf95d912c,waymo,test,ok,-4.519720971810893,28.43061523743007,5.1514348342607263e-14,7,6,1.1994269550615453,-9.354219113684536,-5.719147926872438,LANE_SURFACE_STREET,False,True,True
waymo:training_20s:61d199ae8fe70d13,waymo,train,ok,-8.366185960480117,2.1820764583683654,2.5002222514558525e-13,1,1,,,,,False,True,False
waymo:training_20s:61d85500d2594f06,waymo,test,ok,-2.1063360061095238,5.075706016039463,3.68594044175552e-14,3,2,16.541918382592307,-20.562737255424707,-18.64825438870183,LANE_SURFACE_STREET,False,False,True
waymo:training_20s:623133fe85dd8a11,waymo,train,ok,-1.6724631727110892,5.291126963846018,2.3447910280083306e-13,1,1,,,,,False,False,True
waymo:training_20s:627470a6ca72c50e,waymo,train,ok,-14.113093165848909,1.7353490130869051,1.7763568394002505e-15,4,3,35.353545109352055,-61.934886287591894,-49.466638275200964,LANE_SURFACE_STREET,False,True,False
waymo:training_20s:62a0b05d39e4690a,waymo,validation,ok,-5.0935497452307885,11.600555129542466,2.1316282072803006e-13,4,3,1.1324368432975689,-9.716974439516719,-6.225986588528357,LANE_SURFACE_STREET,False,True,True
waymo:training_20s:62aa5cf50ff8a76,waymo,test,ok,-2.7457346135430467,9.258180454430065,1.7763568394002505e-14,2,2,4.2484032225815405,13.506583677011605,19.830349052553984,LANE_SURFACE_STREET,False,True,True
waymo:training_20s:62ec9802d0a3cebc,waymo,test,ok,-5.7182019521604035,5.7182016795712896,1.8918200339612667e-13,3,3,73.61578388285486,-86.2543910270408,-79.33398583501526,LANE_SURFACE_STREET,False,True,True
waymo:training_20s:62f443ea0667719f,waymo,test,ok,-2.134963897810391,2.196585530603382,1.176836406102666e-13,2,2,45.293744043755744,47.49032957435912,57.843485063908815,LANE_SURFACE_STREET,False,False,False
waymo:training_20s:6300655bd290e39b,waymo,train,ok,-1.5595613525292318,1.7252025150036867,5.728750807065808e-14,2,2,1.3600905639962524,3.085293078999939,12.32339698886878,LANE_SURFACE_STREET,False,False,False
waymo:training_20s:631963e838c8e540,waymo,test,ok,-6.07088002880873,10.437142672718876,2.6645352591003757e-14,3,2,11.450320518359803,-29.028421840814232,-17.521200547168533,LANE_SURFACE_STREET,False,True,True
waymo:training_20s:63819c46288eb4f4,waymo,train,ok,-4.847571498225928,5.441168624922954,8.348877145181177e-14,1,1,,,,,False,True,True
waymo:training_20s:639806c964e99593,waymo,train,ok,-8.640962930027655,1.7987662053047957,1.4210854715202004e-13,2,2,65.22620738442289,-100.0,-73.86717031445055,LANE_SURFACE_STREET,False,True,False
waymo:training_20s:63d776baa005a2e8,waymo,test,ok,-1.8148248827154343,5.437313900854596,5.0182080713057076e-14,2,2,74.84450738956271,80.2818212904173,93.94541484706212,LANE_SURFACE_STREET,False,False,True
waymo:training_20s:63d9a8c322e63744,waymo,test,ok,-2.8813676547323186,2.8850059942087323,4.0900616227190767e-13,5,5,0.4400089432885683,3.3250149374973006,13.904154132285953,LANE_SURFACE_STREET,False,True,True
waymo:training_20s:63e9c719337324ea,waymo,test,ok,-5.077538607962881,5.077441082568035,1.865174681370263e-13,1,1,,,,,False,True,True
waymo:training_20s:64057bf5c347fe65,waymo,train,ok,-4.909775163833784,1.5834650452666525,7.416289804496046e-14,3,3,0.27628165203209853,-11.700130467517212,-5.186056815865882,LANE_SURFACE_STREET,False,True,False
waymo:training_20s:6451d6d72bfee760,waymo,train,ok,-1.8345744575542395,1.8345744575571954,1.4432899320127035e-14,2,2,84.42653425778092,86.26110871533811,92.45607335254763,LANE_SURFACE_STREET,False,False,False
waymo:training_20s:645fe82f8e32d60f,waymo,test,ok,-10.510058321761425,1.7312917865253947,1.9539925233402755e-14,2,2,77.70900575138225,79.44029753790764,87.60823351767232,LANE_SURFACE_STREET,False,True,False
waymo:training_20s:647f02ab8c15bdef,waymo,train,ok,-2.2877393288319725,2.2877114065523156,1.5942802633617248e-13,5,3,11.013023316213566,-18.740041736381045,-13.300762645045538,LANE_SURFACE_STREET,False,False,False
waymo:training_20s:64de16fdd76db4db,waymo,train,ok,-1.761458480540783,1.9243339329971907,2.375877272697835e-14,2,2,94.46378182831988,96.38811576131707,98.31163505404734,LANE_SURFACE_STREET,False,False,False
waymo:training_20s:64df81b106e8788f,waymo,validation,ok,-8.319241127417422,8.115363743681895,3.1441516057384433e-13,3,3,1.5040795295636737,-13.384132017561143,-9.823320656981096,LANE_SURFACE_STREET,False,True,True
waymo:training_20s:65021c7462594a3d,waymo,train,ok,-8.930292372103212,1.677958346783317,2.3803181647963356e-13,2,2,38.71894732848672,40.396905675270034,45.296203797631335,LANE_SURFACE_STREET,False,True,False
waymo:training_20s:6508fb91f692576f,waymo,validation,ok,-2.0440930951836003,1.575209605233347,1.2079226507921703e-13,2,2,1.49861477572248,3.073824380955827,99.99999999999983,LANE_SURFACE_STREET,False,False,False
waymo:training_20s:650ab46f84a51af7,waymo,train,ok,-8.062384942746085,12.851783819253672,6.039613253960852e-14,5,2,4.456406566603274,17.308190385856946,19.420714264908085,LANE_SURFACE_STREET,False,True,True
waymo:training_20s:6518302ba4a94a52,waymo,test,ok,-5.742790832364134,27.512047525671246,1.0658141036401503e-14,1,1,,,,,False,True,True
waymo:training_20s:655b56982648a65,waymo,train,ok,-5.144745283490644,4.775315879999931,7.993605777301127e-15,5,5,1.4705770188920644,-9.88730491148739,-6.615322302382708,LANE_SURFACE_STREET,False,True,True
waymo:training_20s:65a3f98c658b8aba,waymo,train,ok,-1.9929141156395227,8.947259909643254,1.6964207816272392e-13,4,4,0.8255454698154487,9.772805379458703,74.61925475131397,LANE_SURFACE_STREET,False,False,True
waymo:training_20s:65b2c2f41c74d5e4,waymo,train,ok,-2.7036282014889075,1.9654696771796327,2.3803181647963356e-13,2,2,54.64452053758147,-65.06337104948696,-57.34814873907038,LANE_SURFACE_STREET,False,True,False
waymo:training_20s:65f03047694419bc,waymo,train,ok,-1.6194869587811214,4.5192513240392485,7.37188088351104e-14,2,2,1.3831751730674027,-6.954256030017689,-3.002662131848524,LANE_SURFACE_STREET,False,False,True
waymo:training_20s:660f1f05817b7808,waymo,test,ok,-3.9092191096905884,11.583538494896588,3.6415315207705135e-14,3,1,12.57739541727784,24.16093391217443,24.45780692891121,LANE_SURFACE_STREET,False,True,True
waymo:training_20s:664a9690e5c0b9a,waymo,train,ok,-1.8675815918295344,18.697602969416266,1.4210854715202004e-14,2,2,1.2740155736278211,19.971618543044087,24.0406983661464,LANE_SURFACE_STREET,False,False,True
waymo:training_20s:6651c97dfe71a8a9,waymo,test,ok,-8.203281341317604,8.469539335784685,3.9968028886505635e-13,3,3,20.255277599768874,-34.33081013642614,-28.45855894108648,LANE_SURFACE_STREET,False,True,True
waymo:training_20s:665727e366d4f004,waymo,test,ok,-13.454288246602125,13.79966708886673,3.197442310920451e-14,5,6,9.044588982772247,-30.120174972005074,-22.498877229374372,LANE_SURFACE_STREET,False,True,True
waymo:training_20s:665b326c5802b93a,waymo,train,ok,-5.529200355443399,2.1061239518667563,2.1316282072803006e-14,2,2,82.6167585513208,-94.74416531286518,-88.14595890676419,LANE_SURFACE_STREET,False,True,False
waymo:training_20s:665d1830e7cec2fe,waymo,test,ok,-6.792736692528947,4.194187504150027,4.440892098500626e-15,3,2,6.497873263462689,10.692060767612716,10.949250146921784,LANE_SURFACE_STREET,False,True,True
waymo:training_20s:66ac89075bb2938f,waymo,test,ok,-3.997219212380687,3.998498477113238,2.722266856380884e-13,1,1,,,,,False,True,True
waymo:training_20s:66b21724be04e986,waymo,test,ok,-5.786673793977613,1.8702411843982005,4.263256414560601e-14,3,3,33.32425815948325,-99.53533351554088,-39.11093195346086,LANE_SURFACE_STREET,False,True,False
waymo:training_20s:66b8fd0c1c6aecb3,waymo,test,ok,-2.5822360510559195,2.582464355669762,1.9539925233402755e-14,5,4,0.42391499084782946,-51.617581069938,-3.006151041903749,LANE_SURFACE_STREET,False,True,True
waymo:training_20s:66eb72cc179c416d,waymo,train,ok,-1.551542937881321,1.5512651853456787,2.544631172440859e-13,1,1,,,,,False,False,False
waymo:training_20s:66f3d9a980ded16f,waymo,train,ok,-1.7474462259132753,1.7764320645585463,1.745270594710746e-13,1,1,,,,,False,False,False
waymo:training_20s:66ff4ff9f4ab16ce,waymo,test,ok,-2.0069684510343557,7.912127139471101,8.748557434046234e-14,3,2,33.691666862817755,-49.90689940776051,-35.69863531385211,LANE_SURFACE_STREET,False,False,True
waymo:training_20s:6724d1619a4f89d9,waymo,train,ok,-8.27609001115441,63.96189136101778,6.110667527536862e-13,3,2,27.133649009343245,91.09554037036102,96.36211774380166,LANE_SURFACE_STREET,False,True,True
waymo:training_20s:6726f913bd929a5a,waymo,train,ok,-5.064132750036394,5.321834725437375,7.114309141798003e-13,8,6,0.6019676553944269,5.923802380831802,12.718295356719253,LANE_SURFACE_STREET,False,True,True
waymo:training_20s:674e7c2ee843c21a,waymo,train,ok,-8.937094874615669,99.99999999999967,3.268496584496461e-13,2,2,1.525939719874641,-14.04673202015536,-10.46303459449031,LANE_SURFACE_STREET,False,True,True
waymo:training_20s:674ea9be83e75b5f,waymo,test,ok,-5.129260914706166,6.9606009215248275,1.509903313490213e-14,2,2,9.45145798502685,16.412058906551678,20.093253201815344,LANE_SURFACE_STREET,False,True,True
waymo:training_20s:677c89bf471a0d35,waymo,train,ok,-8.377616886704478,1.7194969942782352,2.398081733190338e-14,1,1,,,,,False,True,False
waymo:training_20s:67f289f7c4264c19,waymo,train,ok,-1.8327378191248482,15.12453860771817,5.1514348342607263e-14,2,2,57.91261046060625,73.03714906832442,86.1131210757236,LANE_SURFACE_STREET,False,False,True
waymo:training_20s:681f24871535ae3f,waymo,test,ok,-3.3850251241906317,3.385027673528486,5.906386491005833e-14,2,2,83.82297407863719,87.20800175216567,94.54673549730364,LANE_SURFACE_STREET,False,True,True
waymo:training_20s:6831d5237e9a9129,waymo,test,ok,-3.140952400711498,3.1409434987159632,6.350475700855895e-14,2,2,67.19019790709676,-78.4601649987534,-70.33115030780826,LANE_SURFACE_STREET,False,True,True
waymo:training_20s:6849208ea6377f77,waymo,train,ok,-1.8088052608335887,9.398720222477301,2.502442697505103e-13,2,2,10.843480216414042,-18.907771098792992,-12.65228547724763,LANE_SURFACE_STREET,False,False,True
waymo:training_20s:685f71c7a8e9e25e,waymo,train,ok,-8.468850109465288,2.8991308250928123,2.3092638912203256e-14,1,1,,,,,False,True,True
waymo:training_20s:696e0202c240bdaa,waymo,validation,ok,-1.8764717285678032,1.876471728566439,1.2367884494324244e-13,3,3,85.18039988487108,-93.82212348485386,-87.05687161343889,LANE_SURFACE_STREET,False,False,False
waymo:training_20s:6996e6165ac7a2cc,waymo,train,ok,-8.615524536431126,99.99999999999994,5.684341886080802e-14,1,1,,,,,False,True,True
waymo:training_20s:69c81106257bd262,waymo,train,ok,-2.058392668472776,1.9899967922622315,8.659739592076221e-14,2,1,72.28354031962711,74.27353711188934,92.96158573718611,LANE_SURFACE_STREET,False,False,False
waymo:training_20s:69d0d2b77db68317,waymo,test,ok,-2.6006799015759845,2.690130947354093,2.424727085781342e-13,2,2,12.1326118879974,-21.113150809117556,-14.733291789573386,LANE_SURFACE_STREET,False,True,True
waymo:training_20s:69d864182e2a550c,waymo,test,ok,-1.7831972983230553,9.728602096346995,1.900701818158268e-13,4,3,45.832429781784846,-57.218292250017804,-47.6156270801079,LANE_SURFACE_STREET,False,False,True
waymo:training_20s:69e37839652bf265,waymo,train,ok,-12.273688089802462,35.38931017630229,3.836930773104541e-13,1,1,,,,,False,True,True
waymo:training_20s:69ef5402fc2779ae,waymo,train,ok,-8.951745285852446,69.18836071634259,2.7711166694643907e-13,3,2,1.5632883250206433,-14.020952393176913,-10.51503361087309,LANE_SURFACE_STREET,False,True,True
waymo:training_20s:69fc752a5e120e2e,waymo,train,ok,-3.737713231469029,3.737815210822448,1.4299672557172016e-13,2,1,30.84372821746912,-48.76254860195138,-34.58144144893815,LANE_SURFACE_STREET,False,True,True
waymo:training_20s:6a1b21f0e75277fb,waymo,train,ok,-27.414872193837592,98.8531857217043,4.618527782440651e-14,1,1,,,,,False,True,True
waymo:training_20s:6a1c77bbb9e2220c,waymo,train,ok,-1.6370399093916326,60.01747505170067,2.842170943040401e-14,1,1,,,,,False,False,True
waymo:training_20s:6a3dbe73bd28272d,waymo,train,ok,-6.218142370933873,1.7307888722966678,5.417888360170764e-14,3,3,51.61515273307871,-66.60185378863716,-57.833295104012585,LANE_SURFACE_STREET,False,True,False
waymo:training_20s:6a49082b86afee50,waymo,train,ok,-2.4230329914901274,8.480388963161353,2.7977620220553945e-13,1,1,,,,,False,False,True
waymo:training_20s:6a54a2923d076a0f,waymo,test,ok,-7.7754189782359,4.536620177055174,3.8191672047105385e-14,3,3,30.19261242608172,34.72923260313689,49.089021197881664,LANE_SURFACE_STREET,False,True,True
waymo:training_20s:6a69fdeb6df19717,waymo,train,ok,-2.399931884004604,2.399931489516454,2.62456723021387e-13,1,1,,,,,False,False,False
waymo:training_20s:6a734c8bca0848d9,waymo,train,ok,-5.509635235377571,1.912319537744978,1.7763568394002505e-15,1,1,,,,,False,True,False
waymo:training_20s:6a7c2ca830959912,waymo,train,ok,-2.8457511714005195,8.543829747914481,8.881784197001252e-15,3,3,13.627711644284094,-22.43424278140067,-16.473462815684613,LANE_SURFACE_STREET,False,True,True
waymo:training_20s:6a985d2d179461ee,waymo,train,ok,-2.0622918465105986,5.380743340024845,1.936228954946273e-13,2,2,75.09483394153133,80.47557728155618,99.38673558388976,LANE_SURFACE_STREET,False,False,True
waymo:training_20s:6aed47dbea20d3d,waymo,test,ok,-5.361381019433372,10.34731013364608,8.988365607365267e-13,4,4,64.74329165655656,75.09060179020264,82.76556309092575,LANE_SURFACE_STREET,False,True,True
waymo:training_20s:6b2096d6427ca3c7,waymo,train,ok,-9.098625973588888,11.3924330782543,2.1316282072803006e-14,1,1,,,,,False,True,True
waymo:training_20s:6b3e480f6e194b1b,waymo,validation,ok,-4.886032954559565,4.875234041919603,1.6786572132332367e-13,1,1,,,,,False,True,True
waymo:training_20s:6b50970d4884060f,waymo,train,ok,-16.44676501787996,1.828399235332345,4.973799150320701e-14,2,1,6.935626264329496,8.764025499661841,16.694316694283643,LANE_SURFACE_STREET,False,True,False
waymo:training_20s:6b50b98c86f15e5e,waymo,test,ok,-8.873759437140523,1.817620354009987,1.2612133559741778e-13,3,3,39.60365480025383,-52.5866591663066,-48.47741423739435,LANE_SURFACE_STREET,False,True,False
waymo:training_20s:6b8f3a0430e2994b,waymo,train,ok,-1.846471218911231,1.9623447054239032,5.440092820663267e-14,1,1,,,,,False,False,False
waymo:training_20s:6b9a6da65b5f131e,waymo,train,ok,-5.671001079994017,6.1841550518124935,1.7763568394002505e-14,2,2,45.56597134089796,51.750126392710456,60.05392194814581,LANE_SURFACE_STREET,False,True,True
waymo:training_20s:6b9c23c36d56bb34,waymo,train,ok,-4.973835488291412,3.0722461926039006,2.398081733190338e-13,2,1,73.47192500006192,-100.0,-78.44576048835333,LANE_SURFACE_STREET,False,True,True
waymo:training_20s:6bad74df9dbc17c6,waymo,train,ok,-7.158951505505123,1.4943973233658727,1.532107773982716e-14,2,2,45.16439712834101,-60.68301517502542,-52.32334863384613,LANE_SURFACE_STREET,False,True,False
waymo:training_20s:6bbb56c9f0dd017c,waymo,train,ok,-1.7469221693838315,9.3191907203384,1.5143442055887135e-13,2,2,6.009069614461273,-12.207153773633522,-7.755991783845104,LANE_FREEWAY,False,False,True
waymo:training_20s:6bc166ae8320525a,waymo,test,ok,-1.6229565099818166,1.7771243651473945,8.748557434046234e-14,2,2,80.76809294521122,-90.82427664871895,-82.39104945519304,LANE_SURFACE_STREET,False,False,False
waymo:training_20s:6bcc6f993febb73f,waymo,test,ok,-17.58135293004462,5.410855950847774,4.085620730620576e-14,2,2,0.9558009395561804,-41.670013993502,-18.5371538696008,LANE_SURFACE_STREET,False,True,True
waymo:training_20s:6bda1933f47163d4,waymo,train,ok,-3.4143559225779088,3.4143559225779088,2.6645352591003757e-15,3,3,81.70078223697901,-92.95926238953848,-85.11513815955692,LANE_SURFACE_STREET,False,True,True
waymo:training_20s:6bf3047c91daa872,waymo,train,ok,-5.783408416293827,8.015167035258317,3.5793590313915047e-13,4,3,10.596862801227683,-18.95841039931814,-16.38027121752151,LANE_SURFACE_STREET,False,True,True
waymo:training_20s:6c78c3c8936702fe,waymo,train,ok,-7.399003718414153,23.395761644819093,2.5757174171303632e-14,1,1,,,,,False,True,True
waymo:training_20s:6c803c457cac865c,waymo,test,ok,-6.048113113951892,4.984829252290509,4.1744385725905886e-14,4,5,0.9782108535892187,5.9630401058797275,8.48214548080476,LANE_SURFACE_STREET,False,True,True
waymo:training_20s:6c939a059c3b6ec2,waymo,train,ok,-5.538640764795703,5.0524321586613,4.440892098500626e-15,3,3,11.30337387733732,-23.934170733822455,-16.842014642133023,LANE_SURFACE_STREET,False,True,True
waymo:training_20s:6ccb13927c1940c,waymo,train,ok,-5.096318947657663,2.1918169586557283,2.1316282072803006e-14,1,1,,,,,False,True,False
waymo:training_20s:6d065ef0526dda90,waymo,train,ok,-26.863213352500104,2.9860708320012797,6.394884621840902e-14,3,2,5.735214987214725,-49.42828900337684,-32.59842833971483,LANE_SURFACE_STREET,False,True,True
waymo:training_20s:6d485745a81b307d,waymo,train,ok,-6.484233772642511,9.463569524015556,5.684341886080802e-14,1,1,,,,,False,True,True
waymo:training_20s:6d5fd87b85310f6f,waymo,train,ok,-2.943009605407235,7.060258849620208,4.618527782440651e-14,2,2,72.68353360599122,-83.30983858863729,-75.62654321139846,LANE_SURFACE_STREET,False,True,True
waymo:training_20s:6d5fdd4aeec0c901,waymo,train,ok,-26.65518787275571,13.152660284894353,2.1316282072803006e-14,2,2,27.165350246436425,-66.74884696545135,-53.820538119192136,LANE_SURFACE_STREET,False,True,True
waymo:training_20s:6d7c629733199444,waymo,validation,ok,-2.3070595453526863,1.9001728733454355,1.865174681370263e-14,5,4,1.482282725906491,3.3824555992519265,9.621147433933459,LANE_SURFACE_STREET,False,False,False
waymo:training_20s:6d939ef9f79c5bbf,waymo,test,ok,-8.694266812498126,5.202454869243212,2.575717417130363e-13,1,1,,,,,False,True,True
waymo:training_20s:6ddcaa0f18a3c75c,waymo,test,ok,-5.4354072966520635,4.973977538803516,6.661338147750939e-14,3,3,1.1236489948318633,-11.056229431652312,-6.559056291483927,LANE_SURFACE_STREET,False,True,True
waymo:training_20s:6df619f26dfaac1e,waymo,test,ok,-10.200066500473405,5.150553643943506,1.6342482922482304e-13,3,3,5.54887751682215,10.699431160765656,96.16386142043672,LANE_SURFACE_STREET,False,True,True
waymo:training_20s:6e08575da4335acd,waymo,test,ok,-2.8290416066865967,2.8290395435156817,6.17284001691587e-14,1,1,,,,,False,True,True
waymo:training_20s:6e28ca9038b56486,waymo,test,ok,-1.91495867596051,1.9149587124217757,4.218847493575595e-15,1,1,,,,,False,False,False
waymo:training_20s:6e3e3c917cf607f1,waymo,test,ok,-1.8470900888887216,1.8470900888229869,9.792167077193881e-14,3,2,44.20681485028906,46.053904939112044,47.784967800343594,LANE_SURFACE_STREET,False,False,False
waymo:training_20s:6e409d24043e069d,waymo,train,ok,-5.699159590700683,1.925243136718409,1.9539925233402755e-14,2,2,47.19811101897302,49.12335415569143,58.864946279920446,LANE_SURFACE_STREET,False,True,False
waymo:training_20s:6e4d627da8dbc54a,waymo,train,ok,-15.28711147623746,5.6081867118635165,7.72715225139109e-14,1,1,,,,,False,True,True
waymo:training_20s:6e77df4e510bdeb6,waymo,validation,ok,-5.727649932191802,29.035005962950276,3.907985046680551e-14,1,1,,,,,False,True,True
waymo:training_20s:6e83fb5c98d644a0,waymo,train,ok,-9.05170051723149,5.350598258760021,4.796163466380676e-14,1,1,,,,,False,True,True
waymo:training_20s:6ebbd3c826cf9eda,waymo,test,ok,-8.888870952604677,92.52656746163362,1.4210854715202004e-14,2,2,1.8748665312939892,-14.021774902653647,-10.763737483898666,LANE_SURFACE_STREET,False,True,True
waymo:training_20s:6ee4d9197370892c,waymo,train,ok,-3.245395715147138,2.827378952114644,8.348877145181177e-14,1,1,,,,,False,True,True
waymo:training_20s:6f0e372692169f9,waymo,train,ok,-3.95512123211128,3.955147047611392,1.2878587085651816e-14,2,1,43.90544870822504,-49.48904045025606,-47.86056994033632,LANE_SURFACE_STREET,False,True,True
waymo:training_20s:6f1478db75ff560f,waymo,train,ok,-4.01778748741515,2.407627015331979,7.283063041541027e-14,1,1,,,,,False,True,False
waymo:training_20s:6f4e5a57f7d56ff4,waymo,train,ok,-1.5262080069781976,8.342981991277767,6.079581282847357e-13,5,4,0.6750663436217934,9.01804833489956,12.12972773961667,LANE_SURFACE_STREET,False,False,True
waymo:training_20s:6f6174934710f4c3,waymo,train,ok,-4.709058359422634,4.583402118853967,1.509903313490213e-14,2,2,79.65337272887439,-90.40281043848098,-84.36243108829701,LANE_SURFACE_STREET,False,True,True
waymo:training_20s:6f664af9b8e2b780,waymo,test,ok,-7.933365754329985,3.6794939235708113,2.6645352591003757e-14,2,2,1.4354112096347205,-12.576183329466417,-9.368776963964706,LANE_SURFACE_STREET,False,True,True
waymo:training_20s:6f6c218e44f8b924,waymo,test,ok,-5.554494737083611,31.50617214879073,8.08242361927114e-14,3,3,37.885077014570086,69.39124916336081,76.39604221859108,LANE_SURFACE_STREET,False,True,True
waymo:training_20s:6f8cd5bdda9e344,waymo,train,ok,-83.32597735160125,13.861171137301836,4.2454928461665986e-13,2,1,53.376221801603705,67.23739293890554,74.69784225209963,LANE_SURFACE_STREET,False,True,True
waymo:training_20s:6fd5a4b2cceb284e,waymo,train,ok,-6.074592135548144,8.469357333649775,2.8421709430404007e-13,2,2,86.6388623931972,95.10821972684698,100.00000000000034,LANE_SURFACE_STREET,False,True,True
waymo:training_20s:6ff55fe225380967,waymo,train,ok,-16.838965871074834,26.01978306050114,0.0,4,3,0.19460063632868696,-21.568879087828464,-17.03356650740352,LANE_SURFACE_STREET,False,True,True
waymo:training_20s:701d065042a53e7b,waymo,train,ok,-5.96285978833604,5.459295445736217,2.4158453015843406e-13,3,3,33.20703024808582,-47.2921714407277,-39.16989003642186,LANE_SURFACE_STREET,False,True,True
waymo:training_20s:7021cd6f69b197be,waymo,train,ok,-2.3955830994737863,2.5052587867437226,3.9968028886505635e-15,4,2,70.9120549969923,-78.56010223815859,-73.30763809646608,LANE_SURFACE_STREET,False,False,False
waymo:training_20s:706f68684eb7a3dc,waymo,train,ok,-15.903319628130456,33.29275153748225,6.394884621840902e-14,4,3,26.199592362335423,-66.14045166539897,-42.10291199046588,LANE_SURFACE_STREET,False,True,True
waymo:training_20s:7070cc3983373398,waymo,test,ok,-20.398421389481157,1.520693484946492,2.886579864025407e-14,2,2,1.2596072469460324,-38.05626784336909,-21.65802863642719,LANE_SURFACE_STREET,False,True,False
waymo:training_20s:707f27ea3927b4f5,waymo,train,ok,-8.891890307483326,6.973920994235296,7.460698725481052e-14,1,1,,,,,False,True,True
waymo:training_20s:708d55c6561882df,waymo,train,ok,-3.9965921915041336,3.9966093036057604,1.652011860642233e-13,3,2,75.46035165332773,-86.26919871672806,-79.45694384483187,LANE_SURFACE_STREET,False,True,True
waymo:training_20s:70ce8963e5d240e7,waymo,train,ok,-7.756717100741876,26.803615006988757,4.1655567883935873e-13,4,2,0.48052384223035904,-14.013102781183164,-8.237240942972235,LANE_SURFACE_STREET,False,True,True
waymo:training_20s:71034c2ca7a603f3,waymo,train,ok,-2.3663865779509856,2.3663860126843885,4.75175454539567e-14,1,1,,,,,False,False,False
waymo:training_20s:71344f609367eace,waymo,train,ok,-3.135695886509313,3.1293592981816634,6.572520305780927e-14,2,2,11.123029071077019,14.252388369258682,22.95450077051271,LANE_SURFACE_STREET,False,True,True
waymo:training_20s:7144d7b61256ba03,waymo,train,ok,-9.449262269144791,10.403795789242796,6.572520305780927e-14,3,3,43.114744372453224,-61.23745781024387,-52.56400664159801,LANE_SURFACE_STREET,False,True,True
waymo:training_20s:715b80e0c5f47472,waymo,train,ok,-12.093234612795287,1.7376101680959766,3.530509218307998e-14,3,3,74.31263791544674,76.05024808354273,86.62370197932694,LANE_SURFACE_STREET,False,True,False
waymo:training_20s:718627805481026d,waymo,test,ok,-4.543785541525735,4.670036529051239,2.042810365310288e-14,2,2,89.89897094474826,94.5690074737995,100.00000000000003,LANE_SURFACE_STREET,False,True,True
waymo:training_20s:71a9447648427997,waymo,test,ok,-3.9859387378757014,12.77555415372694,4.04121180963557e-14,2,2,22.605170221516435,35.380724375243375,49.2810259762598,LANE_SURFACE_STREET,False,True,True
waymo:training_20s:71d1349ed0c01699,waymo,train,ok,-1.578116807886823,1.5781175317900673,2.617905892066119e-13,1,1,,,,,False,False,False
waymo:training_20s:71f5dfdd8f4417bf,waymo,test,ok,-8.570442589965435,8.664897672462105,1.865174681370263e-13,2,2,1.2796107746371383,-15.028016006229095,-9.850053364602573,LANE_SURFACE_STREET,False,True,True
waymo:training_20s:72097f9cad95b76c,waymo,test,ok,-7.820158710174212,15.869785575788956,3.197442310920451e-14,1,1,,,,,False,True,True
waymo:training_20s:72328bd0986374fa,waymo,train,ok,-5.586450660475839,5.351888015095021,6.750155989720952e-13,1,1,,,,,False,True,True
waymo:training_20s:72330a523b661dcb,waymo,train,ok,-7.619054934683711,11.10996302533799,4.884981308350689e-14,1,1,,,,,False,True,True
waymo:training_20s:72655ce6bf17358b,waymo,train,ok,-5.131497318624277,5.435560587929118,1.4210854715202004e-14,5,3,5.036359134077571,10.471919722006689,13.874189074984443,LANE_SURFACE_STREET,False,True,True
waymo:training_20s:726e1a8ee194fbcc,waymo,train,ok,-5.513047273771688,5.138929254453119,1.5987211554602254e-14,2,2,13.431986857407269,-25.724530917836162,-18.945034131178957,LANE_SURFACE_STREET,False,True,True
waymo:training_20s:72775ff0a83e1c0,waymo,train,ok,-8.103812237126112,1.8104130678175117,1.0835776720341528e-13,1,1,,,,,False,True,False
waymo:training_20s:727a7798f6592ae0,waymo,test,ok,-7.675808939884147,9.059173672843762,1.438849039914203e-13,3,3,5.36196550508533,14.421139177929092,24.058045094561834,LANE_SURFACE_STREET,False,True,True
waymo:training_20s:727dbe98820df2af,waymo,test,ok,-1.614366968619528,75.7538936115999,9.947598300641403e-14,5,4,0.7459786459303857,-12.379366694645896,-2.3603456145499138,LANE_SURFACE_STREET,False,False,True
waymo:training_20s:72b7d716ce08727b,waymo,train,ok,-6.565522706307727,5.681361549716131,2.6645352591003757e-14,2,2,77.92015417669337,83.6015157264095,91.39641315381144,LANE_SURFACE_STREET,False,True,True
waymo:training_20s:72c89b35a605fbb6,waymo,train,ok,-3.887738337794958,3.8880587625892686,2.4291679778798425e-13,2,2,55.28863010190962,59.176688864498885,64.43979406310666,LANE_SURFACE_STREET,False,True,True
waymo:training_20s:72d50ca1e490b1b2,waymo,train,ok,-13.046295892300915,12.25997180092579,1.8118839761882555e-13,3,3,16.77128903569102,29.03126083661681,58.309590466006114,LANE_SURFACE_STREET,False,True,True
waymo:training_20s:72f289508d3c6bd1,waymo,test,ok,-1.8848647657819362,1.886833599764571,6.195044477408373e-14,7,3,0.8637454247107053,-19.74233596164609,-2.7486101904926414,LANE_SURFACE_STREET,False,False,False
waymo:training_20s:72f428a220ec47a8,waymo,validation,ok,-2.4071264536050485,2.407262162541553,1.0658141036401503e-14,2,2,47.33318800910665,-57.80526830105734,-49.740314462711694,LANE_SURFACE_STREET,False,False,False
waymo:training_20s:7320f86daa59e91b,waymo,train,ok,-3.5782108891359954,8.452884396596154,4.192202140984591e-13,3,3,15.280275430512965,-24.91085167945232,-18.85848631964896,LANE_SURFACE_STREET,False,True,True
waymo:training_20s:73a0fdf371870316,waymo,test,ok,-5.988428566413425,69.15231494873129,8.526512829121202e-14,3,2,63.110712717553646,-86.37099588465081,-69.09914128396707,LANE_SURFACE_STREET,False,True,True
waymo:training_20s:7410946c75a41a04,waymo,test,ok,-1.8344767786020086,9.206268123112938,2.9753977059954195e-14,2,2,34.47904571475645,43.68531383786939,47.05156627729045,LANE_SURFACE_STREET,False,False,True
waymo:training_20s:744b278e273b2021,waymo,test,ok,-78.16711421157353,88.58685836144986,1.1368683772161603e-13,1,1,,,,,False,True,True
waymo:training_20s:746389303b17443a,waymo,train,ok,-2.9034175721590203,2.9033927057582414,3.3217872896784684e-13,1,1,,,,,False,True,True
waymo:training_20s:749234ad86c91233,waymo,train,ok,-4.843569302020847,5.779059904876089,1.2434497875801753e-13,2,2,1.2979836837221859,-9.380482676887297,-6.141552985743033,LANE_SURFACE_STREET,False,True,True
waymo:training_20s:749bcae47cbcfc2e,waymo,train,ok,-4.410878895630834,4.411059250728683,1.4566126083082054e-13,1,1,,,,,False,True,True
waymo:training_20s:749fb5462b6efb14,waymo,train,ok,-4.568225285323707,4.744403057842149,1.4210854715202004e-14,1,1,,,,,False,True,True
waymo:training_20s:74ae96243326e5,waymo,test,ok,-11.785849751323978,5.411116707843202,1.5187850976872141e-13,1,1,,,,,False,True,True
waymo:training_20s:74c048a69f2b7993,waymo,train,ok,-5.219001554903116,9.250448107567536,1.4210854715202004e-14,5,5,0.17568296068930067,-8.374015216601947,-5.394684515592417,LANE_SURFACE_STREET,False,True,True
waymo:training_20s:75084283b4e37f83,waymo,train,ok,-1.8222145147895512,8.673595572252877,2.7533531010703882e-14,3,3,0.8289034285202339,-6.361327685210199,-2.651117943309785,LANE_SURFACE_STREET,False,False,True
waymo:training_20s:750d322c4eac270b,waymo,train,ok,-9.300324037908574,7.343071187444316,2.0605739337042905e-13,1,1,,,,,False,True,True
waymo:training_20s:7561170378480f98,waymo,train,ok,-8.726590827545971,3.402153225512399,8.881784197001252e-15,5,5,1.4573751410088303,-13.964695274397798,-10.183965968554801,LANE_SURFACE_STREET,False,True,True
waymo:training_20s:75877dd0c62ee354,waymo,validation,ok,-2.2222177353031345,1.5875863826573937,5.275779813018744e-13,4,3,1.3511149145763408,2.9387012972337345,13.82755977584543,LANE_SURFACE_STREET,False,False,False
waymo:training_20s:759d32dcfaf1d60c,waymo,validation,ok,-1.5078197600856396,1.5078223222462364,1.5520917884259688e-13,3,3,0.1225061159583638,1.6303284382046002,5.355560341217966,LANE_SURFACE_STREET,False,False,False
waymo:training_20s:75db1ec914bd9a61,waymo,train,ok,-5.445391879056918,1.7939105005082978,1.234568003383174e-13,1,1,,,,,False,True,False
waymo:training_20s:760d1254c23f7046,waymo,train,ok,-1.6518748998642807,1.6518748998642807,1.2922996006636822e-13,3,3,0.02050313554143335,-5.426607206519606,-1.672378035405714,LANE_SURFACE_STREET,False,False,False
waymo:training_20s:767ac7f948a4174f,waymo,validation,ok,-1.5542243392919772,8.28521205940342,0.0,5,5,0.2127261017649289,8.49793816116835,41.24161376948905,LANE_SURFACE_STREET,False,False,True
waymo:training_20s:76c53a944dde35ce,waymo,train,ok,-15.61668745752524,12.306585543368026,2.1671553440683056e-13,3,1,37.61969980628539,-68.2672311038335,-53.23638726381063,LANE_SURFACE_STREET,False,True,True
waymo:training_20s:76d48b83cd00e3bc,waymo,train,ok,-3.3419728314301596,1.7456527958698163,5.706546346573305e-14,2,2,88.84046898524181,-97.94125327508824,-92.18244181667197,LANE_SURFACE_STREET,False,True,False
waymo:training_20s:76e04ed2814fb17e,waymo,validation,ok,-2.2267093519617136,15.207584638544628,4.529709940470639e-14,2,2,19.656653693878955,34.86423833242358,38.53118320979917,LANE_SURFACE_STREET,False,False,True
waymo:training_20s:76ec2efa24b394c6,waymo,train,ok,-14.806061154002396,31.465240501439045,3.446132268436486e-13,3,3,0.04583438602136525,31.51107488746041,45.102266858581515,LANE_SURFACE_STREET,False,True,True
waymo:training_20s:76f19f40dd7d7d5,waymo,train,ok,-2.6406082927033268,9.16345391178281,3.836930773104541e-13,1,1,,,,,False,True,True
waymo:training_20s:77102c96c88bff80,waymo,train,ok,-3.618554350659931,2.4509877706606362,9.50350909079134e-14,1,1,,,,,False,True,False
waymo:training_20s:771c89b7d5422d3,waymo,train,ok,-10.017445931543058,11.956305529940412,7.069900220812997e-13,1,1,,,,,False,True,True
waymo:training_20s:77240f521fbdd72a,waymo,train,ok,-3.4635117702031977,9.327688263659896,4.263256414560601e-14,2,2,32.16991476630014,41.49760302996003,49.81424634705681,LANE_SURFACE_STREET,False,True,True
waymo:training_20s:77353331236640dc,waymo,test,ok,-1.9144617414246963,5.312709465935967,2.020605904817785e-14,1,1,,,,,False,False,True
waymo:training_20s:773833134ed164dc,waymo,train,ok,-7.921117699761131,16.280852805657755,1.1013412404281553e-13,5,2,1.0222867547708416,-17.12846374794853,-8.943404454531972,LANE_SURFACE_STREET,False,True,True
waymo:training_20s:773ba317f93523eb,waymo,train,ok,-1.5985258482849827,4.832706811114678,7.283063041541027e-14,2,2,79.02709086337717,-89.01463735220288,-80.62561671166215,LANE_SURFACE_STREET,False,False,True
waymo:training_20s:7794addea92871e8,waymo,test,ok,-3.468703311343489,3.4687033189097067,3.6903813338540203e-13,1,1,,,,,False,True,True
waymo:training_20s:77994abc2c08fa92,waymo,train,ok,-6.606692538763406,1.6645878804396146,3.0730973321624333e-13,5,5,16.72695645869471,-27.691681034897982,-23.333648997458113,LANE_SURFACE_STREET,False,True,False
waymo:training_20s:77fcc94d730de9f3,waymo,train,ok,-1.8971272643122863,8.025335115864724,3.197442310920451e-14,2,2,83.451605851696,91.47694096756072,99.00330678495024,LANE_SURFACE_STREET,False,False,True
waymo:training_20s:7803e7a3c8615b3f,waymo,train,ok,-1.9680693895955002,4.906063556692402,4.263256414560601e-14,2,2,55.148202385548274,60.054265942240676,67.11725970637653,LANE_SURFACE_STREET,False,False,True
waymo:training_20s:784202e8cc920791,waymo,test,ok,-15.007286062547083,2.1890859278915493,3.774758283725532e-14,2,1,11.246832464247857,-46.344932918354914,-26.25411852679494,LANE_SURFACE_STREET,False,True,False
waymo:training_20s:784332139242022,waymo,train,ok,-2.6602200386806896,5.7412431503247205,2.8421709430404007e-13,2,2,78.75525747991,-89.6104970682057,-81.41547751859069,LANE_SURFACE_STREET,False,True,True
waymo:training_20s:7853e2f6f3039a42,waymo,train,ok,-2.109490400366145,7.900970746364844,4.5075054799781356e-13,4,4,32.45137285990847,40.35234360627331,44.96614171764625,LANE_SURFACE_STREET,False,False,True
waymo:training_20s:786e4d0e9b42995a,waymo,test,ok,-5.50032220396932,6.151374741179697,1.1546319456101628e-14,5,4,36.010455681622055,-48.36902542795726,-41.510777885591374,LANE_SURFACE_STREET,False,True,True
waymo:training_20s:787754f61f4ed18c,waymo,train,ok,-17.61766932288385,1.5671213629565028,3.241851231905457e-14,2,1,15.44268348370381,-64.82922399235818,-33.06035280658766,LANE_SURFACE_STREET,False,True,False
waymo:training_20s:78e3aa21962de800,waymo,train,ok,-8.544024936483986,89.21596941423569,3.836930773104541e-13,2,2,1.5774035809949822,90.79337299523067,94.91104794481996,LANE_SURFACE_STREET,False,True,True
waymo:training_20s:78fa82ba06dc5a,waymo,train,ok,-1.647629636915076,5.223805920648419,1.2212453270876722e-13,2,2,0.054050283211691585,5.277856203860111,8.707004630821046,LANE_SURFACE_STREET,False,False,True
waymo:training_20s:795831e6a23db082,waymo,test,ok,-3.601167660208928,3.601188887773195,1.3233858453531866e-13,1,1,,,,,False,True,True
waymo:training_20s:796632637cd34877,waymo,test,ok,-1.4476423826416704,1.8262357571681636,8.08242361927114e-14,2,2,87.28033245039141,89.10656820755958,94.08349035490372,LANE_SURFACE_STREET,False,False,False
waymo:training_20s:79b11408dc6b15ae,waymo,test,ok,-1.535976213374776,1.535974407724186,2.4205082382877663e-12,2,1,64.35566319444308,65.89163760216726,76.15245895681772,LANE_SURFACE_STREET,False,False,False
waymo:training_20s:79b43dd240ca2c22,waymo,train,ok,-2.0143824934911185,23.672823342634594,1.0658141036401503e-13,3,3,0.5777189159793261,-7.431206200317661,-2.5921014094704447,LANE_SURFACE_STREET,False,False,True
waymo:training_20s:79bf72cf5eb245db,waymo,test,ok,-2.210917450116085,1.4190256354868325,0.0,2,2,85.18234142239228,86.60136705787912,93.84881284469066,LANE_SURFACE_STREET,False,False,False
waymo:training_20s:79db5c7c0d9eee2f,waymo,test,ok,-2.7079049086464106,2.707030197658139,3.1086244689504383e-15,5,4,1.1272863566262021,-32.419153728691825,-3.835191265272613,LANE_SURFACE_STREET,False,True,True
waymo:training_20s:7a2f9133cf7f719c,waymo,train,ok,-8.266376739865194,8.14947670044828,2.753353101070388e-13,5,6,1.0385423666303808,-12.910630392931353,-9.304919106495575,LANE_SURFACE_STREET,False,True,True
waymo:training_20s:7a3587a09c2e7c35,waymo,train,ok,-2.131752281735439,9.746529165913936,4.3520742565306136e-13,2,2,9.410111724496494,-19.45964489739592,-11.541864006231933,LANE_SURFACE_STREET,False,False,True
waymo:training_20s:7a45ed398fdf76d8,waymo,train,ok,-5.237501775329292,71.56017391254136,0.0,2,2,24.97280165448319,96.53297556702455,100.0,LANE_SURFACE_STREET,False,True,True
waymo:training_20s:7a519c9a18633345,waymo,test,ok,-2.0760839397159576,37.31004158122294,4.334310688136611e-13,4,2,15.181343645215406,-18.208931829133846,-17.257427584931364,LANE_SURFACE_STREET,False,False,True
waymo:training_20s:7a58d96bcff8c259,waymo,train,ok,-4.03042122305801,4.030438604501969,1.5987211554602254e-14,3,2,78.48573764961964,82.5161762541216,89.49971939625945,LANE_SURFACE_STREET,False,True,True
waymo:training_20s:7a5a73fe4c8f3299,waymo,train,ok,-9.206332955408111,1.7737571808232033,1.1013412404281553e-13,1,1,,,,,False,True,False
waymo:training_20s:7a87eb637158b528,waymo,train,ok,-4.882317099968795,4.909608605058961,7.362999099314038e-13,2,2,64.06368383006145,-75.66871861259679,-68.94600093003024,LANE_SURFACE_STREET,False,True,True
waymo:training_20s:7aace366932ec1de,waymo,train,ok,-2.006208795298886,1.8941635096778668,4.263256414560601e-14,5,5,1.3559878382661594,3.2501513479440263,13.991443978124622,LANE_SURFACE_STREET,False,False,False
waymo:training_20s:7abd0ecc88f28add,waymo,train,ok,-1.722687813578908,1.7226785072444943,4.842792833414933e-13,2,2,80.16349988815128,-81.91398949021435,-81.8861877017302,LANE_SURFACE_STREET,False,False,False
waymo:training_20s:7acfb37c529685b9,waymo,test,ok,-3.070405370899949,3.0704500022479473,1.7985612998927536e-13,3,3,76.76935682133255,-87.5953335335966,-79.8397621922325,LANE_SURFACE_STREET,False,True,True
waymo:training_20s:7adbcd131ef43c34,waymo,train,ok,-6.10359196550319,5.641590021013408,6.306066779870889e-14,1,1,,,,,False,True,True
waymo:training_20s:7af3452d8229706b,waymo,train,ok,-5.586501412902906,2.052422696288463,7.194245199571014e-14,2,2,80.377675021416,-92.74404540710125,-85.9641764343189,LANE_SURFACE_STREET,False,True,False
waymo:training_20s:7afed1e2687d8449,waymo,test,ok,-4.887799731833973,5.354288139524842,1.4033219031261979e-13,5,3,0.22923854478627614,-12.095065978887035,-5.117038276620249,LANE_SURFACE_STREET,False,True,True
waymo:training_20s:7b37aa04f55f6431,waymo,test,ok,-6.9746979180705635,2.904019017879767,4.796163466380676e-14,2,2,7.317767602207991,-21.313831023506637,-14.292465520278554,LANE_SURFACE_STREET,False,True,True
waymo:training_20s:7b8f251fcaba612d,waymo,test,ok,-5.574958629473293,8.69412107126315,1.0480505352461478e-13,1,1,,,,,False,True,True
waymo:training_20s:7b968e51c1a7eb0e,waymo,train,ok,-2.0144118047695074,1.502868377008673,2.2648549702353193e-14,3,2,44.30560284481549,-99.92270081072151,-46.320014649585,LANE_SURFACE_STREET,False,False,False
waymo:training_20s:7bad2358146db679,waymo,validation,ok,-2.5249186232056346,2.5249738213574524,1.6919798895287386e-13,1,1,,,,,False,False,False
waymo:training_20s:7bfbec3de9481e71,waymo,train,ok,-3.7348444258821294,3.490057019966107,2.220446049250313e-13,3,3,75.62124688715409,-90.24952801335684,-79.35609131303622,LANE_SURFACE_STREET,False,True,True
waymo:training_20s:7bfc71a9a1b9321f,waymo,train,ok,-1.65698439989979,1.7370084127251217,2.2426505097428162e-14,2,2,86.66270247662396,88.39971088934908,97.57299378903753,LANE_SURFACE_STREET,False,False,False
waymo:training_20s:7c2bf66571c549eb,waymo,test,ok,-2.0637427354065343,5.363646791391687,1.4210854715202004e-14,1,1,,,,,False,False,True
waymo:training_20s:7c736b0853bc4d14,waymo,train,ok,-5.754414851982011,7.641613059727488,2.6645352591003757e-14,3,2,56.02290684598674,-63.724368013767865,-61.77732169796875,LANE_SURFACE_STREET,False,True,True
waymo:training_20s:7c8c1907d1827c18,waymo,test,ok,-6.668984625759431,5.559339182623236,2.398081733190338e-14,2,2,63.68137273832579,69.24071192094902,78.63390497158287,LANE_SURFACE_STREET,False,True,True
waymo:training_20s:7cbb0fca2a932cf4,waymo,test,ok,-4.945170742425562,1.644365108635024,2.6645352591003757e-14,4,3,20.850755871182944,22.49512097981797,40.901373071798474,LANE_SURFACE_STREET,False,True,False
waymo:training_20s:7cf62bd6fbb276df,waymo,test,ok,-10.670431361243228,2.0562683682914957,3.232969447708456e-13,3,3,56.2454952876993,-67.02165783636227,-66.91592664894253,LANE_SURFACE_STREET,False,True,False
waymo:training_20s:7d17e6d25142e349,waymo,train,ok,-1.7654673990296128,4.792956731342069,1.6586731987899839e-13,2,2,39.78657156566219,44.57952829700426,55.07521039049266,LANE_SURFACE_STREET,False,False,True
waymo:training_20s:7d2adb902db48de7,waymo,test,ok,-7.883343479230284,1.750365496078157,3.552713678800501e-14,1,1,,,,,False,True,False
waymo:training_20s:7d3a74bb7597c0ff,waymo,train,ok,-8.227275972233143,17.575981318202448,8.171241461241152e-14,3,3,42.49014748505468,60.06612880325713,66.6780668470968,LANE_SURFACE_STREET,False,True,True
waymo:training_20s:7d4e9832e35e936f,waymo,test,ok,-5.178991716098914,5.273531307283597,2.220446049250313e-14,5,5,0.8246649491139317,6.098196256397529,12.841384954903546,LANE_SURFACE_STREET,False,True,True
waymo:training_20s:7d70510706ec0298,waymo,train,ok,-14.018583751371072,91.86565465337753,8.881784197001252e-14,1,1,,,,,False,True,True
waymo:training_20s:7d86309895a23fe6,waymo,validation,ok,-8.960823306188338,1.8136750632830043,1.5210055437364645e-13,4,4,0.7818408438453546,2.595515907128359,9.425327670144995,LANE_SURFACE_STREET,False,True,False
waymo:training_20s:7d8e91fcbec440ff,waymo,train,ok,-1.4715618215944382,9.190719931748161,8.881784197001252e-14,3,3,9.092333852310533,18.283053784058694,41.49087675035065,LANE_FREEWAY,False,False,True
waymo:training_20s:7d9ab6d4b1d3ec4c,waymo,train,ok,-5.839792362104843,2.9625634545528214,4.263256414560601e-14,3,3,18.272343959428653,21.234907413981475,29.67761338790592,LANE_SURFACE_STREET,False,True,True
waymo:training_20s:7d9f5ce120422611,waymo,validation,ok,-3.921159994829273,3.9211788872088773,1.865174681370263e-14,1,1,,,,,False,True,True
waymo:training_20s:7daa42be090fe906,waymo,train,ok,-7.9459095308210825,7.956459296082539,6.430411758628907e-13,1,1,,,,,False,True,True
waymo:training_20s:7dbdd2dfdc6cb68e,waymo,train,ok,-8.253253349420822,100.00000000000034,3.694822225952521e-13,4,4,1.495235720219009,-13.59078854914506,-9.748489069639831,LANE_SURFACE_STREET,False,True,True
waymo:training_20s:7dd11c1d13706980,waymo,validation,ok,-12.021893982696248,11.95075006704022,3.552713678800501e-14,1,1,,,,,False,True,True
waymo:training_20s:7de8774586e08480,waymo,train,ok,-5.555442316551265,16.466807523607905,7.744915819785092e-13,2,2,21.529199026929433,-32.61305347129337,-27.084641343480698,LANE_FREEWAY,False,True,True
waymo:training_20s:7df4654a5c8fdbf9,waymo,train,ok,-8.737077263942687,4.906071150920309,2.5757174171303632e-14,2,2,1.8155379713788475,6.7216091222991565,10.570566083441165,LANE_SURFACE_STREET,False,True,True
waymo:training_20s:7e1a7292c11017b2,waymo,validation,ok,-6.004510791252027,1.832413163723508,1.0613732115416497e-13,2,2,56.66580546636451,58.49821863008802,65.06192797462694,LANE_SURFACE_STREET,False,True,False
waymo:training_20s:7e2b8c679959ba27,waymo,train,ok,-6.165613038718424,8.507548190365938,3.126388037344441e-13,1,1,,,,,False,True,True
waymo:training_20s:7e30f87a5c6fded5,waymo,train,ok,-7.695091610036279,24.98129822658611,2.0605739337042905e-13,2,3,5.546505367237621,-21.214851470492533,-13.2415969772739,LANE_SURFACE_STREET,False,True,True
waymo:training_20s:7f1b5bec7032572f,waymo,validation,ok,-12.318905820612347,1.7178612211824642,6.068479052601106e-13,2,2,1.8365852458463188,-17.458056202066672,-14.155491066458666,LANE_SURFACE_STREET,False,True,False
waymo:training_20s:7fd73c115651c7c0,waymo,test,ok,-5.60767284742267,4.46184100677392,4.618527782440651e-14,1,1,,,,,False,True,True
waymo:training_20s:803754dd99113b57,waymo,validation,ok,-1.7832735655950234,12.302349942884454,1.532107773982716e-14,1,1,,,,,False,False,True
waymo:training_20s:807f622d75ad5801,waymo,train,ok,-6.172924312439028,2.1028153882119756,2.3092638912203256e-14,1,1,,,,,False,True,False
waymo:training_20s:808fe3630df3ca63,waymo,train,ok,-1.7887067833181047,58.21225902586622,5.684341886080802e-14,1,1,,,,,False,False,True
waymo:training_20s:80ba7c083f27a512,waymo,train,ok,-5.670342704811804,4.942664218873532,1.163513729807164e-13,3,3,22.65934555949141,-33.10823220075358,-28.329688264303215,LANE_SURFACE_STREET,False,True,True
waymo:training_20s:812ec20fd38a27a,waymo,train,ok,-3.2159124899473897,3.215915465036611,1.6608936448392342e-13,3,3,77.70564474476357,80.92156020980019,87.39564729276171,LANE_SURFACE_STREET,False,True,True
waymo:training_20s:81498d79b1506455,waymo,train,ok,-2.7215412490135202,2.7215683881568657,1.2567724638756772e-13,3,3,14.673395042395647,-22.378347540032323,-17.394936291409167,LANE_SURFACE_STREET,False,True,True
waymo:training_20s:81a3478f1fe02670,waymo,validation,ok,-12.304574668003058,8.157590391977209,2.842170943040401e-14,1,1,,,,,False,True,True
waymo:training_20s:81b076c905943993,waymo,test,ok,-88.82287868294155,99.99999999999869,2.2737367544323206e-13,1,1,,,,,False,True,True
waymo:training_20s:81e7457738abce12,waymo,train,ok,-2.3430884040770046,2.3430675372554775,1.4077627952246985e-13,1,1,,,,,False,False,False
waymo:training_20s:81e7ea6cd7e76eb,waymo,test,ok,-5.010347474138098,4.999322289639278,7.37188088351104e-14,1,1,,,,,False,True,True
waymo:training_20s:8223293e009e0a6d,waymo,train,ok,-1.6954798945940583,85.7215943429548,8.526512829121202e-14,2,3,43.067172782979256,-52.795624290693524,-44.762652677573314,LANE_SURFACE_STREET,False,False,True
waymo:training_20s:82475bb94faddc6,waymo,train,ok,-1.6051103756402443,5.090180856052067,3.730349362740526e-14,3,1,55.38248056430529,60.472661420357355,63.26736233031943,LANE_SURFACE_STREET,False,False,True
waymo:training_20s:824f8b9f6e640462,waymo,train,ok,-3.1376296848185836,3.137657215420512,3.3306690738754696e-13,1,1,,,,,False,True,True
waymo:training_20s:827e40cd44576c84,waymo,train,ok,-9.281076872273083,25.267173481498236,3.197442310920451e-14,2,4,4.889025596411038,-22.594180548467946,-14.17010246868412,LANE_SURFACE_STREET,False,True,True
waymo:training_20s:82b9dc97046c7bde,waymo,validation,ok,-65.00915374023648,99.99999999999957,3.410605131648481e-13,1,1,,,,,False,True,True
waymo:training_20s:82f4f8ee82a8fd07,waymo,train,ok,-5.356573088623711,5.118064426304796,2.220446049250313e-14,2,2,1.4906136418572737,-11.853577932695345,-6.847186730480985,LANE_SURFACE_STREET,False,True,True
waymo:training_20s:830056924a7664cb,waymo,train,ok,-12.372957434477636,99.99999999999997,5.684341886080802e-14,1,1,,,,,False,True,True
waymo:training_20s:83232b5d420b2d49,waymo,train,ok,-11.928352376777001,1.7278362316213607,2.824407374646398e-13,2,2,1.9331627829014262,3.660999014522787,7.273799056493061,LANE_SURFACE_STREET,False,True,False
waymo:training_20s:833f7a82ef7568e5,waymo,test,ok,-3.0780901245833086,3.078087061655816,8.633094239485217e-13,2,1,63.51271599907455,66.59080306073037,74.7610956220253,LANE_SURFACE_STREET,False,True,True
waymo:training_20s:834235e9a64b188f,waymo,test,ok,-1.727635022784397,8.21460021030516,2.1671553440683056e-13,5,5,1.6711349446501949,9.885735154955356,100.00000000000045,LANE_SURFACE_STREET,False,False,True
waymo:training_20s:8374ec9e638b5ecd,waymo,train,ok,-3.438869368931813,15.213606478607318,1.4210854715202004e-14,1,1,,,,,False,True,True
waymo:training_20s:837646eae071bcb7,waymo,test,ok,-3.924201305103569,3.1623639280930003,1.851852005074761e-13,2,2,76.9335197064008,-88.45452290745393,-80.85772101150437,LANE_SURFACE_STREET,False,True,True
waymo:training_20s:839c52d88f4efc43,waymo,train,ok,-8.557525801537077,1.8564768314997837,6.8833827526759706e-15,1,1,,,,,False,True,False
waymo:training_20s:83c9666f9e0703de,waymo,train,ok,-2.5967457570725725,2.5967290456476655,1.4432899320127035e-13,1,1,,,,,False,True,True
waymo:training_20s:83fdcf5d74dc4428,waymo,train,ok,-11.636443516828052,64.36778867972446,1.4210854715202004e-14,4,4,1.237874746059049,-16.257177353333418,-12.874318262887101,LANE_SURFACE_STREET,False,True,True
waymo:training_20s:8442607457139816,waymo,test,ok,-7.027896099038266,6.438651139287211,2.184918912462308e-13,1,1,,,,,False,True,True
waymo:training_20s:8461a34dd7892804,waymo,train,ok,-1.7118698578302503,1.7118715424717383,1.6653345369377348e-14,4,4,7.153345998064197,-19.526417595900497,-8.865215855894448,LANE_SURFACE_STREET,False,False,False
waymo:training_20s:84aacd1af6bd86c6,waymo,train,ok,-5.781685341281754,2.598117228857504,2.842170943040401e-14,4,4,41.51700286700954,-51.69866219798257,-47.29868820829129,LANE_SURFACE_STREET,False,True,True
waymo:training_20s:84d2116edbfbfa08,waymo,train,ok,-8.539566010867313,4.325155568528471,7.65609797781508e-13,2,2,45.1342764652987,49.45943203382717,99.99999999999852,LANE_SURFACE_STREET,False,True,True
waymo:training_20s:84f283f27bf1bc9f,waymo,train,ok,-4.198031545512765,8.476854847399657,3.810285420513537e-13,3,3,16.297267922451493,-26.493206391086943,-20.49529946796426,LANE_SURFACE_STREET,False,True,True
waymo:training_20s:84f53c0718437ba0,waymo,test,ok,-2.0843250418381154,11.436906183822567,3.814726312612038e-13,3,3,27.35552778492869,38.792433968751254,99.99999999999926,LANE_SURFACE_STREET,False,False,True
waymo:training_20s:8518b8f1ebe70e8f,waymo,validation,ok,-3.8996443943667947,3.899644394471,2.1671553440683056e-13,2,1,20.710562646139216,-46.20474768760928,-24.610207040506012,LANE_SURFACE_STREET,False,True,True
waymo:training_20s:8529bf849628055f,waymo,train,ok,-5.513040241929808,1.8331853095882593,1.2789769243681803e-13,4,4,7.105643890863298,-19.43856651212866,-12.618684132793106,LANE_SURFACE_STREET,False,True,False
waymo:training_20s:85395d718e5f685d,waymo,test,ok,-8.867942842117012,5.737361539276145,2.362554596402333e-13,5,3,44.43028191159633,50.167643450872475,60.65083743082829,LANE_SURFACE_STREET,False,True,True
waymo:training_20s:8564f4c5b3e30377,waymo,train,ok,-1.8312535189522303,5.5089198223431275,5.3290705182007514e-14,2,2,75.45852786992766,-83.97040666796404,-77.28978138887989,LANE_SURFACE_STREET,False,False,True
waymo:training_20s:85a307e32ac340d5,waymo,train,ok,-7.291380724984841,8.067826241176864,2.4868995751603507e-14,2,2,8.929055943147286,16.99688218432415,20.669701367236442,LANE_SURFACE_STREET,False,True,True
waymo:training_20s:85d0f545802e1a9a,waymo,train,ok,-2.924501457678301,2.9245034668371743,3.241851231905457e-13,1,1,,,,,False,True,True
waymo:training_20s:85f8f0d2824df5ef,waymo,train,ok,-1.6867206033977606,1.6608384999421857,1.1524114995609125e-13,2,2,85.17804000193782,86.83887850188,93.84578977116931,LANE_SURFACE_STREET,False,False,False
waymo:training_20s:85fb60c298939ae9,waymo,test,ok,-2.7730646094063602,2.773022877535941,3.2862601528904634e-14,2,1,69.5139141939234,72.28693707145933,98.43308328722466,LANE_SURFACE_STREET,False,True,True
waymo:training_20s:86090d7177b0aaa5,waymo,test,ok,-9.809487665365813,1.2629868019140453,1.2256862191861728e-13,3,2,82.23044626257611,-100.0,-92.03993392794192,LANE_SURFACE_STREET,False,True,False
waymo:training_20s:8629a6b75116c77e,waymo,train,ok,-1.9842465780401413,1.9842465777573453,9.814371537686384e-14,1,1,,,,,False,False,False
waymo:training_20s:8655d5319aa95e04,waymo,train,ok,-8.556959026570382,1.7917849204036589,1.1191048088221578e-13,3,3,24.982783068529486,26.774567988933143,34.094995533760056,LANE_SURFACE_STREET,False,True,False
waymo:training_20s:8673c0555960c7cd,waymo,train,ok,-1.8957330252175446,1.8923506645988952,6.461498003318411e-14,1,1,,,,,False,False,False
waymo:training_20s:86d26110607ff732,waymo,test,ok,-13.064902043403427,32.894738867000754,1.9539925233402755e-14,3,1,0.998318034642736,33.89305690164349,99.99628447095728,LANE_SURFACE_STREET,False,True,True
waymo:training_20s:86f507bb41372c0c,waymo,train,ok,-3.9643207251453325,3.9649442992885087,4.733990977001667e-13,3,3,30.079594006049827,34.044538305338335,41.61345876598756,LANE_SURFACE_STREET,True,True,True
waymo:training_20s:8703dd4b615cddfd,waymo,train,ok,-9.485237719255155,5.239852518326691,2.753353101070388e-13,2,2,56.727045405995945,61.96689792432264,69.51743209135904,LANE_SURFACE_STREET,False,True,True
waymo:training_20s:8711828f67658f8d,waymo,test,ok,-8.37141498485714,1.7140319442549286,2.842170943040401e-14,1,1,,,,,False,True,False
waymo:training_20s:8713a93abaaa5fa8,waymo,train,ok,-15.85098106966143,1.816282868385315,0.0,3,2,1.0634883976963465,2.8797712660816615,20.653780517464853,LANE_SURFACE_STREET,False,True,False
waymo:training_20s:871ffc7414a6d36,waymo,test,ok,-4.636395051383543,1.444923792860069,4.04121180963557e-14,3,2,6.9378267616397,-12.370587822739438,-11.574221813023243,LANE_SURFACE_STREET,False,True,False
waymo:training_20s:87354ab97a6077cd,waymo,train,ok,-5.633492737440395,4.944582350907637,3.552713678800501e-15,3,3,0.6700617467276935,-10.110711944404443,-6.303554484168089,LANE_SURFACE_STREET,False,True,True
waymo:training_20s:873ee2afe3bed8b6,waymo,test,ok,-5.791111659188758,1.9257629565241707,3.197442310920451e-14,4,4,41.588808370576515,-51.25785659442799,-47.37992002976527,LANE_SURFACE_STREET,False,True,False
waymo:training_20s:8745654abff05bdf,waymo,train,ok,-9.460493170986492,99.99999999999956,4.689582056016661e-13,1,1,,,,,False,True,True
waymo:training_20s:8774c04ad6bb0d78,waymo,train,ok,-6.971450597516837,14.034338095840411,1.5631940186722204e-13,4,2,2.621504938344385,-33.059543078293856,-9.592955535861222,LANE_SURFACE_STREET,False,True,True
waymo:training_20s:8781ad82ad14665b,waymo,validation,ok,-1.4382103691976011,55.186002246303715,1.865174681370263e-14,1,1,,,,,False,False,True
waymo:training_20s:878942147638429c,waymo,test,ok,-6.6413665957820935,1.6745549168186933,1.354472090042691e-14,2,1,74.40935958530878,76.08391450212747,84.45973400375152,LANE_SURFACE_STREET,False,True,False
waymo:training_20s:87b05b88eb55a1ad,waymo,train,ok,-3.8071895668094244,2.330650217922927,1.865174681370263e-14,3,1,66.42443716163174,-72.67653379192674,-70.23162672844117,LANE_SURFACE_STREET,False,True,False
waymo:training_20s:87db55a9a18a0079,waymo,train,ok,-1.8131321726029135,5.032296891884117,2.2093438190040615e-13,2,2,1.97009921979574,7.002396111679857,10.21541520601805,LANE_SURFACE_STREET,False,False,True
waymo:training_20s:882a3f170e8dd188,waymo,train,ok,-5.6353567297174285,11.061272081345958,4.3520742565306136e-14,1,1,,,,,False,True,True
waymo:training_20s:88519fdc5d1a3afa,waymo,test,ok,-1.9771131914273057,19.06383500070446,4.440892098500626e-13,1,1,,,,,False,False,True
waymo:training_20s:88a0de3df3a72dc7,waymo,train,ok,-3.1138696932706766,3.113868290199106,1.865174681370263e-14,2,1,36.66894930482961,-59.386842725387005,-39.78281899810029,LANE_SURFACE_STREET,False,True,True
waymo:training_20s:8921c3b375160c59,waymo,train,ok,-2.2711131638238737,2.271113169593561,1.412203687323199e-13,2,2,65.73048335977678,68.00159652937035,75.6679611009499,LANE_SURFACE_STREET,False,False,False
waymo:training_20s:8946c7ecffa8d88d,waymo,train,ok,-2.24362150801371,2.2446674305817065,7.549516567451064e-15,1,1,,,,,False,False,False
waymo:training_20s:895e5764b711c4ab,waymo,test,ok,-5.16634832586185,99.99999999999987,1.2789769243681803e-13,4,3,0.5778783199640687,-15.81583629818904,-5.744226645825918,LANE_SURFACE_STREET,False,True,True
waymo:training_20s:89bf9eabf9fd5788,waymo,train,ok,-4.898310121406851,3.729828212566387,2.149391775674303e-13,2,2,20.60726955450872,24.337097767075107,71.79999715553663,LANE_SURFACE_STREET,False,True,True
waymo:training_20s:89d23b5bd09d5096,waymo,test,ok,-99.95379696473421,1.4743820257987164,1.5987211554602254e-14,1,2,,,,,False,True,False
waymo:training_20s:89ed164c5c866f77,waymo,test,ok,-9.626375821555296,17.486735508208135,7.105427357601002e-15,5,5,1.4289721699128037,18.91570767812094,60.736925612350745,LANE_SURFACE_STREET,False,True,True
waymo:training_20s:89f3dd00805b2990,waymo,validation,ok,-5.6760671275537184,5.015568686529375,1.4566126083082054e-13,1,1,,,,,False,True,True
waymo:training_20s:8a5af38ae5ff9647,waymo,test,ok,-4.13953781673846,4.139524460588064,6.31494856406789e-13,2,2,91.85784496195984,95.9973694225479,100.00000000000122,LANE_SURFACE_STREET,False,True,True
waymo:training_20s:8a61539920e12ba1,waymo,train,ok,-3.072806245342112,3.0728065212989524,1.865174681370263e-14,2,2,0.04876088141047852,3.121567402709431,6.924302049521728,LANE_SURFACE_STREET,False,True,True
waymo:training_20s:8a73c81baa519819,waymo,train,ok,-5.902916797148611,1.658990838528342,2.3092638912203256e-14,4,4,52.20420864652711,-66.38895608101197,-58.10712544367572,LANE_SURFACE_STREET,False,True,False
waymo:training_20s:8a797db9154f27e1,waymo,test,ok,-8.923067614552174,94.79136513973982,3.836930773104541e-13,2,2,1.9950771605061917,-14.153872971635451,-10.918144775058366,LANE_SURFACE_STREET,False,True,True
waymo:training_20s:8aa3f1a47a5cd08e,waymo,test,ok,-13.700705276228325,100.00000000000021,2.1316282072803006e-13,1,1,,,,,False,True,True
waymo:training_20s:8ab5164067a81706,waymo,train,ok,-1.6800109209939713,1.6800107232494614,8.881784197001252e-15,2,1,26.40866053308347,28.08867125633293,63.883888912488175,LANE_SURFACE_STREET,False,False,False
waymo:training_20s:8ac9deca8d28f273,waymo,test,ok,-3.855744083843728,3.8557761258659133,1.1146639167236572e-13,1,1,,,,,False,True,True
waymo:training_20s:8af6a78dbd958d0b,waymo,validation,ok,-1.690359050148435,75.70757205668168,1.5631940186722204e-13,3,2,1.5105943541788303,-6.434251371572543,-3.200953404327265,LANE_SURFACE_STREET,False,False,True
waymo:training_20s:8afa4c6169d19788,waymo,train,ok,-8.862877259958951,1.6686399954609135,2.149391775674303e-13,6,5,14.513273157750048,-26.044150501247998,-23.376150417709,LANE_SURFACE_STREET,False,True,False
waymo:training_20s:8b07c8efbeed58ef,waymo,train,ok,-7.161519554897574,6.718125541461135,2.7533531010703882e-14,2,2,10.409524855759258,17.127650397220393,20.790191304122274,LANE_SURFACE_STREET,False,True,True
waymo:training_20s:8b59ee400dc240a1,waymo,train,ok,-1.9086474007510716,7.165543664617314,5.3290705182007514e-14,1,1,,,,,False,False,True
waymo:training_20s:8b91b91fb6014bb4,waymo,test,ok,-2.5708812802859473,2.5708772406995304,9.992007221626409e-14,2,2,44.639304332605555,-100.0,-47.2101856128915,LANE_SURFACE_STREET,False,False,False
waymo:training_20s:8b9e8f0aa3bb86b8,waymo,train,ok,-3.666624202517831,3.666602463262795,2.0872192862952943e-14,4,1,7.011418554511501,-20.915862094577477,-10.678042757029331,LANE_SURFACE_STREET,False,True,True
waymo:training_20s:8baa55c4f5d350e1,waymo,train,ok,-8.743532190075536,1.7278914176089413,8.779643678735738e-13,2,2,34.20923653242717,-63.73425132538129,-42.952768722502704,LANE_SURFACE_STREET,False,True,False
waymo:training_20s:8bfabd476baeea72,waymo,train,ok,-3.4302097091804225,3.4301651564367077,4.973799150320701e-14,2,1,79.35230609871039,-100.0,-82.7825158078908,LANE_SURFACE_STREET,False,True,True
waymo:training_20s:8c212b82e3482f9a,waymo,train,ok,-4.621803837377649,4.62180174783557,2.2115642650533118e-13,2,2,48.47756333153914,53.09936507937471,60.22426720840173,LANE_SURFACE_STREET,False,True,True
waymo:training_20s:8c3d09d7ca4bbb16,waymo,validation,ok,-14.995502697114027,2.0120164736221717,5.3290705182007514e-14,3,1,3.2735907574582157,-32.96606833786868,-18.269093454572243,LANE_SURFACE_STREET,False,True,False
waymo:training_20s:8c57df7c3ee5f85a,waymo,test,ok,-1.8127436852582424,8.103013544518431,3.019806626980426e-14,1,1,,,,,False,False,True
waymo:training_20s:8c5c2e38fa2ff522,waymo,train,ok,-3.0539152228365314,3.053950045423827,1.9539925233402755e-14,3,2,70.66261233788744,73.71656238331127,79.53908873838907,LANE_SURFACE_STREET,False,True,True
waymo:training_20s:8c5f5eae00d416e5,waymo,train,ok,-20.791259961848976,27.201801516225242,3.552713678800501e-15,2,2,58.41788025908386,-86.19280189978556,-79.20914022093284,LANE_SURFACE_STREET,False,True,True
waymo:training_20s:8c699dc3b5153867,waymo,train,ok,-4.151392236997688,13.781238130857428,1.7763568394002505e-14,1,1,,,,,False,True,True
waymo:training_20s:8c77bcd97f5fdf0f,waymo,train,ok,-1.9642082344313592,5.516132748787826,7.66053886991358e-14,2,2,59.57242480782641,65.08855755661423,71.53298263325988,LANE_SURFACE_STREET,False,False,True
waymo:training_20s:8ccc8426fc0f7afe,waymo,test,ok,-1.6422835117045484,8.499716578175091,1.794120407794253e-13,2,2,49.00260051646634,-57.8341641934111,-50.644884028170885,LANE_SURFACE_STREET,False,False,True
waymo:training_20s:8cfc4378c73de51a,waymo,train,ok,-8.486692148700005,8.495939231286352,8.171241461241152e-14,2,2,28.729134511951447,-100.0,-37.21582666065145,LANE_SURFACE_STREET,False,True,True
waymo:training_20s:8d054dee8529e2f4,waymo,test,ok,-8.574942976909846,1.8995455412646676,2.398081733190338e-14,2,2,1.490259992576405,-15.120095335677746,-10.06520296948625,LANE_SURFACE_STREET,False,True,False
waymo:training_20s:8d379299a3eb4cc6,waymo,validation,ok,-2.3632050816267864,6.124917102630573,3.113065361048939e-13,1,1,,,,,False,False,True
waymo:training_20s:8d3c7e9794b5b4c8,waymo,train,ok,-4.8072822402452715,5.090752876549922,1.7852386235972517e-13,3,3,0.7036668153414496,-9.597145345249942,-5.510949055586721,LANE_SURFACE_STREET,False,True,True
waymo:training_20s:8d3d6365ca47a4e5,waymo,train,ok,-8.723521132769045,2.16958854126682,1.936228954946273e-13,3,2,0.14927596625478223,-11.747292610896949,-8.872797099023828,LANE_SURFACE_STREET,False,True,False
waymo:training_20s:8d4effa1c32fe6bf,waymo,train,ok,-5.418384907659562,1.7123901878600958,1.092459456231154e-13,2,1,19.825200031541783,21.537590219401878,43.944366723376106,LANE_SURFACE_STREET,False,True,False
waymo:training_20s:8d6c907f6bc7f10f,waymo,test,ok,-3.6853053568195357,3.6853055535744654,1.4654943925052066e-14,2,2,78.65527992900908,82.34058548258355,90.5954021040917,LANE_SURFACE_STREET,False,True,True
waymo:training_20s:8da73f5cc6a07772,waymo,train,ok,-8.459862487422166,5.652529129369887,4.796163466380676e-14,3,1,55.615300537567386,-100.0,-64.07516302498955,LANE_SURFACE_STREET,False,True,True
waymo:training_20s:8dd14bb6cc1f479,waymo,train,ok,-2.1788427926763796,6.1753512407411,2.1538326677728037e-13,1,1,,,,,False,False,True
waymo:training_20s:8df645dde1108625,waymo,validation,ok,-8.394349204435398,44.85245077539855,6.252776074688882e-13,1,1,,,,,False,True,True
waymo:training_20s:8e0fd8dbd4974e58,waymo,train,ok,-1.637187909528892,9.062609825275258,5.5067062021407764e-14,3,3,26.5910490973845,35.65365892265976,41.213978302612105,LANE_SURFACE_STREET,False,False,True
waymo:training_20s:8efa72d89b3a3617,waymo,train,ok,-8.180334354956148,17.337185561537723,1.4210854715202004e-14,4,3,1.2876379597641225,-12.725621526863236,-9.46797231472027,LANE_SURFACE_STREET,False,True,True
waymo:training_20s:8f12cc6bc67f8034,waymo,test,ok,-25.03054116560859,14.32683324362644,1.0658141036401503e-13,5,7,32.926600879172376,-67.83413813379042,-57.957142044780966,LANE_SURFACE_STREET,False,True,True
waymo:training_20s:8f229d6f2749035f,waymo,train,ok,-6.0529051429637635,9.300467578363746,9.414691248821327e-14,2,1,49.70048305703059,59.00095063539433,61.08942516933914,LANE_SURFACE_STREET,False,True,True
waymo:training_20s:8f499f6c23bcbe3f,waymo,train,ok,-3.4929866613459937,11.611568680788764,2.1316282072803006e-13,4,4,0.5585109169265521,-4.702848741643095,-4.051497578272546,LANE_SURFACE_STREET,True,True,True
waymo:training_20s:8f9313bdfaabd5a4,waymo,train,ok,-2.0625666765016404,5.180632900200627,1.056932319443149e-13,3,3,74.27503058355076,79.45566348375138,86.92782249015036,LANE_SURFACE_STREET,False,False,True
waymo:training_20s:8fcbf9b9acb900e0,waymo,test,ok,-13.922376706293756,8.902420198792832,7.638334409421077e-14,1,1,,,,,False,True,True
waymo:training_20s:8fe6419ced36f220,waymo,train,ok,-2.3500981693550784,14.920121938471935,2.2737367544323206e-13,3,3,21.565739824074114,36.48586176254605,40.962781098031456,LANE_SURFACE_STREET,False,False,True
waymo:training_20s:8ffdd11554b0e98b,waymo,train,ok,-8.418293628033167,8.776899589795123,4.440892098500626e-14,1,1,,,,,False,True,True
waymo:training_20s:901221bdd2a98494,waymo,validation,ok,-3.0935693182340724,3.0998246478273277,2.682298827494378e-13,3,3,7.103274986349222,-19.024583540957153,-10.196844304583294,LANE_SURFACE_STREET,False,True,True
waymo:training_20s:906bb0ea9c719f69,waymo,test,ok,-8.315455533101352,1.6684122583392766,8.215650382226158e-14,2,2,14.27718923536313,-27.548406037449567,-22.59264476846448,LANE_SURFACE_STREET,False,True,False
waymo:training_20s:9085c30c261344bb,waymo,train,ok,-18.23021731443978,90.67793384931875,5.684341886080802e-14,2,2,55.9553044388427,-79.30251919800526,-74.18552175328249,LANE_SURFACE_STREET,False,True,True
waymo:training_20s:90d0d176d789e905,waymo,train,ok,-15.707359378107867,1.8162753582000732,1.4210854715202004e-14,5,2,1.0757896291697762,2.8920649873698494,20.213555051198455,LANE_SURFACE_STREET,False,True,False
waymo:training_20s:90e4fb47ce4fa58,waymo,train,ok,-5.5550861246002325,2.373386627277905,4.440892098500626e-15,1,1,,,,,False,True,False
waymo:training_20s:90f22af36022f3e1,waymo,test,ok,-4.926053665448554,8.612969297833217,1.4210854715202004e-13,4,2,53.008669524396936,61.62163882223015,76.9127420936874,LANE_SURFACE_STREET,False,True,True
waymo:training_20s:90f46604b86ab17c,waymo,train,ok,-8.58918417515838,1.8610561183363437,2.19824158875781e-14,1,1,,,,,False,True,False
waymo:training_20s:90ff3225b2265765,waymo,train,ok,-3.309738067725684,3.040995671970579,8.881784197001252e-15,2,2,71.2450641459451,-79.75348158540598,-74.55480221367078,LANE_SURFACE_STREET,False,True,True
waymo:training_20s:911da3fad0bb458,waymo,test,ok,-5.253312727319129,16.57060525074598,1.1546319456101628e-13,3,3,6.959105433815498,23.52971068456148,27.998839152975847,LANE_SURFACE_STREET,False,True,True
waymo:training_20s:917c0972a25f82b7,waymo,test,ok,-16.483473974373524,11.568404744385568,7.105427357601002e-15,5,2,55.86248572270394,-80.08688874985636,-72.34595969707746,LANE_SURFACE_STREET,False,True,True
waymo:training_20s:919b9dff69c22c0a,waymo,train,ok,-1.5083457912662654,1.50834725245074,4.192202140984591e-13,1,1,,,,,False,False,False
waymo:training_20s:91b126e3d49a5af,waymo,train,ok,-3.9892632525933784,6.561354547345569,2.5934809855243657e-13,2,1,5.919026675493338,-25.300022173978718,-9.908289928086717,LANE_SURFACE_STREET,False,True,True
waymo:training_20s:91d4de8e81a45901,waymo,train,ok,-2.93179641297219,2.8984985335840996,3.5207392556912964e-12,2,2,4.090368309970231,-10.428892710804334,-7.022164722942421,LANE_SURFACE_STREET,False,True,True
waymo:training_20s:91ffddadc6a77215,waymo,validation,ok,-1.8069249352346404,4.726236340108285,7.283063041541027e-14,3,3,78.06080542724479,-86.50042464490078,-79.86773036247943,LANE_SURFACE_STREET,False,False,True
waymo:training_20s:921f091628e40364,waymo,test,ok,-4.300960994681439,4.300960994725868,7.105427357601002e-15,2,1,69.05453271495071,-78.35598296816872,-73.35549370963214,LANE_SURFACE_STREET,False,True,True
waymo:training_20s:923123540b470ad3,waymo,train,ok,-1.717250031248565,66.95218307166317,3.1086244689504383e-15,2,2,63.799808932859605,-72.36864944727537,-65.51705896410817,LANE_SURFACE_STREET,False,False,True
waymo:training_20s:92350ac4b95712ea,waymo,test,ok,-8.315643812720783,6.133664172325539,4.618527782440651e-14,2,2,37.84517767545982,43.97884184778536,49.741683311912965,LANE_SURFACE_STREET,False,True,True
waymo:training_20s:9244699dd7d8bd85,waymo,test,ok,-1.8086751997859567,12.749193512587834,5.240252676230739e-14,5,3,39.50519716720514,52.25439067979298,58.95117236597579,LANE_SURFACE_STREET,False,False,True
waymo:training_20s:9253e23e90ffe41,waymo,test,ok,-1.991836005826966,9.474225576139629,2.4424906541753444e-15,4,4,28.037985726615222,-43.102616788171844,-30.029821732442187,LANE_SURFACE_STREET,False,False,True
waymo:training_20s:92953a924d5b2243,waymo,test,ok,-5.694566827158637,1.923879369406182,5.906386491005833e-14,2,2,47.18663165944655,49.11051102885273,59.37086214165328,LANE_SURFACE_STREET,False,True,False
waymo:training_20s:92df49fee4ccf1f0,waymo,train,ok,-9.41078416267173,1.7300819987435312,2.255973186038318e-13,7,4,0.2931953004215706,2.023277299165102,25.904206095192833,LANE_SURFACE_STREET,False,True,False
waymo:training_20s:937d13baefa19733,waymo,train,ok,-10.36814892541072,15.597705249377977,1.8118839761882555e-13,1,1,,,,,False,True,True
waymo:training_20s:939c487d55112e,waymo,test,ok,-1.5245931658768892,1.9149232306341681,1.2301271112846734e-13,2,2,94.55309764058683,96.468020871221,99.99999999999991,LANE_SURFACE_STREET,False,False,False
waymo:training_20s:93a4ff3a9fb36950,waymo,train,ok,-2.8420243207770963,2.842026911912384,2.8466118351389014e-13,3,1,4.252416627166074,-25.899782837849315,-7.09444094794317,LANE_SURFACE_STREET,False,True,True
waymo:training_20s:93c0b734407595e4,waymo,train,ok,-4.04667130606834,4.046773046081265,8.57980353430321e-13,1,1,,,,,False,True,True
waymo:training_20s:93d5c11afc01a56b,waymo,train,ok,-2.0219779934614417,2.021977993462351,2.3359092438113294e-13,1,1,,,,,False,False,False
waymo:training_20s:93dbeddb6697c60d,waymo,test,ok,-3.085857800419128,73.24712768831819,2.842170943040401e-14,1,1,,,,,False,True,True
waymo:training_20s:93e66a49650802dd,waymo,train,ok,-9.10572639562344,11.392631660783449,1.2434497875801753e-14,1,1,,,,,False,True,True
waymo:training_20s:93f69b2e9993f5bd,waymo,train,ok,-2.0225648837170285,2.022564883715451,1.234568003383174e-13,10,6,7.606116653778041,-10.508563993876109,-9.62868153749507,LANE_SURFACE_STREET,False,False,False
waymo:training_20s:93f7e25dd3e5d93e,waymo,test,ok,-8.320561198528017,1.7072559561681688,1.3988810110276972e-14,2,2,1.8520095457515087,-14.404100924420106,-10.172570744279525,LANE_SURFACE_STREET,False,True,False
waymo:training_20s:9409bd01f51d3453,waymo,train,ok,-2.8068250646752553,4.839929431671564,9.947598300641403e-14,1,1,,,,,False,True,True
waymo:training_20s:942e3964527e5e5b,waymo,train,ok,-4.048497107280464,4.048498911290035,2.886579864025407e-13,3,3,84.114393132196,88.16289204348604,100.00000000000057,LANE_SURFACE_STREET,False,True,True
waymo:training_20s:9456817893ad6572,waymo,train,ok,-98.28501008801452,98.27902803929132,2.1316282072803006e-13,1,1,,,,,False,True,True
waymo:training_20s:9473dddf2dfa0325,waymo,validation,ok,-1.8477898037859408,8.567436481426181,2.6756374893466273e-13,2,2,1.4576609265618028,-6.974275742201428,-3.3054507303477436,LANE_SURFACE_STREET,False,False,True
waymo:training_20s:9495bd95f4c52b09,waymo,test,ok,-7.473355336686941,2.07548051623964,7.993605777301127e-14,2,2,73.4207033796625,-100.0,-80.89405871634943,LANE_SURFACE_STREET,False,True,False
waymo:training_20s:94b2688e59035c65,waymo,train,ok,-8.31292367547582,52.94660189396175,1.509903313490213e-13,5,4,1.6157046151003929,-13.474855789481452,-9.928628290576214,LANE_SURFACE_STREET,False,True,True
waymo:training_20s:94e0b575136f8f28,waymo,train,ok,-1.9202831838780585,1.9202849596917013,1.4432899320127035e-13,1,1,,,,,False,False,False
waymo:training_20s:950efa17d746167e,waymo,train,ok,-1.9386061102296783,19.363651150627263,3.552713678800501e-13,1,1,,,,,False,False,True
waymo:training_20s:95257f80390d0637,waymo,test,ok,-3.7293540553240785,4.470924695155323,4.440892098500626e-15,5,2,6.573586759566725,-21.533236860302935,-10.302940814890803,LANE_SURFACE_STREET,False,True,True
waymo:training_20s:9557cb00f580b12c,waymo,train,ok,-6.7594562355217205,25.01765412244377,4.618527782440651e-14,3,4,1.1114111426392599,-8.40191931562697,-7.87086737816098,LANE_SURFACE_STREET,False,True,True
waymo:training_20s:95bc2bbbb70b2a50,waymo,train,ok,-5.904587633120234,9.207402145900518,2.318145675417327e-13,3,3,53.384275244314466,62.59167739021498,62.66721625487273,LANE_SURFACE_STREET,False,True,True
waymo:training_20s:95f0dce86f59cdc8,waymo,test,ok,-1.601347471050693,4.714501333625622,4.085620730620576e-14,2,2,25.078461629970903,29.792962963596523,33.733305469934606,LANE_SURFACE_STREET,False,False,True
waymo:training_20s:96083bfdd9a252b3,waymo,train,ok,-6.93738839149013,5.009687988198955,8.43769498715119e-14,2,2,44.37942810645643,-58.96667622815556,-51.31681649794656,LANE_SURFACE_STREET,False,True,True
waymo:training_20s:9625f02f2edf48e0,waymo,train,ok,-1.916512330902022,9.311107530200033,1.1257661469699087e-13,2,2,10.41123493224758,19.722342462447614,19.840296044007886,LANE_SURFACE_STREET,False,False,True
waymo:training_20s:96420deb4741df5,waymo,test,ok,-5.500349778727075,4.9960367804097645,8.553158181712206e-13,2,2,0.7573535393476147,-9.692775209816674,-6.2577033180746895,LANE_SURFACE_STREET,False,True,True
waymo:training_20s:965d9093a6e097be,waymo,train,ok,-2.37632140145241,3.3685780335356474,9.325873406851315e-14,1,1,,,,,False,False,True
waymo:training_20s:96e8c7b541df9d43,waymo,train,ok,-3.5743709373376484,3.5746806820081187,1.907363156306019e-12,2,2,54.21699757171003,-65.10604655234908,-57.79136850904768,LANE_SURFACE_STREET,False,True,True
waymo:training_20s:96f318f1f84a00b0,waymo,train,ok,-2.059510122771106,6.454183737821929,9.325873406851315e-15,2,2,51.80749110483432,58.26167484265625,63.292145794856765,LANE_SURFACE_STREET,False,False,True
waymo:training_20s:970ff6c44a009c64,waymo,validation,ok,-4.769331551806464,9.375546903859233,1.1191048088221578e-13,2,2,78.7383671653242,88.11391406918344,96.42828315222752,LANE_SURFACE_STREET,False,True,True
waymo:training_20s:971940a54560de0f,waymo,train,ok,-3.708564963464253,3.7085855106264596,6.217248937900877e-13,3,2,55.79777725123308,-65.60895937819652,-59.506342214697334,LANE_SURFACE_STREET,False,True,True
waymo:training_20s:973874e2c9b7971c,waymo,test,ok,-6.462185323755981,1.862072733495002,4.929390229335695e-13,1,1,,,,,False,True,False
waymo:training_20s:973b5bc2b7fbea7b,waymo,train,ok,-3.8040074684745924,3.717041381428615,5.684341886080802e-14,2,2,58.903827049188365,62.62086843061698,70.67103210670788,LANE_SURFACE_STREET,False,True,True
waymo:training_20s:974d4e0aff470122,waymo,test,ok,-3.4607035275253297,3.535641876247147,5.062616992290714e-14,3,3,76.46005773292568,79.99569960917282,89.90664425060748,LANE_SURFACE_STREET,False,True,True
waymo:training_20s:9788651373eb207,waymo,train,ok,-9.58963109625731,5.925655150295842,5.506706202140776e-13,4,4,6.8230694911421175,12.74872464143796,16.553319625607102,LANE_FREEWAY,False,True,True
waymo:training_20s:97e2b309000c317a,waymo,train,ok,-10.967312309167799,3.1617031817369825,4.618527782440651e-14,3,1,37.65519765183595,40.81690083357293,71.63052144779135,LANE_SURFACE_STREET,False,True,True
waymo:training_20s:982d8c6be4e57b11,waymo,test,ok,-6.042115904620187,7.682433444106134,4.5208281562736374e-13,4,4,30.38224164082065,-44.34504716252695,-36.424357545440834,LANE_SURFACE_STREET,False,True,True
waymo:training_20s:9839d0a415312e60,waymo,train,ok,-1.9836750534117118,2.0345728290640492,5.950795411990839e-14,2,2,4.796197312790537,6.830770141854586,16.18388328992819,LANE_SURFACE_STREET,False,False,False
waymo:training_20s:9889db42793a9f7e,waymo,test,ok,-4.046894765629425,4.382592084927725,7.37188088351104e-14,5,5,2.353172518361885,6.73576460328961,34.006252859181046,LANE_SURFACE_STREET,False,True,True
waymo:training_20s:989fcedfee759b0e,waymo,train,ok,-5.7215611914533895,1.8899333275261148,4.263256414560601e-14,1,1,,,,,False,True,False
waymo:training_20s:98aca1e4fa805765,waymo,test,ok,-8.198886346582217,64.26745054075866,5.648814749292796e-13,3,3,12.227661505606022,76.49511204636468,83.69967846418291,LANE_SURFACE_STREET,False,True,True
waymo:training_20s:98ad3a02da070437,waymo,test,ok,-1.793037036660279,7.672963860407895,1.0058620603103918e-13,2,2,81.26354532243957,88.93650918284746,97.77808497448277,LANE_SURFACE_STREET,False,False,True
waymo:training_20s:98b2432bbdfebaa1,waymo,train,ok,-4.166772777885414,4.898999349389691,5.195843755245733e-13,1,1,,,,,False,True,True
waymo:training_20s:98e9d12fc5e0f936,waymo,test,ok,-8.24579037010724,48.4034471969028,2.8066438062523957e-13,5,2,1.2035791502799107,-12.731310291537568,-9.449369520387151,LANE_SURFACE_STREET,False,True,True
waymo:training_20s:98f98087a1d3c1ed,waymo,test,ok,-3.46672868707406,3.4667286874255803,1.7719159473017498e-13,1,1,,,,,False,True,True
waymo:training_20s:98fae91d285e454f,waymo,train,ok,-8.920984669409368,1.6787832039268817,6.927791673660977e-14,1,1,,,,,False,True,False
waymo:training_20s:98fdec9c417f76b2,waymo,train,ok,-2.46016327598474,2.460210376550315,1.2745360322696797e-13,2,2,71.25993671660092,73.72014709315124,79.08832515909648,LANE_SURFACE_STREET,False,False,False
waymo:training_20s:9900088f58004d1b,waymo,train,ok,-6.608054489346699,99.99999999999972,2.984279490192421e-13,1,1,,,,,False,True,True
waymo:training_20s:99478f5ddce5dcdd,waymo,test,ok,-3.3148845971290766,3.314881818964714,1.1102230246251565e-14,1,1,,,,,False,True,True
waymo:training_20s:994b8dccf07cad8f,waymo,test,ok,-9.66885934993046,23.851196308064157,3.872457909892546e-13,1,1,,,,,False,True,True
waymo:training_20s:9980d324a4560459,waymo,validation,ok,-9.333583606521001,28.51374104964499,7.105427357601002e-14,6,5,2.3229305223488996,-19.793422199641157,-11.656514128869901,LANE_SURFACE_STREET,False,True,True
waymo:training_20s:99febdf3bd786928,waymo,test,ok,-5.343642860512853,1.7851877035238273,8.881784197001252e-15,2,2,0.4656871019484372,2.2508748054722645,5.436859276015738,LANE_SURFACE_STREET,False,True,False
waymo:training_20s:9a263b7f9d20fc96,waymo,train,ok,-9.00477677632989,30.130928991336987,0.0,4,1,3.088593383850821,33.21952237518781,67.15116230588683,LANE_SURFACE_STREET,False,True,True
waymo:training_20s:9a2846d370775f7d,waymo,test,ok,-6.245075754770178,5.567682680679534,3.730349362740526e-14,1,1,,,,,False,True,True
waymo:training_20s:9a2aee18d1ce8eb3,waymo,test,ok,-4.785302023348261,5.095743134180812,2.1760371282653068e-13,5,4,0.7344682966656348,5.830211430846447,8.897898988662476,LANE_SURFACE_STREET,False,True,True
waymo:training_20s:9a4858c915d20920,waymo,train,ok,-10.231790637080826,1.5728132081096637,5.329070518200751e-15,2,2,45.071287674366644,-63.389522196588494,-55.30307831144747,LANE_SURFACE_STREET,False,True,False
waymo:training_20s:9aa584dd2bb7fb68,waymo,test,ok,-5.053661622050319,5.099605248143314,3.7836400679225335e-13,2,2,0.279316269930467,5.378921518073781,90.6145920931931,LANE_SURFACE_STREET,False,True,True
waymo:training_20s:9acd71a7ae2ba360,waymo,train,ok,-8.100809531753486,1.740421687907778,1.3344880755994382e-13,6,6,0.18592502071270745,1.9263467086204855,31.52054468027694,LANE_SURFACE_STREET,False,True,False
waymo:training_20s:9ad9ae75258f4bc2,waymo,train,ok,-1.8039146324621957,9.301838066023219,7.061018436615996e-14,2,2,53.679566655727996,-64.07676099060414,-55.48348128819019,LANE_SURFACE_STREET,False,False,True
waymo:training_20s:9ad9fca5ce64c46d,waymo,validation,ok,-10.285555973556294,5.181905703852047,1.794120407794253e-13,1,1,,,,,False,True,True
waymo:training_20s:9b63b360bb518641,waymo,validation,ok,-5.583012383661503,12.85752071029222,7.300826609935029e-13,4,3,9.884923176769997,-21.35709062687785,-15.4679355604315,LANE_SURFACE_STREET,False,True,True
waymo:training_20s:9ba11b6a5302d38f,waymo,train,ok,-3.0577440612572446,3.0577743467719225,1.0791367799356522e-13,3,3,20.52118550030965,-29.148866894735548,-23.578929561566895,LANE_SURFACE_STREET,False,True,True
waymo:training_20s:9bb0db03c7e66a8d,waymo,validation,ok,-9.116582399101539,1.7571953537153273,6.639133687258436e-14,1,1,,,,,False,True,False
waymo:training_20s:9bb2c0f900635b9a,waymo,train,ok,-6.214362330755112,60.154192760214514,2.7000623958883807e-13,2,1,35.511173395504755,-50.13393971285964,-41.725535726259864,LANE_SURFACE_STREET,False,True,True
waymo:training_20s:9bf7ab9780596958,waymo,train,ok,-1.8515470931399165,1.822176551403692,1.8762769116165146e-13,1,1,,,,,False,False,False
waymo:training_20s:9c0a0d9ea107cdda,waymo,train,ok,-8.869281741087546,5.475319759455401,1.2434497875801753e-14,1,1,,,,,False,True,True
waymo:training_20s:9c17492ed01320f8,waymo,train,ok,-5.109869226001221,11.158870442871565,3.730349362740526e-14,5,5,1.2522431314696139,-9.842671983750648,-6.362112357470835,LANE_SURFACE_STREET,False,True,True
waymo:training_20s:9c563d10e828c25,waymo,test,ok,-2.1130123596807735,95.82284682733959,6.394884621840902e-14,2,2,1.54825172465155,97.37109855199114,100.00000000000009,LANE_SURFACE_STREET,False,False,True
waymo:training_20s:9cccdf7d7b210411,waymo,test,ok,-1.3977117141942312,4.315253898560806,5.329070518200751e-15,4,2,4.479246977911543,-7.840142032437541,-5.876958692105774,LANE_SURFACE_STREET,False,False,True
waymo:training_20s:9ced5a42e39052ff,waymo,train,ok,-15.626645975785454,3.7024838581372594,1.1102230246251565e-14,7,5,0.054094445314799344,-16.35534002820917,-15.680740421100253,LANE_SURFACE_STREET,False,True,True
waymo:training_20s:9d2f909b049a30cc,waymo,test,ok,-1.8484122595608248,5.302873468955665,4.2810199829546036e-13,3,3,34.0905965601206,39.39347002907627,46.88273103632693,LANE_SURFACE_STREET,False,False,True
waymo:training_20s:9d394ae6b067aab0,waymo,validation,ok,-3.9072040895036024,51.801109885988,2.5002222514558525e-13,5,5,2.38423913004614,54.18534901603414,95.62498136017135,LANE_SURFACE_STREET,False,True,True
waymo:training_20s:9d431b4bc7f8648c,waymo,train,ok,-3.6342841812342286,3.634289264455668,2.220446049250313e-14,1,1,,,,,False,True,True
waymo:training_20s:9d4a817f0014e8ae,waymo,test,ok,-5.008067459335904,4.804811094457217,9.769962616701378e-15,1,1,,,,,False,True,True
waymo:training_20s:9d696b189b230cd6,waymo,train,ok,-5.157791631690337,8.78623162636481,1.8474111129762605e-13,2,2,75.69217972346775,84.47841134983256,91.38017481450296,LANE_SURFACE_STREET,False,True,True
waymo:training_20s:9d8288839fc13423,waymo,test,ok,-8.378746280343083,14.708918143356811,2.1671553440683056e-13,4,5,1.3304883517309314,-13.14994927546347,-9.709234632074015,LANE_SURFACE_STREET,False,True,True
waymo:training_20s:9dd4ef87bfd6940a,waymo,validation,ok,-4.228451726518673,3.688659564810494,5.773159728050814e-14,4,3,17.33898458479005,-36.0037764750402,-21.567436311308725,LANE_SURFACE_STREET,False,True,True
waymo:training_20s:9de71a9cf126d698,waymo,train,ok,-1.6428057762142716,1.6428058571369564,4.9960036108132044e-14,2,1,11.75386033755813,13.396666194695086,17.057118737610793,LANE_SURFACE_STREET,True,False,False
waymo:training_20s:9dea428ace879ae3,waymo,validation,ok,-3.943761506977111,3.943721110987928,5.329070518200751e-15,1,1,,,,,False,True,True
waymo:training_20s:9dfbec14a5aa4059,waymo,train,ok,-2.0819487082159336,4.855955617996133,9.681144774731365e-14,1,1,,,,,False,False,True
waymo:training_20s:9e00926f926ec7e1,waymo,test,ok,-4.891369128684737,1.7367809770276366,4.973799150320701e-14,1,1,,,,,False,True,False
waymo:training_20s:9e03bbad25f6feb9,waymo,train,ok,-5.0676688532283505,36.06452760978276,9.947598300641403e-14,4,4,1.7829241806105545,-10.409356291892621,-6.850593033838905,LANE_SURFACE_STREET,False,True,True
waymo:training_20s:9e55e622850e2905,waymo,train,ok,-2.509518433632469,2.5102192373935353,2.233768725545815e-13,3,2,17.53796555334214,20.048184790735675,23.74887080228885,LANE_SURFACE_STREET,False,False,False
waymo:training_20s:9e72c25096500e81,waymo,train,ok,-6.813837018121255,1.6061308050942376,6.394884621840902e-14,2,2,0.6612631642764271,-7.594484950442663,-7.475100182397682,LANE_SURFACE_STREET,False,True,False
waymo:training_20s:9e736f90b3b387d8,waymo,train,ok,-42.8050257279863,29.270935029702045,7.105427357601002e-14,2,1,45.314348844479134,-95.2860347813064,-88.11937457246543,LANE_FREEWAY,False,True,True
waymo:training_20s:9e8586f54e56311e,waymo,train,ok,-3.9613275210481813,3.961456736954733,6.910028105266974e-13,1,1,,,,,False,True,True
waymo:training_20s:9e95700888cc3baa,waymo,train,ok,-4.028247344652275,4.027990377525748,1.9539925233402755e-14,2,2,88.80938086098672,92.83737123851247,100.00000000000003,LANE_SURFACE_STREET,False,True,True
waymo:training_20s:9ea0f7e5d7e78206,waymo,train,ok,-5.690112811245202,6.420166855563076,1.2434497875801753e-14,1,1,,,,,False,True,True
waymo:training_20s:9eac85e492657003,waymo,train,ok,-5.780953007506141,2.725130069178645,4.1744385725905886e-14,2,2,48.20667900541051,50.931809074589154,61.05470625504631,LANE_SURFACE_STREET,False,True,True
waymo:training_20s:9ec2ae895742b059,waymo,test,ok,-3.609714877201739,3.6095971649320364,1.4210854715202004e-13,2,1,23.276077891178634,26.88567505611067,55.921460890322095,LANE_SURFACE_STREET,False,True,True
waymo:training_20s:9ec7f7a35155adcb,waymo,train,ok,-8.434053378544379,27.5298550685697,1.5987211554602254e-13,2,2,65.91411357127726,93.44396863984696,99.60614805006537,LANE_SURFACE_STREET,False,True,True
waymo:training_20s:9edcc96951f8ca9f,waymo,test,ok,-2.061267590101262,18.248208221603758,3.8191672047105385e-14,1,1,,,,,False,False,True
waymo:training_20s:9ee013f54fdbfaba,waymo,train,ok,-1.9842468500137656,1.9842468500137656,9.525713551283843e-14,1,1,,,,,False,False,False
waymo:training_20s:9ef2efd8d9f2fb5f,waymo,train,ok,-2.765647128005776,65.86054301175444,4.263256414560601e-14,4,4,25.898663700712817,91.75920671246726,97.68134968759142,LANE_SURFACE_STREET,False,True,True
waymo:training_20s:9ef8d987cb883e2e,waymo,test,ok,-4.614560443620714,1.5480668225128267,7.505107646466058e-14,3,3,33.60554675707047,-62.720687906655364,-38.22010720069119,LANE_SURFACE_STREET,False,True,False
waymo:training_20s:9f1b46f044f66773,waymo,train,ok,-8.849795012104243,4.994891322668871,2.3359092438113294e-13,4,3,53.112829230815386,58.107720553484256,73.83669814803437,LANE_SURFACE_STREET,False,True,True
waymo:training_20s:9f27bdfb3505b70c,waymo,train,ok,-3.6641383377921364,3.6641360452085183,1.5409895581797173e-13,1,1,,,,,False,True,True
waymo:training_20s:9f8199d23d79bef8,waymo,test,ok,-4.732339616442072,5.027876780777978,1.7763568394002505e-14,1,1,,,,,False,True,True
waymo:training_20s:9fb4890cedf71a6c,waymo,train,ok,-4.146656884599382,12.306951294288664,5.5067062021407764e-14,1,1,,,,,False,True,True
waymo:training_20s:9fc507edc4a6dbe4,waymo,test,ok,-5.1828156318599286,7.480432227534678,9.769962616701378e-15,3,2,1.728145200812075,-10.555406430085085,-6.910960832672004,LANE_SURFACE_STREET,False,True,True
waymo:training_20s:9fc7ea77e6f51de5,waymo,test,ok,-9.967754219972369,99.99999999999999,1.4210854715202004e-14,1,1,,,,,False,True,True
waymo:training_20s:9fe58a8e216808fa,waymo,test,ok,-14.774163494195871,6.633170491813733,7.496225862269057e-13,4,4,33.618114310130636,40.251284801944365,46.00091963061462,LANE_SURFACE_STREET,False,True,True
waymo:training_20s:a003a49610e14a28,waymo,train,ok,-5.189463191971827,13.862089149288927,6.394884621840902e-14,1,1,,,,,False,True,True
waymo:training_20s:a0107f0295e1b224,waymo,train,ok,-3.5328715950755427,3.5360835093976033,2.788880237858393e-13,4,5,32.948886036392956,36.48496954579056,55.47540447716679,LANE_SURFACE_STREET,False,True,True
waymo:training_20s:a03731f55baedde6,waymo,train,ok,-2.9207988372516906,30.57061140844475,2.398081733190338e-14,1,1,,,,,False,True,True
waymo:training_20s:a055ca3de5ec818,waymo,train,ok,-8.8661202869544,11.372584142653373,6.412648190234904e-13,3,3,46.16753598624731,-100.0,-55.03365627320171,LANE_SURFACE_STREET,False,True,True
waymo:training_20s:a094a4255deebd31,waymo,test,ok,-4.817220457282601,5.876391611681794,7.824851877558103e-13,3,3,19.09826773422074,-29.137879452439407,-23.915488191503343,LANE_SURFACE_STREET,False,True,True
waymo:training_20s:a14a12a86fe9800b,waymo,train,ok,-12.377742953054243,23.590316292081813,7.460698725481052e-14,3,2,12.493483910231586,36.0838002023134,41.13097507201516,LANE_SURFACE_STREET,False,True,True
waymo:training_20s:a14ec1f55c4d083d,waymo,test,ok,-8.315608658030339,1.7187647987026136,3.161915174132446e-13,1,1,,,,,False,True,False
waymo:training_20s:a17599785e9f96,waymo,train,ok,-1.654539063939857,1.6545375813709384,9.303668946358812e-14,1,1,,,,,False,False,False
waymo:training_20s:a1a8352592a92a1a,waymo,validation,ok,-5.237558188916213,68.82645392835408,3.979039320256561e-13,2,2,1.7541602797356974,-10.351261572400958,-6.991718468651911,LANE_SURFACE_STREET,False,True,True
waymo:training_20s:a1d3173d6953ae1e,waymo,train,ok,-4.103026847914364,4.292891036735971,2.398081733190338e-14,3,3,4.989009059015454,9.281900095751425,11.521102778678681,LANE_SURFACE_STREET,False,True,True
waymo:training_20s:a1dff05a74c0b101,waymo,train,ok,-99.92112498272341,1.9831241264244088,3.6060043839825084e-13,1,1,,,,,False,True,False
waymo:training_20s:a1e87c0a46f57d1d,waymo,train,ok,-1.8310217353026437,1.8310397049386362,1.0436096431476471e-14,4,3,60.77465005395768,62.60568975889632,71.1017406663766,LANE_SURFACE_STREET,False,False,False
waymo:training_20s:a244c5cf3ee04f5a,waymo,test,ok,-4.296667559293672,2.1116495127655535,4.4941828036826337e-13,2,2,0.033591038389014116,-65.36142178913872,-4.330258597682686,LANE_SURFACE_STREET,False,True,False
waymo:training_20s:a2577a9288f55f20,waymo,train,ok,-5.490952481964202,13.117803312326515,8.526512829121202e-14,1,1,,,,,False,True,True
waymo:training_20s:a2742926c41e9794,waymo,test,ok,-8.607646090515335,1.7680197960950115,6.750155989720952e-14,4,4,0.7088233733703571,2.4768431694653685,9.264984102183305,LANE_SURFACE_STREET,False,True,False
waymo:training_20s:a29d8c8bdc9bd70a,waymo,train,ok,-2.3557201646771455,14.540819236119976,7.354117315117037e-13,4,1,63.920545088014734,78.4613643241347,80.11130410686374,LANE_SURFACE_STREET,False,False,True
waymo:training_20s:a2c6e1dfd37b961c,waymo,train,ok,-5.102107868401769,4.803861273660337,5.240252676230739e-14,2,2,81.3976326301899,86.20149390385023,91.95654602714754,LANE_SURFACE_STREET,False,True,True
waymo:training_20s:a3098ceda4b16162,waymo,train,ok,-2.403937684927376,2.4039455793509066,7.416289804496046e-14,1,1,,,,,False,False,False
waymo:training_20s:a32895d6d78b54b7,waymo,train,ok,-3.255874469086463,3.255872785932076,1.2878587085651816e-14,1,1,,,,,False,True,True
waymo:training_20s:a33f0f5a68ff6249,waymo,validation,ok,-2.402538269284868,2.402487294638264,2.9753977059954195e-13,3,2,15.37945460514075,17.781941899779014,25.500624933180305,LANE_SURFACE_STREET,False,False,False
waymo:training_20s:a351e215c0ec683,waymo,test,ok,-8.29895593611095,4.992665154649497,1.0658141036401503e-14,5,3,1.6386618120751208,-13.116354277528103,-9.93761774818607,LANE_SURFACE_STREET,False,True,True
waymo:training_20s:a396fb5cca1a60a1,waymo,train,ok,-5.2329716165012305,5.990796891488524,1.3322676295501878e-14,3,2,10.43179359835074,16.422590489839266,20.123341543834215,LANE_SURFACE_STREET,False,True,True
waymo:training_20s:a3f96ecd6880aa97,waymo,train,ok,-3.008907722756109,6.672030125892929,5.861977570020827e-14,1,1,,,,,False,True,True
waymo:training_20s:a413400a1c6fd1f8,waymo,train,ok,-18.03842122427719,31.874897211649063,9.237055564881302e-14,4,1,8.41684271162887,-35.732268771295495,-26.45526393590606,LANE_SURFACE_STREET,False,True,True
waymo:training_20s:a41d5565710022dc,waymo,train,ok,-8.569681030424432,8.661945316153634,5.684341886080802e-14,2,2,1.281991303810857,-14.982882671766632,-9.851672334235289,LANE_SURFACE_STREET,False,True,True
waymo:training_20s:a46c4462a1df7e46,waymo,train,ok,-8.40607779035423,7.676295381453893,8.348877145181177e-14,3,3,51.95462867795177,59.63092405940566,66.76465373374063,LANE_SURFACE_STREET,False,True,True
waymo:training_20s:a46e03be244d40ff,waymo,train,ok,-1.549271183771998,7.806314217231519,1.5076828674409626e-13,1,1,,,,,False,False,True
waymo:training_20s:a46f95b934afcc0a,waymo,test,ok,-2.1622184280436527,15.139323264091903,4.227729277772596e-13,1,1,,,,,False,False,True
waymo:training_20s:a497b26a3811f215,waymo,train,ok,-5.0200618469143645,8.470237482221167,3.375077994860476e-14,1,1,,,,,False,True,True
waymo:training_20s:a4b159e364b4f5a7,waymo,train,ok,-3.2805281488621514,3.2805277167277627,1.5987211554602254e-14,2,2,70.85049153974262,74.13101925647038,83.37787949018855,LANE_SURFACE_STREET,False,True,True
waymo:training_20s:a4b4b2828db74fbb,waymo,train,ok,-15.343791663234748,18.02508499892458,1.3322676295501878e-13,2,2,77.92327155547416,-99.99864572790966,-93.26706321870891,LANE_SURFACE_STREET,False,True,True
waymo:training_20s:a4d495cb861a64c,waymo,train,ok,-4.9301651726483025,4.961345342775205,1.7763568394002505e-15,6,4,1.0890691390923006,6.050414481867506,9.016438667419223,LANE_SURFACE_STREET,False,True,True
waymo:training_20s:a4e55853108651d2,waymo,train,ok,-12.259298658333265,35.38569596521086,2.8421709430404007e-13,1,1,,,,,False,True,True
waymo:training_20s:a50109f82add8310,waymo,validation,ok,-5.513040065385239,12.720001067649351,1.723066134218243e-13,2,2,74.27338512047102,-95.46272551484037,-79.78642518585626,LANE_SURFACE_STREET,False,True,True
waymo:training_20s:a5042f7a93628f61,waymo,train,ok,-3.535252589470667,10.830842486933731,1.199040866595169e-13,5,5,15.514251302634811,-31.98173122015639,-19.049503892105477,LANE_SURFACE_STREET,False,True,True
waymo:training_20s:a507473d20c89b7c,waymo,train,ok,-1.6814292669294906,5.308329315312639,1.1901590823981678e-13,6,5,0.9057284501335605,6.214057765446199,10.132701692845714,LANE_SURFACE_STREET,False,False,True
waymo:training_20s:a5342e8c2c30ea5e,waymo,train,ok,-2.40988069826422,2.642190378158794,4.529709940470639e-14,1,1,,,,,False,False,True
waymo:training_20s:a5509bd7526b7af3,waymo,train,ok,-4.476390362354591,70.72366674636885,8.526512829121202e-14,2,2,11.462863208530052,82.1865299548989,88.23425146159167,LANE_SURFACE_STREET,False,True,True
waymo:training_20s:a5c3b91cc30de768,waymo,train,ok,-8.362330199661963,1.73958742283274,4.418687638008123e-14,1,1,,,,,False,True,False
waymo:training_20s:a5e10fa7bea00314,waymo,train,ok,-9.078644306427574,61.15308537780642,1.9539925233402755e-13,2,2,49.58623842190805,-65.39970274338614,-58.66488272833563,LANE_SURFACE_STREET,False,True,True
waymo:training_20s:a60bb4b1551f09ab,waymo,train,ok,-1.8799026828958691,9.316612415527876,1.0480505352461478e-13,1,1,,,,,False,False,True
waymo:training_20s:a6320ba913203fd1,waymo,train,ok,-1.731928461355091,5.537293370597965,4.263256414560601e-14,2,1,16.112400767279652,21.649694137877617,86.14613221343734,LANE_SURFACE_STREET,False,False,True
waymo:training_20s:a6873bc8a665c38e,waymo,train,ok,-4.176919820259675,4.1769447515733145,4.0678571622265736e-13,2,1,10.77527277630651,14.952217527879824,15.521761697791973,LANE_SURFACE_STREET,False,True,True
waymo:training_20s:a688a9298c70d959,waymo,train,ok,-4.971454514980474,11.437607784648899,4.636291350834654e-13,4,5,1.0353177773339208,-9.61701061309411,-6.006772292314395,LANE_SURFACE_STREET,False,True,True
waymo:training_20s:a6985e0d106c3c14,waymo,validation,ok,-5.266289860744862,5.4095654575869565,3.7569947153315297e-13,5,5,0.528925027675677,5.9384904852626335,99.99999999999926,LANE_SURFACE_STREET,False,True,True
waymo:training_20s:a6d232ec9d09397c,waymo,train,ok,-42.23176931476729,24.028472180610837,2.7711166694643907e-13,3,3,18.632513060792203,42.66098524140304,47.93331546692892,LANE_SURFACE_STREET,False,True,True
waymo:training_20s:a6f74574d1b0ada4,waymo,train,ok,-9.315292768762646,1.7167607545851626,2.4158453015843406e-13,6,5,5.162836942559597,6.87959769714476,10.385638860155836,LANE_SURFACE_STREET,False,True,False
waymo:training_20s:a7547d6c37872ff8,waymo,test,ok,-8.870998453468292,97.46711309018362,5.435651928564766e-13,1,1,,,,,False,True,True
waymo:training_20s:a78acd75d8859b3f,waymo,train,ok,-8.621774177777489,8.645372860452957,7.105427357601002e-15,1,1,,,,,False,True,True
waymo:training_20s:a7bf64ac9bd64721,waymo,train,ok,-9.399105288170862,1.7514659692678833,6.750155989720952e-14,1,1,,,,,False,True,False
waymo:training_20s:a7eb07f173d68ce5,waymo,test,ok,-1.9238724201633555,8.485811534735667,4.973799150320701e-14,3,3,31.582943214141814,-45.45903278602119,-33.50681563430517,LANE_SURFACE_STREET,False,False,True
waymo:training_20s:a82989ac7dc8a60,waymo,test,ok,-1.8583648368083534,1.8550243337044692,9.481304630298837e-14,1,1,,,,,False,False,False
waymo:training_20s:a82a8bfd6a98e860,waymo,test,ok,-6.472017654421168,4.5581438006298365,2.1582735598713043e-13,3,3,36.821027409813084,-68.70109801091968,-43.29304506423425,LANE_SURFACE_STREET,False,True,True
waymo:training_20s:a83bb11fa240e8c6,waymo,test,ok,-1.4596684600987024,1.459668892670325,5.1958437552457326e-14,1,1,,,,,False,False,False
waymo:training_20s:a868f0855f6dedc1,waymo,test,ok,-99.66094094327033,21.250483138682835,2.2382096176443156e-13,3,2,1.6189584712767306,22.869441609959566,54.21498785300193,LANE_SURFACE_STREET,False,True,True
waymo:training_20s:a8d262ce9687e898,waymo,test,ok,-5.196248206244129,11.48904187038858,1.0658141036401503e-14,6,5,1.1471398432721065,-9.68726101350265,-6.343388049516236,LANE_SURFACE_STREET,False,True,True
waymo:training_20s:a8fe8b3ff27f403a,waymo,validation,ok,-5.38254468552078,4.964518322182286,2.984279490192421e-13,3,2,51.438132138114575,-65.32572685467679,-56.82067682363535,LANE_SURFACE_STREET,False,True,True
waymo:training_20s:a91af744beb57ad4,waymo,train,ok,-1.7158088823938704,1.729276486402882,4.1744385725905886e-14,1,1,,,,,False,False,False
waymo:training_20s:a91b22a1208dd56f,waymo,test,ok,-1.6341212943438392,8.255259175890798,2.886579864025407e-15,7,3,1.092564696940359,9.347823872831157,12.314196429998134,LANE_SURFACE_STREET,False,False,True
waymo:training_20s:a925af1e047d1c58,waymo,train,ok,-8.569587618988487,8.662165249935516,4.1744385725905886e-13,2,2,1.2815997303085336,-14.983026091338118,-9.851187349297021,LANE_SURFACE_STREET,False,True,True
waymo:training_20s:a9357df9a5aa15f4,waymo,test,ok,-8.638481993046366,1.8085522176271218,2.6201263381153694e-14,4,4,0.8208626417227856,2.6294148593499074,9.375609887054651,LANE_SURFACE_STREET,False,True,False
waymo:training_20s:a93e871d490e5053,waymo,train,ok,-8.247869969056094,1.440536663812389,5.908606937055083e-13,3,3,33.25740689055522,-85.39726671400344,-41.505276859611314,LANE_SURFACE_STREET,False,True,False
waymo:training_20s:a9640ddabf14256b,waymo,train,ok,-10.325185337074652,5.300793278314417,2.682298827494378e-13,1,1,,,,,False,True,True
waymo:training_20s:a97676bb25afcef8,waymo,train,ok,-3.901775133291745,9.490189039492542,2.0605739337042905e-13,1,1,,,,,False,True,True
waymo:training_20s:a986b5ab7da14cf5,waymo,train,ok,-9.730460746831719,4.102243480338195,1.0746958878371515e-13,1,1,,,,,False,True,True
waymo:training_20s:a99092bacdb0b0e9,waymo,test,ok,-5.685370880208132,5.246945799344713,2.042810365310288e-14,3,3,60.35213972239324,-100.0,-66.03751060260137,LANE_SURFACE_STREET,False,True,True
waymo:training_20s:a99f634ed5076146,waymo,test,ok,-2.997294102339371,3.401990598479486,1.4210854715202004e-14,3,2,9.115768568776659,12.517759167256145,12.69983210661509,LANE_SURFACE_STREET,False,True,True
waymo:training_20s:a9c2ad1fedf55fb7,waymo,train,ok,-5.010677144918285,30.126511850433246,3.6060043839825084e-13,5,2,0.7896850812986713,30.916196931731918,52.99800159414622,LANE_SURFACE_STREET,False,True,True
waymo:training_20s:a9e207a01616b90f,waymo,test,ok,-4.178923129391081,4.178923130808985,4.53859172466764e-13,3,3,86.08668242390519,-98.68906166126668,-90.26560555329627,LANE_SURFACE_STREET,False,True,True
waymo:training_20s:aa27d5c05380b0e5,waymo,train,ok,-8.955066170103391,11.394222478323268,1.7763568394002505e-14,5,4,22.65610380560004,-36.92784712908882,-31.611169975703433,LANE_SURFACE_STREET,False,True,True
waymo:training_20s:aa36e1457b143f2,waymo,train,ok,-1.89112154886589,1.8911217426346594,3.1952218648712005e-13,3,3,79.63748317439703,81.52860491703169,89.70505428358979,LANE_SURFACE_STREET,False,False,False
waymo:training_20s:aa3e2ca657a477cc,waymo,validation,ok,-1.684224153634344,1.4925590117745213,2.5979218776228663e-14,2,1,34.63923590937792,36.13179492115245,58.44546907258217,LANE_SURFACE_STREET,False,False,False
waymo:training_20s:aa588db5a4a21319,waymo,test,ok,-6.002028743161945,9.196805987537822,2.1316282072803006e-14,3,2,23.495009176718256,-36.695065344339106,-29.4970379198802,LANE_SURFACE_STREET,False,True,True
waymo:training_20s:aa7628821ed104aa,waymo,validation,ok,-1.6784671594770355,8.398431010789427,3.197442310920451e-14,4,4,40.48281364861987,-53.075108571572116,-42.161280808096905,LANE_SURFACE_STREET,False,False,True
waymo:training_20s:aa9a4308af0637b9,waymo,train,ok,-1.9635064415617154,5.503054898475092,1.021405182655144e-14,2,2,59.56167832449707,65.06473322297217,71.19211093502156,LANE_SURFACE_STREET,False,False,True
waymo:training_20s:aab4e7e87fcde3b4,waymo,train,ok,-5.076910263782864,99.99999999999976,2.984279490192421e-13,3,3,1.1487303738680197,-9.712671100998307,-6.2256406376508835,LANE_SURFACE_STREET,False,True,True
waymo:training_20s:aac3c91a26fadee0,waymo,train,ok,-5.402072268069176,27.402424532015658,3.694822225952521e-13,5,3,35.0512214981932,62.45364603020886,75.40856987326615,LANE_SURFACE_STREET,False,True,True
waymo:training_20s:aaffe72f4ddff2b3,waymo,train,ok,-9.341430598086763,2.015325616084434,3.197442310920451e-14,1,1,,,,,False,True,False
waymo:training_20s:ab0e558cb15498f6,waymo,test,ok,-2.536402547533226,3.0483208323641375,5.3734794391857577e-14,2,1,23.524686936395486,26.573007768759624,84.78098594898705,LANE_SURFACE_STREET,False,False,True
waymo:training_20s:ab1fed29a8241c0e,waymo,test,ok,-2.5065069456902425,8.837156025395256,9.414691248821327e-14,2,1,78.36485192810756,-87.07862699035842,-80.8713588737978,LANE_SURFACE_STREET,False,False,True
waymo:training_20s:ab42d635ec0cfabd,waymo,train,ok,-2.18134140752574,73.97216650223083,7.389644451905042e-13,5,5,2.2084860476290755,-17.10373319479065,-4.3898274551548155,LANE_SURFACE_STREET,True,False,True
waymo:training_20s:ab6f74f5215dcbc3,waymo,train,ok,-1.5917668930167903,6.564530094386779,6.750155989720952e-14,4,4,1.927141940612464,-7.309784987800597,-3.518908833629254,LANE_SURFACE_STREET,False,False,True
waymo:training_20s:ab75a6944e03fb14,waymo,test,ok,-10.195547049457247,1.9104820850908206,1.4210854715202004e-14,1,1,,,,,False,True,False
waymo:training_20s:ab7c9a8f8eac9f7e,waymo,train,ok,-2.9627208830093283,2.9626881381049612,4.1655567883935873e-13,3,2,44.754510579866924,47.71719871797188,54.875941606426125,LANE_SURFACE_STREET,False,True,True
waymo:training_20s:abb47e459beab9c,waymo,train,ok,-4.1035905161675075,4.103591604548038,6.217248937900877e-14,2,1,57.96611443982901,-100.0,-62.06970495599652,LANE_SURFACE_STREET,False,True,True
waymo:training_20s:abdfd9cec6bc494,waymo,test,ok,-4.9891921827820624,4.963171422186861,1.4210854715202004e-14,1,1,,,,,False,True,True
waymo:training_20s:abf95958928fc2a0,waymo,train,ok,-1.6194609910681195,39.94293783721039,4.973799150320701e-14,1,1,,,,,False,False,True
waymo:training_20s:ac089fabf1512038,waymo,train,ok,-1.47725619008496,7.863947950318282,1.1546319456101628e-13,2,2,91.92433445531712,-100.0,-93.40159064540208,LANE_SURFACE_STREET,False,False,True
waymo:training_20s:acac6fd2c48fdc23,waymo,test,ok,-9.75889989272946,4.97220789156873,5.773159728050814e-14,1,1,,,,,False,True,True
waymo:training_20s:acd9e9a70bfae46d,waymo,train,ok,-2.024233475535226,1.7995773575502494,1.1102230246251565e-15,4,3,5.035703971841115,6.835281329391364,7.752148472665979,LANE_SURFACE_STREET,False,False,False
waymo:training_20s:acf06e7d7be64bbd,waymo,validation,ok,-15.546627973433077,1.6758302995446932,6.439293542825908e-15,2,1,60.306075822771376,-88.97421685223435,-75.85270379620445,LANE_SURFACE_STREET,False,True,False
waymo:training_20s:ad00c48a450ba3d,waymo,train,ok,-4.0041146904844265,9.562289926262403,3.8902214782865485e-13,5,4,5.857250842534983,-13.49276347044507,-9.86136553301941,LANE_FREEWAY,False,True,True
waymo:training_20s:ad23e63a963ce997,waymo,train,ok,-3.539682697323411,3.539684010439907,1.056932319443149e-13,2,2,93.47858249538646,97.01826650582638,99.99999999999977,LANE_SURFACE_STREET,False,True,True
waymo:training_20s:ad4dfaecbeaf7719,waymo,train,ok,-5.548890782045877,5.322068259808469,1.3145040611561853e-13,3,2,8.480537332469819,-29.716954982790327,-14.029428114515696,LANE_SURFACE_STREET,False,True,True
waymo:training_20s:ad5b7f2c95eef1a0,waymo,test,ok,-18.496397291103516,2.1314078520654482,1.0658141036401503e-14,4,3,20.60662443331368,-39.456595674659475,-39.1030217244172,LANE_SURFACE_STREET,False,True,False
waymo:training_20s:ad5ec44bb63dd016,waymo,train,ok,-5.312696285138762,5.3016976716277755,1.1102230246251565e-13,4,4,0.8908381309287732,6.192535802556549,12.860703876378324,LANE_SURFACE_STREET,False,True,True
waymo:training_20s:ae0472e672b6677a,waymo,train,ok,-10.205776042088354,2.0205232799324384,9.325873406851315e-15,3,2,7.2356172151313505,9.25614049506379,14.568047038307085,LANE_SURFACE_STREET,True,True,False
waymo:training_20s:ae328c191c0ceed4,waymo,train,ok,-2.014007670021423,99.99999999999994,5.684341886080802e-14,3,2,75.57904823389025,-77.81732831680884,-77.59305590391168,LANE_SURFACE_STREET,False,False,True
waymo:training_20s:ae47a5335a552ac0,waymo,train,ok,-5.78086164307251,9.39077712768751,4.529709940470639e-14,2,1,49.31642138517886,-62.73623981684995,-55.097283028251375,LANE_SURFACE_STREET,False,True,True
waymo:training_20s:ae5183d971bb02fe,waymo,train,ok,-1.8875491522834313,5.219244344375937,2.084998840246044e-13,1,1,,,,,False,False,True
waymo:training_20s:ae6379307a0eb859,waymo,test,ok,-2.1163909783818333,9.698407422896135,1.5276668818842154e-13,3,2,10.0374279782644,-28.64001982026339,-12.153818956646234,LANE_SURFACE_STREET,False,False,True
waymo:training_20s:aea414102eed39b0,waymo,train,ok,-8.460915728266627,1.7569845306279603,0.0,6,4,11.850341782283067,-28.688940070896933,-20.311257510549694,LANE_SURFACE_STREET,False,True,False
waymo:training_20s:aea76cc6605e3338,waymo,train,ok,-3.860949864251571,3.8609477400445322,9.325873406851315e-15,1,1,,,,,False,True,True
waymo:training_20s:aec7d4284f95afb3,waymo,train,ok,-3.3132530005575416,3.3132518557693937,2.7977620220553945e-14,1,1,,,,,False,True,True
waymo:training_20s:af343ab530f9a436,waymo,train,ok,-5.881900796983042,10.476605664429576,2.744471316873387e-13,1,1,,,,,False,True,True
waymo:training_20s:afa28ec1638f9d54,waymo,test,ok,-6.120687602265794,8.349389557347397,1.7408297026122455e-13,4,4,20.449915346705705,-31.7826712193217,-26.570602948971498,LANE_SURFACE_STREET,False,True,True
waymo:training_20s:afdf1c629b5751c2,waymo,train,ok,-4.113465973832397,4.113470057389947,2.7533531010703882e-14,2,2,87.57003572569147,91.68350578308142,100.00000000000003,LANE_SURFACE_STREET,False,True,True
waymo:training_20s:b023be9d499dfcc7,waymo,train,ok,-3.7545857210825835,3.7551522192877025,2.7622348852673895e-13,2,2,67.06954302544861,70.82469524473632,79.38626868710762,LANE_SURFACE_STREET,False,True,True
waymo:training_20s:b0268ecd629c4914,waymo,train,ok,-8.177955673904304,97.56476393979777,1.9539925233402755e-13,2,2,1.7563981180734238,-14.1793164284595,-9.934353791977728,LANE_SURFACE_STREET,False,True,True
waymo:training_20s:b04d195d2765753e,waymo,test,ok,-1.7920150455204045,8.31205596501951,1.4210854715202004e-14,2,1,57.94496182729088,-87.47845823576912,-59.73697687281129,LANE_SURFACE_STREET,False,False,True
waymo:training_20s:b09295d69806bbbb,waymo,test,ok,-2.072100369540156,5.444200632768054,3.2862601528904634e-14,4,4,57.42372659154223,-63.2926953879739,-59.495826961082386,LANE_SURFACE_STREET,False,False,True
waymo:training_20s:b0d0267ab5d6bb96,waymo,train,ok,-1.922847610392222,8.545429439914038,2.2470914018413168e-13,1,1,,,,,False,False,True
waymo:training_20s:b0ea0d45f40e2014,waymo,validation,ok,-4.6832055220931235,1.704931191227687,5.329070518200751e-15,2,2,74.55357669667352,-87.60378781320114,-79.23678221876663,LANE_SURFACE_STREET,False,True,False
waymo:training_20s:b0f7c2eb43ceb035,waymo,train,ok,-4.755935439289577,3.9542329035068233,7.549516567451064e-14,2,1,56.457003205755086,-67.9262930100083,-61.212938645044666,LANE_SURFACE_STREET,False,True,True
waymo:training_20s:b103d9be02132e4c,waymo,train,ok,-11.337992173661421,5.383093848819338,8.704148513061227e-14,1,1,,,,,False,True,True
waymo:training_20s:b12a76e54565d339,waymo,test,ok,-5.305045648126816,5.124943537143097,2.1227464230832993e-13,1,1,,,,,False,True,True
waymo:training_20s:b12ffd39f979fe49,waymo,train,ok,-1.662966211437325,1.6629644569940323,8.215650382226158e-14,1,1,,,,,False,False,False
waymo:training_20s:b14fe74f8ee6c980,waymo,test,ok,-3.915357528423836,3.9153568721465604,1.6653345369377348e-13,3,3,70.95207381046905,74.8674306826156,83.46731444047933,LANE_SURFACE_STREET,False,True,True
waymo:training_20s:b165e2b3da57af5a,waymo,train,ok,-2.925752166840504,6.281415454264023,3.4727776210274897e-13,8,8,20.51762941663808,-34.321598417710106,-23.443381583478583,LANE_SURFACE_STREET,False,True,True
waymo:training_20s:b168a6394e61c9dd,waymo,train,ok,-2.9013491863375984,2.901348810532921,8.748557434046234e-14,1,1,,,,,False,True,True
waymo:training_20s:b1c6195239b5944f,waymo,validation,ok,-5.644562265721478,9.78338096631048,2.753353101070388e-13,4,3,1.4216312327485072,-10.969277934191041,-7.0661934984699855,LANE_SURFACE_STREET,False,True,True
waymo:training_20s:b1fdebaa36f0a8d4,waymo,train,ok,-1.6305748792685184,4.740859680510134,7.815970093361102e-14,1,1,,,,,False,False,True
waymo:training_20s:b2357d6ec33f9bc2,waymo,train,ok,-1.7657111511990258,7.981116637525096,2.5357493882438575e-13,4,3,1.6014974063122076,-6.383234038346288,-3.3672085575112334,LANE_SURFACE_STREET,False,False,True
waymo:training_20s:b283d5c31a721c99,waymo,test,ok,-2.793118234106127,2.6785399836082306,1.2878587085651816e-14,3,3,38.634075132977316,-48.591288984765484,-41.42719336708344,LANE_SURFACE_STREET,False,True,True
waymo:training_20s:b2a3d5f0d74b1789,waymo,train,ok,-1.5798163131730447,11.283342930334605,2.7711166694643907e-13,4,2,45.458768220794134,56.74211115112874,60.64002538057326,LANE_SURFACE_STREET,False,False,True
waymo:training_20s:b2c31d815b05d8d2,waymo,test,ok,-8.344320249756624,1.666657833603049,1.2301271112846734e-13,1,1,,,,,False,True,False
waymo:training_20s:b322362320ba0a3d,waymo,train,ok,-2.073906461633669,8.57197197802634,1.4210854715202004e-14,2,2,90.3759934947011,-100.0,-92.44989995633478,LANE_SURFACE_STREET,False,False,True
waymo:training_20s:b3282a2fdb28a39b,waymo,train,ok,-4.360199755647792,4.360200045846444,1.199040866595169e-13,2,2,77.23618679924458,-87.85661347077416,-81.59638655489238,LANE_SURFACE_STREET,False,True,True
waymo:training_20s:b34c6f1c4af89122,waymo,train,ok,-1.4932794985140512,7.571828017678689,4.75175454539567e-14,1,1,,,,,False,False,True
waymo:training_20s:b355c562fc6539ad,waymo,train,ok,-1.9842463495418534,1.9842463500777379,5.484501741648273e-14,1,1,,,,,False,False,False
waymo:training_20s:b39d69d9c2fdce51,waymo,validation,ok,-5.338379216928355,9.165282408065396,3.3928415632544784e-13,4,1,50.21134302774317,59.37662543580856,65.76956724647621,LANE_SURFACE_STREET,False,True,True
waymo:training_20s:b3eed134abb6f070,waymo,train,ok,-1.7094017032567121,8.313509479616602,8.970602038971265e-14,4,4,0.21637692600532077,8.529886405621923,39.04994359739115,LANE_SURFACE_STREET,False,False,True
waymo:training_20s:b3fd25148b7a700c,waymo,test,ok,-3.1142744656847787,3.115989986895197,3.7347902548390266e-13,2,2,54.61457245884867,-62.4241457972395,-57.72884692453345,LANE_SURFACE_STREET,False,True,True
waymo:training_20s:b425e4b8df8b00d4,waymo,test,ok,-1.5631562746167487,1.563155668897048,9.414691248821327e-14,2,2,85.03181515170925,86.5949708206063,93.25187231665012,LANE_SURFACE_STREET,False,False,False
waymo:training_20s:b44969c5226f5201,waymo,train,ok,-4.045493328212742,4.045497732056977,7.549516567451064e-14,1,1,,,,,False,True,True
waymo:training_20s:b44eca285ed2b65b,waymo,train,ok,-6.671697074983813,5.839592078576823,2.753353101070388e-13,4,4,76.72196319905497,-93.41656039132431,-83.39366027403878,LANE_SURFACE_STREET,False,True,True
waymo:training_20s:b46e0017ffa72646,waymo,train,ok,-2.9117271266608338,77.58799648691895,2.4158453015843406e-13,3,4,48.30130625101957,-67.75058945389759,-51.213033377680404,LANE_SURFACE_STREET,False,True,True
waymo:training_20s:b4933dba94d4e533,waymo,train,ok,-9.253949549788102,4.409434499319921,2.042810365310288e-14,3,1,10.066826499335152,-45.91306947987531,-19.320776049123253,LANE_SURFACE_STREET,False,True,True
waymo:training_20s:b5235f8e1df15ec0,waymo,train,ok,-8.326748445632523,100.0000000000002,1.758593271006248e-13,2,2,1.5580305715169889,-13.754949747647018,-9.884779017149512,LANE_SURFACE_STREET,False,True,True
waymo:training_20s:b52379584679d56e,waymo,train,ok,-4.759834690045969,4.826089428447637,2.3359092438113294e-13,3,2,36.30002959539507,-41.411452615372255,-41.05986428544104,LANE_SURFACE_STREET,False,True,True
waymo:training_20s:b5a08c05e5a98c09,waymo,train,ok,-2.4298786878885354,2.429875125906367,3.197442310920451e-14,2,2,75.49415261204643,77.9240277379528,83.56909032555927,LANE_SURFACE_STREET,False,False,False
waymo:training_20s:b5b52d2dc889d6,waymo,test,ok,-4.120975487565147,4.121087052382411,1.3145040611561853e-13,1,1,,,,,False,True,True
waymo:training_20s:b5bbdeb9dedd4f3c,waymo,test,ok,-12.09104504415533,1.6310379503216146,3.552713678800501e-14,2,1,42.371004151784895,-99.86648501830882,-54.462049195940224,LANE_SURFACE_STREET,False,True,False
waymo:training_20s:b62151bb5b3dbda3,waymo,validation,ok,-5.370729809156327,7.080335162380173,5.613287612504791e-13,4,3,63.85448693644204,-81.31901949540583,-69.22521674559837,LANE_SURFACE_STREET,False,True,True
waymo:training_20s:b627bb59be7dfea4,waymo,train,ok,-1.6972740768541,1.6972830162299621,2.5779378631796135e-13,1,1,,,,,False,False,False
waymo:training_20s:b634734d0b86dc2c,waymo,train,ok,-6.987423261517305,1.6184241772156038,6.927791673660977e-14,3,1,20.08678488058159,-39.36076582750241,-27.074208142098897,LANE_SURFACE_STREET,False,True,False
waymo:training_20s:b65eaf359513a3d5,waymo,train,ok,-8.961690727059361,1.7919090098352284,9.86100090472064e-13,3,3,25.901060899123777,-40.29751459076096,-34.86275162618314,LANE_SURFACE_STREET,False,True,False
waymo:training_20s:b66e1a91a9de0380,waymo,test,ok,-5.418572568374089,5.163175142424165,1.8385293287792592e-13,4,2,1.2889633665167404,6.452138508940905,18.79861774251323,LANE_SURFACE_STREET,False,True,True
waymo:training_20s:b679008b489933a7,waymo,train,ok,-8.492503425602333,1.518852023356187,1.7763568394002505e-14,3,2,2.0997967741915353,-11.852119352525406,-10.592300199793868,LANE_SURFACE_STREET,False,True,False
waymo:training_20s:b68cfcaa6c9ad054,waymo,validation,ok,-10.530485078001318,1.7076775597269265,4.085620730620576e-14,2,2,77.88322741655193,79.59090497627886,87.44859767884202,LANE_SURFACE_STREET,False,True,False
waymo:training_20s:b6bfc23c522d65d1,waymo,train,ok,-11.455507283982607,53.7826061136505,6.536993168992922e-13,4,3,1.4839422668674782,-16.52544843894283,-12.939449550850085,LANE_SURFACE_STREET,False,True,True
waymo:training_20s:b6c159f9ff4442ca,waymo,test,ok,-2.886366614107632,2.8863657930236393,1.1723955140041653e-13,1,1,,,,,False,True,True
waymo:training_20s:b715653c21962e4b,waymo,test,ok,-1.4893683194318774,1.4893683194318774,1.6209256159527285e-14,1,1,,,,,False,False,False
waymo:training_20s:b7531ac270825909,waymo,train,ok,-5.447035223569014,4.656880548832937,3.907985046680551e-14,1,1,,,,,False,True,True
waymo:training_20s:b76b9cfa1a2790bc,waymo,train,ok,-3.9317161995711274,3.9317330956175227,1.3367085216486885e-13,6,1,54.23633010957354,58.16806320519106,59.23776550654097,LANE_SURFACE_STREET,False,True,True
waymo:training_20s:b775a272f4047632,waymo,train,ok,-8.313360249323626,1.708494167371051,9.592326932761353e-14,1,1,,,,,False,True,False
waymo:training_20s:b7a9a2acc0a15464,waymo,train,ok,-6.044718173007509,7.111675654868684,9.023892744153272e-13,3,2,6.683150769830981,13.794826424699664,99.9370063662382,LANE_SURFACE_STREET,False,True,True
waymo:training_20s:b8053ac618b707e3,waymo,train,ok,-4.939892030497131,4.748334844432768,6.483702463810914e-14,2,2,68.7865083430268,73.53484318745956,86.37965649638724,LANE_SURFACE_STREET,False,True,True
waymo:training_20s:b81db0f8f793211e,waymo,train,ok,-1.6854137645976488,21.637139295338454,7.993605777301127e-15,2,3,19.86794108597278,-100.0,-21.55335485057043,LANE_SURFACE_STREET,False,False,True
waymo:training_20s:b81e6adc6b8ad11d,waymo,train,ok,-1.6424341461448062,2.287925899569522,4.929390229335695e-14,1,1,,,,,False,False,False
waymo:training_20s:b840d87276e1338c,waymo,test,ok,-3.142020618816191,3.14202061881801,7.402967128200544e-13,2,2,83.8961615456817,-93.8833426711843,-87.03818216449788,LANE_SURFACE_STREET,False,True,True
waymo:training_20s:b8719db43105f998,waymo,test,ok,-4.962334096054578,5.106590150586078,1.829647544582258e-13,4,4,16.54215833252198,-43.10778289428584,-21.504492428576555,LANE_SURFACE_STREET,False,True,True
waymo:training_20s:b88d89bdb03179dd,waymo,test,ok,-2.7557606603523155,2.755760768569391,7.37188088351104e-14,3,3,89.03723041359694,91.79299118216633,97.27514136348415,LANE_SURFACE_STREET,False,True,True
waymo:training_20s:b8c6ba069225789b,waymo,train,ok,-3.93804263620649,3.9383725884476135,6.394884621840902e-14,1,1,,,,,False,True,True
waymo:training_20s:b8df2fc8593a8cb6,waymo,train,ok,-5.121550588984869,7.950043284057612,1.2434497875801753e-14,2,2,75.55985220451969,-86.92544862137036,-80.68140279350456,LANE_SURFACE_STREET,False,True,True
waymo:training_20s:b8df5e66c7abf23c,waymo,test,ok,-2.6295488790085413,2.629550298672898,1.687538997430238e-14,1,1,,,,,False,True,True
waymo:training_20s:b8eed5e579b6e579,waymo,train,ok,-3.6116580140309713,3.6116580140291528,7.038813976123492e-13,5,3,18.059649147814447,-40.61998090790289,-21.67130716184542,LANE_SURFACE_STREET,False,True,True
waymo:training_20s:b929d8931536f216,waymo,test,ok,-5.32347306140014,8.541983488761085,8.881784197001252e-15,4,3,0.7494990707735774,-13.99436177922233,-6.072972132173717,LANE_SURFACE_STREET,False,True,True
waymo:training_20s:b93464eb9fca7f0f,waymo,train,ok,-3.67271114042452,12.143820173942965,7.300826609935029e-13,3,1,10.468152668784034,22.611972842727,58.87772562839356,LANE_SURFACE_STREET,True,True,True
waymo:training_20s:b97a4f88f8a50f62,waymo,train,ok,-3.407532144660995,2.7522379640585064,8.748557434046234e-14,1,1,,,,,False,True,True
waymo:training_20s:b98d25ec5ce2ddc8,waymo,test,ok,-1.6602071502175442,5.590860121570402,2.90878432451791e-14,2,2,75.59799118762892,-83.77104490544107,-77.25819833784647,LANE_SURFACE_STREET,False,False,True
waymo:training_20s:b98f3a0563b540f9,waymo,test,ok,-1.9842468388962287,1.9842468389064911,5.1958437552457326e-14,1,1,,,,,False,False,False
waymo:training_20s:b9c109b8b002f2ff,waymo,test,ok,-1.9166146093491805,7.08754636876241,2.0028423364237824e-13,1,1,,,,,False,False,True
waymo:training_20s:ba02a1848438f1a8,waymo,train,ok,-2.962759408099757,41.61580489370256,7.105427357601002e-14,1,1,,,,,False,True,True
waymo:training_20s:ba26be912aaac994,waymo,validation,ok,-8.748339827192018,53.52184987378541,4.796163466380676e-14,3,2,1.0838164251114026,-13.277382326113809,-9.83215625230342,LANE_SURFACE_STREET,False,True,True
waymo:training_20s:ba37b3e8ba069e64,waymo,test,ok,-8.03979678885551,1.9648476718649763,8.215650382226158e-14,1,1,,,,,False,True,False
waymo:training_20s:ba6f9be2e25d4b8d,waymo,train,ok,-3.39912826968763,3.3991515089022526,3.19300141882195e-13,1,1,,,,,False,True,True
waymo:training_20s:ba99c6e595b1c6de,waymo,train,ok,-96.8523029057178,6.157127869841133,0.0,2,2,12.8125772080748,18.969705077915933,25.183803902419626,LANE_SURFACE_STREET,False,True,True
waymo:training_20s:baa093da98ab233c,waymo,test,ok,-1.7733708688187328,9.17581055294098,3.064215547965432e-14,1,1,,,,,False,False,True
waymo:training_20s:baaf446990ce96bd,waymo,test,ok,-5.085073503536353,11.242874410043331,4.5208281562736374e-13,5,5,1.2268077011485277,-9.881663168130814,-6.31188120468488,LANE_SURFACE_STREET,False,True,True
waymo:training_20s:bad4b7fdda58bd15,waymo,train,ok,-2.441989339295224,5.463108422265675,1.3278267374516872e-13,8,5,0.47441698276645816,5.937525405032133,9.119149513644032,LANE_SURFACE_STREET,False,False,True
waymo:training_20s:badf9098c8c97159,waymo,train,ok,-8.569443991768479,1.868221648389885,9.769962616701378e-14,2,1,7.017114992016561,-31.967297142585082,-15.58655898378504,LANE_SURFACE_STREET,False,True,False
waymo:training_20s:baf3045c5133026d,waymo,train,ok,-3.573521132940192,4.024439062157971,3.3661962106634746e-13,1,1,,,,,False,True,True
waymo:training_20s:bb1cab54ae558fdd,waymo,train,ok,-1.7742207535228,7.962430952810012,2.149391775674303e-13,1,1,,,,,False,False,True
waymo:training_20s:bbca3e0d4d2cb304,waymo,train,ok,-3.4667745116392616,3.4667782936862808,5.3290705182007514e-14,3,3,81.60730933921307,-92.98317781457196,-85.07408385085233,LANE_SURFACE_STREET,False,True,True
waymo:training_20s:bbdf3680b4519746,waymo,validation,ok,-5.399320930917752,1.7935120366623192,8.704148513061227e-14,2,2,25.29661458357245,27.09012662023477,64.83888902409436,LANE_SURFACE_STREET,False,True,False
waymo:training_20s:bbec81c48934e5a9,waymo,train,ok,-2.140450363411478,11.91500458491287,1.8829382497642655e-13,1,1,,,,,False,False,True
waymo:training_20s:bbfb907f49e68290,waymo,test,ok,-29.52533832037431,29.36729120602952,7.105427357601002e-14,1,1,,,,,False,True,True
waymo:training_20s:bc1c65777133ed86,waymo,test,ok,-8.40341648539426,8.218272960096657,1.2434497875801753e-14,5,5,1.122085533697586,-12.989895059394684,-9.525502019091846,LANE_SURFACE_STREET,False,True,True
waymo:training_20s:bc2e9b785c6ababa,waymo,train,ok,-4.265447561541353,3.0384993332728154,2.042810365310288e-13,3,3,73.06475437381955,76.10325370709236,81.64504052949445,LANE_SURFACE_STREET,False,True,True
waymo:training_20s:bc3d288f908b0f19,waymo,train,ok,-5.209989526139102,7.557179771654289,1.2434497875801753e-14,2,2,8.871903575070649,16.429083346724937,20.122774187646343,LANE_SURFACE_STREET,False,True,True
waymo:training_20s:bc3f5fed6b93a104,waymo,train,ok,-1.5646919942717024,10.233884820190223,4.729550084903167e-14,2,2,21.859248473708096,32.09313329389832,41.796396777074165,LANE_SURFACE_STREET,False,False,True
waymo:training_20s:bc58d58fa9efec06,waymo,train,ok,-3.74147959072948,3.745415252425234,1.1683987111155147e-12,2,1,40.224510058335795,43.96992531076103,54.6667913652133,LANE_SURFACE_STREET,False,True,True
waymo:training_20s:bcf1201797a09e9,waymo,test,ok,-2.0876060121667344,2.30692467569164,5.3290705182007514e-14,2,2,0.8665458316440251,3.173470507335665,17.61465648502798,LANE_SURFACE_STREET,False,False,False
waymo:training_20s:bcf7bdb5525cc441,waymo,train,ok,-3.5534943238627674,3.553494515683825,1.1191048088221578e-13,2,2,79.66947968208595,-89.67127569968252,-83.22297400594871,LANE_SURFACE_STREET,False,True,True
waymo:training_20s:bcfba23117b7c7cf,waymo,test,ok,-2.806990210268752,6.531157357937823,1.2803091919977305e-12,2,2,9.337159275045998,15.86831663298382,99.90412914901168,LANE_SURFACE_STREET,False,True,True
waymo:training_20s:bd01e3f47d8c30d1,waymo,train,ok,-3.7370351478497916,18.38555634108669,1.2079226507921703e-13,1,1,,,,,False,True,True
waymo:training_20s:bd3670612c1447ae,waymo,test,ok,-5.64002169294215,5.640016332557887,3.348432642269472e-13,2,1,86.35699912121233,91.99701545377022,96.33128391976754,LANE_SURFACE_STREET,False,True,True
waymo:training_20s:bd3cd16eb0aebfae,waymo,train,ok,-17.856181014200036,1.7308293581010084,4.618527782440651e-14,5,4,0.031818934069047344,1.7626482921700557,5.069214318659235,LANE_SURFACE_STREET,False,True,False
waymo:training_20s:bd42a100a9c5e7e0,waymo,train,ok,-3.931639187099451,5.920995822869493,2.2026824808563106e-13,1,1,,,,,False,True,True
waymo:training_20s:bd642b62e6ef5032,waymo,train,ok,-5.09749981919224,7.128302744404165,1.1013412404281553e-13,1,1,,,,,False,True,True
waymo:training_20s:bd65857bee8101f8,waymo,validation,ok,-1.8074417474515383,6.514370637309304,7.505107646466058e-14,2,2,68.19050611802047,74.70487675532976,100.00000000000014,LANE_SURFACE_STREET,False,False,True
waymo:training_20s:bdabb0aac2d31638,waymo,test,ok,-8.916927700951252,23.969480090919863,1.7763568394002505e-14,1,1,,,,,False,True,True
waymo:training_20s:be00c6a368f695a,waymo,train,ok,-4.600654200245769,1.570936480394733,5.46229728115577e-14,3,3,38.20745496008579,-56.68547295491511,-42.80810916033156,LANE_SURFACE_STREET,False,True,False
waymo:training_20s:bea95d61613de863,waymo,train,ok,-5.096211422022137,10.696946492964457,2.842170943040401e-14,1,1,,,,,False,True,True
waymo:training_20s:beaa71486c79dd82,waymo,test,ok,-2.80879071758136,2.80879071758136,0.0,4,3,13.689878492446951,-23.009102869948038,-16.49866921002831,LANE_SURFACE_STREET,False,True,True
waymo:training_20s:beac7dd5807d387e,waymo,train,ok,-5.586600807235033,8.956734960527285,2.6645352591003757e-13,2,2,1.477411754158208,-10.478460861570241,-7.064012561393241,LANE_SURFACE_STREET,False,True,True
waymo:training_20s:bf16729be94a8149,waymo,test,ok,-9.056615403089863,5.386713569456947,4.005684672847565e-13,3,3,44.41234585214161,-63.975185660104074,-53.46896125523148,LANE_SURFACE_STREET,False,True,True
waymo:training_20s:bf25b7f379af1077,waymo,train,ok,-8.40335048129833,95.20837435133578,1.9895196601282805e-13,2,2,44.00397011255008,-64.99934646477469,-52.40732059384841,LANE_SURFACE_STREET,False,True,True
waymo:training_20s:bf426cc8c0cf7488,waymo,train,ok,-4.9584519162233835,10.189040056694767,1.7763568394002505e-15,2,2,1.6264517715351143,-10.132284596293644,-6.584903687758498,LANE_SURFACE_STREET,False,True,True
waymo:training_20s:bf5a5bcee7dd2883,waymo,test,ok,-4.619799876200702,4.807709014953187,1.2789769243681803e-13,2,2,72.18819837084854,76.99590738580173,85.66300714476355,LANE_SURFACE_STREET,False,True,True
waymo:training_20s:bf74ed6eb08c6078,waymo,train,ok,-1.4509605293681518,35.79687937227947,6.394884621840902e-14,2,2,0.0945616744958584,-12.77962874463286,-1.5455222038640102,LANE_SURFACE_STREET,False,False,True
waymo:training_20s:bf8910bd2f7e9561,waymo,train,ok,-4.165160361825089,1.8870393038154858,2.540190280342358e-13,2,2,82.32346297142978,84.21050227524526,95.35264026645243,LANE_SURFACE_STREET,False,True,False
waymo:training_20s:bf9df16bdab8edfa,waymo,train,ok,-4.7489876046398685,5.093399667095022,9.325873406851315e-14,5,5,0.5141841325152603,5.607583799610282,8.932816573548138,LANE_SURFACE_STREET,False,True,True
waymo:training_20s:c058f0165a1ac773,waymo,validation,ok,-1.5341826298070507,7.60595423078906,2.822186928597148e-13,2,2,84.84466120156047,92.45061543234954,99.99999999999943,LANE_SURFACE_STREET,False,False,True
waymo:training_20s:c05c4630dfdb904f,waymo,train,ok,-8.405848706218421,1.6689552966572592,1.4210854715202004e-14,5,5,0.47114969169797405,2.140104988355233,62.37933505106048,LANE_SURFACE_STREET,False,True,False
waymo:training_20s:c082c1664ba8156d,waymo,train,ok,-4.461967227139018,4.461967224755063,1.056932319443149e-13,2,2,30.154063216104497,-42.025448158148784,-34.61603044324352,LANE_SURFACE_STREET,False,True,True
waymo:training_20s:c08b28a9f38ff7ed,waymo,train,ok,-8.175816957730005,32.64971119198734,4.085620730620576e-14,2,2,11.698082253174242,44.347793445161585,49.61194074744671,LANE_SURFACE_STREET,False,True,True
waymo:training_20s:c0caa64427794a2c,waymo,train,ok,-3.8210524193938977,3.821052419393784,2.4424906541753444e-14,2,2,86.82643832590857,90.64749074530235,98.05903376189997,LANE_SURFACE_STREET,False,True,True
waymo:training_20s:c0d41527dfe3c9d4,waymo,train,ok,-2.4131244139501415,2.41313309251991,4.1033842990145786e-13,1,1,,,,,False,False,False
waymo:training_20s:c0d885ed691332df,waymo,test,ok,-1.7613883779816268,1.7613679482929046,7.616129948928574e-14,2,1,56.40093484643865,-74.11374304654242,-58.16232322442028,LANE_SURFACE_STREET,False,False,False
waymo:training_20s:c103deb1cd22a989,waymo,test,ok,-3.8247969434470037,3.8248106308451644,1.9051427102567686e-13,1,1,,,,,False,True,True
waymo:training_20s:c15487cee32474f9,waymo,test,ok,-2.4110094438256664,2.4110289264472793,5.284661597215745e-14,2,2,79.23989547822816,81.65092440467544,92.46165217066579,LANE_SURFACE_STREET,False,False,False
waymo:training_20s:c1a90de62185fec6,waymo,test,ok,-6.972949267865614,15.172505034541926,1.7763568394002505e-15,1,1,,,,,False,True,True
waymo:training_20s:c1aa3b121070dab3,waymo,validation,ok,-5.687608356262834,1.6524705117043939,8.548717289613705e-14,6,3,1.1610802716653834,2.8135507833697773,27.44294256194935,LANE_SURFACE_STREET,False,True,False
waymo:training_20s:c1cca1a2ef45b0b5,waymo,test,ok,-16.478337959574063,1.8188582104635223,1.4210854715202004e-14,1,1,,,,,False,True,False
waymo:training_20s:c1d120c9c97a2ee2,waymo,train,ok,-8.38267396981306,1.723131262038668,1.900701818158268e-13,1,1,,,,,False,True,False
waymo:training_20s:c1d4d20dce14d59e,waymo,train,ok,-5.177475681850066,8.639150824220419,2.3803181647963356e-13,4,2,46.090608874255665,-56.967795947246735,-51.268084556105734,LANE_SURFACE_STREET,False,True,True
waymo:training_20s:c1dfffbdbaf534eb,waymo,train,ok,-2.3228506400565285,2.3227817594733318,3.135269821541442e-13,2,2,79.32714474261074,-90.729255802923,-81.64999538266727,LANE_SURFACE_STREET,False,False,False
waymo:training_20s:c1ecacb62acfd2ef,waymo,train,ok,-5.350738462145057,7.027975029734765,1.3944401189291966e-13,1,1,,,,,False,True,True
waymo:training_20s:c1f330f781add4a8,waymo,test,ok,-1.7063525581442829,1.7063499254785373,7.704947790898586e-14,1,1,,,,,False,False,False
waymo:training_20s:c250e64b13e34681,waymo,train,ok,-5.070358800439026,1.8004667533726257,3.019806626980426e-14,2,2,75.93598216541776,77.73644891879039,84.33445871397836,LANE_SURFACE_STREET,False,True,False
waymo:training_20s:c254597873c0dc17,waymo,validation,ok,-17.727210905356593,12.438322262248034,1.4921397450962104e-13,3,3,2.04947593470461,-31.05968642538801,-19.776686840061203,LANE_SURFACE_STREET,False,True,True
waymo:training_20s:c25a8bbbeae2f480,waymo,validation,ok,-5.012797082783337,4.683071979150771,8.526512829121202e-14,1,1,,,,,False,True,True
waymo:training_20s:c25f5ea5d5e06226,waymo,train,ok,-1.7045247280469114,14.258575905669076,4.263256414560601e-14,1,1,,,,,False,False,True
waymo:training_20s:c26d0b89c44357d5,waymo,test,ok,-2.1741292609472276,50.06512165026893,5.46229728115577e-14,2,2,79.74219837409127,-100.0,-81.9163276350385,LANE_SURFACE_STREET,False,False,True
waymo:training_20s:c26e4cfadc7b6326,waymo,train,ok,-9.325292331795314,96.64854484763411,2.5934809855243657e-13,3,3,47.85487011053493,-63.46114825494302,-57.18016244233025,LANE_SURFACE_STREET,False,True,True
waymo:training_20s:c2799671a82c08f0,waymo,train,ok,-2.4657834316694207,48.18010953337766,3.836930773104541e-13,2,1,71.99409814018142,-80.14275076592793,-74.45988157185084,LANE_SURFACE_STREET,False,False,True
waymo:training_20s:c2b7df139731dff0,waymo,test,ok,-1.6501951059782265,1.6502041625695192,8.459899447643693e-14,5,5,20.543778357503356,-27.22349982735517,-22.193973463481584,LANE_SURFACE_STREET,False,False,False
waymo:training_20s:c2cc9e9de8b85b64,waymo,train,ok,-3.995143199618109,3.9950043956547905,1.2612133559741778e-13,1,1,,,,,False,True,True
waymo:training_20s:c31bb61be6827323,waymo,test,ok,-2.159888976598979,1.602757828212971,1.5543122344752192e-13,2,2,0.9353333523527865,2.5380911805657576,12.850936956128919,LANE_SURFACE_STREET,False,False,False
waymo:training_20s:c35bfbf31d7026d0,waymo,train,ok,-13.097076386470148,3.5533103338765994,4.440892098500626e-14,2,2,38.54304457158389,-62.95349837424263,-51.64012095805404,LANE_SURFACE_STREET,False,True,True
waymo:training_20s:c379058e281d2df6,waymo,train,ok,-5.9433015012132175,5.016428341854918,6.661338147750939e-14,5,5,0.8184596730279461,5.834888014882864,16.989529497293475,LANE_SURFACE_STREET,False,True,True
waymo:training_20s:c3c2ae7cb2682175,waymo,train,ok,-4.1170783951736105,4.1163186857061556,6.306066779870889e-14,1,1,,,,,False,True,True
waymo:training_20s:c3ce0acd134f7a4b,waymo,train,ok,-1.4482127483688072,1.7698927775172408,5.551115123125783e-14,2,2,82.50109548694613,84.27098826446337,89.56045097670759,LANE_SURFACE_STREET,False,False,False
waymo:training_20s:c4144d2843f20f72,waymo,test,ok,-9.660334951282831,12.997832617513994,1.3145040611561853e-13,2,2,11.767413254279237,-27.794763069614547,-21.427748205562068,LANE_SURFACE_STREET,False,True,True
waymo:training_20s:c41eaf486808758,waymo,train,ok,-8.376583469726691,47.49121433684291,4.973799150320701e-14,7,4,1.2262530902112498,-12.924254543673001,-9.602836559937941,LANE_SURFACE_STREET,False,True,True
waymo:training_20s:c43676600407bb03,waymo,train,ok,-9.825802768371643,24.595147223721806,8.970602038971265e-13,1,1,,,,,False,True,True
waymo:training_20s:c4582b5bc7b6cde2,waymo,validation,ok,-8.281519540227713,7.744839155142912,4.3520742565306136e-14,5,4,1.3892177810501707,-13.370351625772699,-9.670737321277883,LANE_SURFACE_STREET,False,True,True
waymo:training_20s:c48c4d685f02be75,waymo,test,ok,-2.512495426935924,5.887377362615256,1.021405182655144e-14,1,1,,,,,False,False,True
waymo:training_20s:c49d0a072a058dde,waymo,train,ok,-4.6778116147280295,1.5613308563492843,1.6431300764452317e-14,1,1,,,,,False,True,False
waymo:training_20s:c4a69f0540583711,waymo,train,ok,-2.4359646304250426,2.4332971603389195,3.219646771412954e-13,1,1,,,,,False,False,False
waymo:training_20s:c4b615417ef5f91a,waymo,validation,ok,-1.336965262507994,4.545728002507193,4.4653170050423796e-13,2,2,64.86712759365264,69.41285559615983,75.88314709155361,LANE_SURFACE_STREET,False,False,True
waymo:training_20s:c4bc92c273f2d055,waymo,test,ok,-69.79465571526079,20.896208952588967,2.842170943040401e-14,1,1,,,,,False,True,True
waymo:training_20s:c4d4eadc5dc8fe89,waymo,train,ok,-3.9441763440068587,3.144355393729786,1.0969003483296547e-13,3,2,4.264147622145604,-25.75811814120219,-8.208323966152463,LANE_SURFACE_STREET,False,True,True
waymo:training_20s:c4f3ecd604e469d1,waymo,train,ok,-3.9151313246445607,3.9151306921789044,5.133671265866724e-13,2,1,67.89261051617375,-82.5577857754127,-71.80774184081831,LANE_SURFACE_STREET,False,True,True
waymo:training_20s:c502dc53330aaf5a,waymo,train,ok,-5.511979985737529,1.8696906677637761,3.552713678800501e-15,2,2,88.99208920789168,-100.0,-94.5040691936292,LANE_SURFACE_STREET,False,True,False
waymo:training_20s:c503d5efdf34e0c3,waymo,test,ok,-1.474014474664418,1.4740142091591837,3.2862601528904634e-14,2,2,78.23769452528194,-86.7846098801011,-79.71170899994635,LANE_SURFACE_STREET,False,False,False
waymo:training_20s:c5362e8bb7674738,waymo,train,ok,-3.8564825250565544,2.4253460632756463,5.062616992290714e-14,1,1,,,,,False,True,False
waymo:training_20s:c53c75363c640f88,waymo,train,ok,-8.869293924754523,5.474505367857199,8.730793865652231e-13,1,1,,,,,False,True,True
waymo:training_20s:c553b6dc813ec6e3,waymo,train,ok,-5.461718625733936,4.582109307835965,3.419486915845482e-13,3,3,0.9509374187409909,5.533046726576956,12.078589305228249,LANE_SURFACE_STREET,False,True,True
waymo:training_20s:c573c39949f37d1b,waymo,test,ok,-2.093189690780044,6.778378507734827,3.5083047578154947e-14,6,5,3.961453382577296,-15.830613568437627,-6.05464307335734,LANE_SURFACE_STREET,False,False,True
waymo:training_20s:c577ad10858816bf,waymo,train,ok,-13.729842952899796,16.211815133128518,1.474376176702208e-13,3,1,28.997635129218466,-95.38636176254471,-42.72747808211826,LANE_SURFACE_STREET,False,True,True
waymo:training_20s:c59b59d5836a531a,waymo,test,ok,-3.0061549992327667,17.047048041703142,5.866418462119327e-13,5,3,3.4579226705348347,20.504970712237977,29.263376366086476,LANE_SURFACE_STREET,False,True,True
waymo:training_20s:c5aa632340f87265,waymo,train,ok,-5.188876743226319,4.792160034325958,1.438849039914203e-13,1,1,,,,,False,True,True
waymo:training_20s:c5ade58a981c3f57,waymo,train,ok,-8.935190546059852,5.649677435797195,1.3677947663381929e-13,2,2,1.4825529794631986,-13.829903905575023,-10.41774352552305,LANE_SURFACE_STREET,False,True,True
waymo:training_20s:c5bf27acbf084971,waymo,train,ok,-8.226681481790552,1.7045353826542156,4.107825191113079e-14,5,5,1.2321598277723054,2.936695210426521,79.64168641907665,LANE_SURFACE_STREET,False,True,False
waymo:training_20s:c5d7a3e51ec72721,waymo,validation,ok,-1.6289732355203803,1.543019257612039,7.949196856316121e-14,5,3,1.6421086492817438,3.185127906893783,16.476926008091425,LANE_SURFACE_STREET,False,False,False
waymo:training_20s:c5d9e6d90b7e548c,waymo,train,ok,-4.916825872404044,1.9290792268489243,8.79296635503124e-14,5,3,0.15018356286343515,-14.412947592338014,-5.0670094352674795,LANE_SURFACE_STREET,False,True,False
waymo:training_20s:c5db654b65d69ca0,waymo,train,ok,-5.423640903792437,12.284037851940173,5.329070518200751e-15,1,1,,,,,False,True,True
waymo:training_20s:c618a2ce0191662c,waymo,test,ok,-1.8555757534170605,5.5562313264897725,6.394884621840902e-14,2,2,53.29249653699936,58.84872786348913,75.24235415890811,LANE_SURFACE_STREET,False,False,True
waymo:training_20s:c6318b3f483fb370,waymo,validation,ok,-8.708350572811474,8.285913536607891,1.616484723854228e-13,5,3,16.452349681385947,-45.30378728855575,-25.160700254197423,LANE_SURFACE_STREET,False,True,True
waymo:training_20s:c637043910d07f51,waymo,train,ok,-14.946593394595162,99.85670780228733,1.1368683772161603e-13,3,3,54.788674772138044,-93.94169272913041,-69.7352681667332,LANE_SURFACE_STREET,False,True,True
waymo:training_20s:c66d88a28b85430e,waymo,train,ok,-3.4347158047717237,3.4347227005282295,2.531308496145357e-14,2,2,86.04171907631006,-100.0,-89.47643488108179,LANE_SURFACE_STREET,False,True,True
waymo:training_20s:c6700dd3a0f31bf3,waymo,train,ok,-5.644587606085883,9.197699991663546,5.204725539442734e-13,1,1,,,,,False,True,True
waymo:training_20s:c681877a72819cb4,waymo,train,ok,-3.3010063378110712,3.301001906391191,7.283063041541027e-14,4,2,27.25469182604563,30.555693732436822,75.05471384629786,LANE_SURFACE_STREET,False,True,True
waymo:training_20s:c68e1835194c3506,waymo,test,ok,-1.8555820905948586,8.932157063320794,9.303668946358812e-14,1,1,,,,,False,False,True
waymo:training_20s:c69c127ffba68f77,waymo,train,ok,-8.618207847711549,64.14364285288336,4.263256414560601e-14,4,3,15.538229564541307,-29.528724885899607,-24.156437412252856,LANE_SURFACE_STREET,False,True,True
waymo:training_20s:c6b525dfe4f395e5,waymo,validation,ok,-5.0122904362176826,80.77224691145702,7.958078640513122e-13,3,3,1.6652070053114727,-10.292742562482204,-6.677497441529155,LANE_SURFACE_STREET,False,True,True
waymo:training_20s:c704f59d533f55b9,waymo,train,ok,-5.150744261442289,24.4609952743429,2.318145675417327e-13,3,3,1.4130251494689317,-9.837981623824192,-6.56376941091122,LANE_SURFACE_STREET,False,True,True
waymo:training_20s:c70987ac6065a6c4,waymo,test,ok,-1.6955078973049094,5.8919413945003045,2.6645352591003757e-15,2,2,95.9893070130247,-100.0,-97.6848149103296,LANE_SURFACE_STREET,False,False,True
waymo:training_20s:c7481d80b0319fcc,waymo,train,ok,-1.9311863582915905,1.931023103576527,4.973799150320701e-14,2,2,0.3087237047343123,-23.138342239262528,-2.239910063025903,LANE_SURFACE_STREET,False,False,False
waymo:training_20s:c7509cb185a997be,waymo,train,ok,-4.2455393648733395,4.245513869864552,1.7763568394002505e-15,3,3,67.73612179379832,-95.48797064923669,-71.98166115867166,LANE_SURFACE_STREET,False,True,True
waymo:training_20s:c79942a57f399d71,waymo,train,ok,-5.528576879781746,12.683809739815635,1.4832579608992091e-13,2,2,68.56742847583789,-94.97569310383608,-74.09600535561964,LANE_SURFACE_STREET,False,True,True
waymo:training_20s:c7a8ae1bd60a30a5,waymo,train,ok,-4.931309827272619,4.961806164831281,3.3217872896784684e-13,7,4,1.0866245076282075,6.048430672459489,9.014581345084835,LANE_SURFACE_STREET,False,True,True
waymo:training_20s:c7c31535e0e2c3b1,waymo,test,ok,-4.160257444197933,4.1602445603977625,1.616484723854228e-13,1,1,,,,,False,True,True
waymo:training_20s:c7c9296b526ef6e0,waymo,train,ok,-5.428669880119671,4.893328013985773,1.4210854715202004e-14,2,2,71.67108168893877,-80.68512703975132,-77.09975156905844,LANE_SURFACE_STREET,False,True,True
waymo:training_20s:c7d05ede95fd79f,waymo,test,ok,-8.372999228166783,1.715659421235827,1.4432899320127035e-14,1,1,,,,,False,True,False
waymo:training_20s:c7d5c61ac06e0815,waymo,train,ok,-3.006188774143813,6.18908382252393,1.6697754290362354e-13,1,1,,,,,False,True,True
waymo:training_20s:c7e7e6a822bf6cb7,waymo,train,ok,-8.21158840806229,38.53789353811304,9.947598300641403e-14,3,2,3.4936513606446766,42.031544898757716,62.227770445690226,LANE_SURFACE_STREET,False,True,True
waymo:training_20s:c7f89dba054d8129,waymo,test,ok,-6.041533367883518,7.856724502655422,1.687538997430238e-14,2,2,77.21054651062057,-93.73052297194198,-83.25207987850409,LANE_SURFACE_STREET,False,True,True
waymo:training_20s:c81b051e007d2584,waymo,train,ok,-3.6663450080491566,3.669387881432676,5.182521078950231e-13,1,1,,,,,False,True,True
waymo:training_20s:c822568746a693d2,waymo,train,ok,-1.6974226115523616,14.497109792898003,6.661338147750939e-15,1,1,,,,,False,False,True
waymo:training_20s:c8431f0cb4fca240,waymo,train,ok,-4.839373421258089,4.968678478910141,2.930988785010413e-14,6,5,0.8740069552139849,-9.60311680058183,-5.713380376472074,LANE_SURFACE_STREET,False,True,True
waymo:training_20s:c87e6b67114591bb,waymo,train,ok,-1.9059498149229626,32.498249192524405,2.842170943040401e-14,2,2,24.151443181477937,56.64969237400234,61.088686533933554,LANE_SURFACE_STREET,False,False,True
waymo:training_20s:c89049c8cbc1e238,waymo,train,ok,-1.3559649704626517,1.4575138931107228,2.930988785010413e-14,9,5,0.0690841017026349,1.5265979948133577,8.54167076846484,LANE_SURFACE_STREET,False,False,False
waymo:training_20s:c8bfd2456051896,waymo,train,ok,-2.3662406441581494,6.073485734179773,1.8118839761882555e-13,1,1,,,,,False,False,True
waymo:training_20s:c90728ec596b1c71,waymo,train,ok,-9.971824022208004,4.011936035448586,4.476419235288631e-13,2,1,29.713229018803936,-49.561049064260885,-39.68505304101194,LANE_SURFACE_STREET,False,True,True
waymo:training_20s:c9449fd2ac1230e,waymo,test,ok,-8.342570309152563,7.977470106264574,1.7053025658242404e-13,3,3,1.1706721000679465,-13.2106378848339,-9.51324240922051,LANE_SURFACE_STREET,False,True,True
waymo:training_20s:c9672501a2509102,waymo,train,ok,-1.7884608814871057,13.05293911686152,2.4868995751603507e-14,3,3,32.418801091693155,45.47174020855468,52.29712342307701,LANE_FREEWAY,False,False,True
waymo:training_20s:c994f9874152e4fe,waymo,train,ok,-3.039041575396581,3.039036162585063,4.263256414560601e-14,1,1,,,,,False,True,True
waymo:training_20s:c9b2251f80c7bfa6,waymo,train,ok,-6.152719123041672,29.980146998326497,4.973799150320701e-14,1,1,,,,,False,True,True
waymo:training_20s:c9b25af32a74a761,waymo,train,ok,-5.15765731666953,1.9897173081030097,2.6645352591003757e-14,2,2,91.83549533851756,93.82521264662057,99.84426240994233,LANE_SURFACE_STREET,False,True,False
waymo:training_20s:ca0e5c4b3718575,waymo,train,ok,-1.7134381673335446,12.132660785196363,6.927791673660977e-14,4,3,1.632348891375974,-6.963493923517731,-3.3457870587095186,LANE_SURFACE_STREET,False,False,True
waymo:training_20s:ca3178a4e5d7e42,waymo,validation,ok,-8.624638669042676,100.0000000000001,1.0835776720341528e-13,1,1,,,,,False,True,True
waymo:training_20s:ca8c2f24bdcae012,waymo,train,ok,-1.9019292640349315,5.752427672543698,1.1901590823981678e-13,2,2,80.41666894214084,86.16909661468455,95.4830936853771,LANE_SURFACE_STREET,False,False,True
waymo:training_20s:ca976362d5fa02d6,waymo,train,ok,-2.3527891996433357,9.171277273093754,1.887379141862766e-13,1,1,,,,,False,False,True
waymo:training_20s:cab58fbf6b5b4eb4,waymo,train,ok,-3.7455574712142585,3.7217495461191143,7.460698725481052e-14,2,2,0.41402285728046806,-4.48679502620935,-4.159580328494727,LANE_SURFACE_STREET,True,True,True
waymo:training_20s:cac90072718349f5,waymo,test,ok,-4.970174237465155,5.09076409378534,5.3290705182007514e-14,3,4,14.096775615659485,-53.8646906057871,-19.06694985312464,LANE_SURFACE_STREET,False,True,True
waymo:training_20s:cb034216c4c21e2c,waymo,train,ok,-11.841349580882351,68.78460792423235,2.842170943040401e-14,2,2,1.5472279643904727,-16.63847316217715,-13.388577545272824,LANE_SURFACE_STREET,False,True,True
waymo:training_20s:cb0b5b040cd41ad,waymo,train,ok,-1.6750250407317193,8.336810236912383,1.829647544582258e-13,7,5,0.7774768148200923,9.114287051732475,49.041506889882754,LANE_SURFACE_STREET,False,False,True
waymo:training_20s:cb2515f4b2cd07a1,waymo,train,ok,-3.489620295209128,3.489622936793649,1.3455903058456897e-13,2,2,23.27390038919284,-30.97774885158927,-26.763520684401968,LANE_SURFACE_STREET,False,True,True
waymo:training_20s:cb56c781f6a6602d,waymo,train,ok,-3.3209347708272676,3.3209274385193117,6.217248937900877e-15,1,1,,,,,False,True,True
waymo:training_20s:cb9703fb271f1324,waymo,test,ok,-1.9284345662859614,8.663548280834057,3.907985046680551e-14,2,2,23.053184146907054,-32.80711771759374,-24.981618713193015,LANE_SURFACE_STREET,False,False,True
waymo:training_20s:cba5f0a43161677b,waymo,train,ok,-6.041302592787223,7.629217618728207,3.019806626980426e-14,4,3,31.814920017723352,39.44413763645156,89.69699995458805,LANE_SURFACE_STREET,False,True,True
waymo:training_20s:cbbb1970212df555,waymo,test,ok,-1.752063786637815,75.27629528735606,4.263256414560601e-14,3,3,1.4949457759223934,-6.6967828650311105,-3.2470095625602085,LANE_SURFACE_STREET,False,False,True
waymo:training_20s:cbd4a8fe3ef508ae,waymo,test,ok,-1.655278913102497,20.061282802776095,4.0256686872908176e-13,1,1,,,,,False,False,True
waymo:training_20s:cbed55436aaca645,waymo,train,ok,-1.9895577580281947,2.021168892233824,1.0658141036401503e-13,1,1,,,,,False,False,False
waymo:training_20s:cc088bf7769cdee7,waymo,train,ok,-5.7008591284701335,1.9255088554902933,4.796163466380676e-14,2,2,47.2013051934765,49.12681404896679,58.465381234941646,LANE_SURFACE_STREET,False,True,False
waymo:training_20s:cc45990576957758,waymo,train,ok,-1.7988917777979234,1.6057391245294939,2.289279876777073e-13,2,2,93.42730383367493,95.03304295820442,99.99999999999957,LANE_SURFACE_STREET,False,False,False
waymo:training_20s:cc70a6d945a4afff,waymo,test,ok,-1.8711406708307152,57.74636082677047,9.947598300641403e-14,3,3,1.284184869134333,-6.907181819898341,-3.155325539965048,LANE_SURFACE_STREET,False,False,True
waymo:training_20s:cc7a1e762a473d6e,waymo,train,ok,-4.144052235882756,4.144002519073313,1.1102230246251565e-13,6,4,6.239710860851159,-39.36839108426379,-10.383763096733915,LANE_SURFACE_STREET,False,True,True
waymo:training_20s:cc9596855c08369e,waymo,test,ok,-83.65533941340425,29.142764970700956,1.1368683772161603e-13,3,3,6.104256526526182,35.24702149722714,42.60254418415923,LANE_SURFACE_STREET,False,True,True
waymo:training_20s:cc99b3e79fb340b7,waymo,train,ok,-3.4624101089626182,6.180419975634963,2.020605904817785e-13,2,2,2.27779939909021,-6.4301732252874615,-5.740209508052828,LANE_SURFACE_STREET,False,True,True
waymo:training_20s:cca4aefe262de17b,waymo,test,ok,-12.583055244787264,42.09128437771054,8.064660050877137e-13,1,1,,,,,False,True,True
waymo:training_20s:ccd5ddd0124d3429,waymo,test,ok,-1.9690889987337337,16.993823717723178,3.3306690738754696e-14,2,2,74.89481256859561,-84.42119762825747,-76.86390156732935,LANE_SURFACE_STREET,False,False,True
waymo:training_20s:ccdab47710cff830,waymo,test,ok,-4.768384885473977,28.956791359650595,8.881784197001252e-16,1,1,,,,,False,True,True
waymo:training_20s:ccdcd5437df736bd,waymo,train,ok,-1.7620618253717035,1.7620618253740785,4.2543746303636e-13,2,1,77.8986961202944,79.66075794566848,100.00000000000054,LANE_SURFACE_STREET,False,False,False
waymo:training_20s:ccf8381e51d25374,waymo,train,ok,-6.531567404775696,2.2922498474775743,2.5934809855243657e-13,1,1,,,,,False,True,False
waymo:training_20s:ccfd9233e30c43e2,waymo,test,ok,-5.1021120330925385,9.504330185641061,1.4210854715202004e-13,3,3,48.98532410943981,-60.9693314976897,-54.08743614253235,LANE_SURFACE_STREET,False,True,True
waymo:training_20s:cd344e1d7fc7c4f5,waymo,train,ok,-1.538188602415165,3.5101032437095507,5.728750807065808e-14,2,2,0.8379186963947338,-7.581025122827441,-2.376107298809899,LANE_SURFACE_STREET,False,False,True
waymo:training_20s:cd345aa95b4918f2,waymo,train,ok,-6.2395535135592946,1.8637609361905645,7.476241847825804e-13,1,1,,,,,False,True,False
waymo:training_20s:cd6f564bdf12a05,waymo,train,ok,-1.6335571743719786,4.885600868877137,2.191580250610059e-13,4,4,20.50429988978257,25.389900758659707,51.63225041571985,LANE_SURFACE_STREET,False,False,True
waymo:training_20s:ce06cf6ffb4799cd,waymo,train,ok,-5.16766566091341,5.273611191591884,1.865174681370263e-14,6,5,0.8159042685767428,6.089515460168627,12.838580421525549,LANE_SURFACE_STREET,False,True,True
waymo:training_20s:ce4adad08ad80839,waymo,test,ok,-5.446556839568263,8.846234283122108,2.2026824808563106e-13,2,2,0.1830030492609005,-28.543872132412588,-5.629559888829164,LANE_SURFACE_STREET,False,True,True
waymo:training_20s:cf342e8f5fea437e,waymo,train,ok,-1.8338183881942642,9.947041402529921,6.128431095930864e-14,3,3,26.88340800752937,36.83044941005929,53.71891853115241,LANE_FREEWAY,False,False,True
waymo:training_20s:cf3ac8dff1af2df1,waymo,validation,ok,-3.3356652067896384,2.136892006418836,1.5987211554602254e-13,1,1,,,,,False,True,False
waymo:training_20s:cf4667029e2fe531,waymo,validation,ok,-9.25196249068644,5.515565045885948,5.5067062021407764e-14,2,1,8.948639563501258,-18.27771546298635,-18.200602054187698,LANE_SURFACE_STREET,False,True,True
waymo:training_20s:cf58d61aa5480f29,waymo,test,ok,-6.600913323058406,98.37201803956813,5.684341886080802e-14,1,1,,,,,False,True,True
waymo:training_20s:cf5baba12383cf8,waymo,train,ok,-1.7798691981405865,81.16841340300898,1.4210854715202004e-14,1,1,,,,,False,False,True
waymo:training_20s:cf9507c080c87abd,waymo,test,ok,-10.616795699045753,5.598347157853349,5.684341886080802e-14,2,2,80.28338296933556,-98.63673468203079,-90.90017866838132,LANE_SURFACE_STREET,False,True,True
waymo:training_20s:cf98e0848a8ce9da,waymo,train,ok,-9.221273715714586,2.14524123520046,2.6645352591003757e-14,3,2,10.073955733475584,12.219196968676044,28.700283131765502,LANE_FREEWAY|LANE_SURFACE_STREET,False,True,False
waymo:training_20s:cf9907f4fdcf061d,waymo,test,ok,-5.71249294432702,2.8171200742264877,3.2862601528904634e-14,2,2,51.928954428172666,54.74607450239915,59.66055539495662,LANE_SURFACE_STREET,False,True,True
waymo:training_20s:cfd37ad46f019465,waymo,test,ok,-28.857513462198796,49.14766207687513,7.105427357601002e-15,5,3,2.049342078214316,51.197004155089445,56.31897969806542,LANE_SURFACE_STREET,False,True,True
waymo:training_20s:d024c32ab5b14d0b,waymo,test,ok,-5.019687015688074,9.347986566662751,7.460698725481052e-14,1,1,,,,,False,True,True
waymo:training_20s:d033f3fd4fa37b49,waymo,train,ok,-2.8973747423754697,2.73681709398798,4.218847493575595e-14,2,2,79.76511978509514,-87.66567921113642,-82.66249452747061,LANE_SURFACE_STREET,False,True,True
waymo:training_20s:d034bd1c6c1d8c0f,waymo,train,ok,-4.051334228834943,4.051334263783281,1.3589129821411916e-13,3,3,70.31182733051187,-81.82353989801868,-74.36316155934682,LANE_SURFACE_STREET,False,True,True
waymo:training_20s:d037ef607b13cd87,waymo,train,ok,-1.8053876521684462,8.119939193260148,3.552713678800501e-15,4,4,28.79367449548157,36.91361368874172,44.06771036423794,LANE_SURFACE_STREET,False,False,True
waymo:training_20s:d03f20fae509c48e,waymo,train,ok,-99.99999999999963,99.99999999999963,3.694822225952521e-13,1,1,,,,,False,True,True
waymo:training_20s:d04be8be54abc373,waymo,train,ok,-6.983368171643887,1.6199270431927386,2.204902926905561e-13,3,1,20.14308092213244,-39.58094190270934,-27.12644909377633,LANE_SURFACE_STREET,False,True,False
waymo:training_20s:d04c4e5afff51696,waymo,train,ok,-1.6414936925864565,85.92328643918731,3.694822225952521e-13,3,2,0.40811222507535105,-12.948048001780236,-2.0496059176618076,LANE_SURFACE_STREET,False,False,True
waymo:training_20s:d0668624d8e53e84,waymo,test,ok,-4.912916557653352,4.669266684156162,3.774758283725532e-13,4,2,26.843416962794443,-37.45728980545014,-31.756333520447797,LANE_SURFACE_STREET,False,True,True
waymo:training_20s:d0740d07dafc36ce,waymo,test,ok,-100.00000000000003,5.107086142269322,4.440892098500626e-14,3,3,54.79325027078217,59.90033641305149,71.47665514290486,LANE_SURFACE_STREET,False,True,True
waymo:training_20s:d08cfcef5371e438,waymo,test,ok,-1.613536626480407,4.566342852848286,6.750155989720952e-14,2,2,79.36855938586368,-87.96859515569075,-80.98209601234409,LANE_SURFACE_STREET,False,False,True
waymo:training_20s:d0aabbc3b93104d5,waymo,train,ok,-3.8351388739747323,7.663432172896688,9.681144774731365e-14,2,2,68.38819897093053,76.05163114382722,82.59391035524212,LANE_SURFACE_STREET,False,True,True
waymo:training_20s:d0da7d0cb5fe1c14,waymo,train,ok,-5.7212391086591925,5.061576869787744,4.440892098500626e-14,1,1,,,,,False,True,True
waymo:training_20s:d0dd9f05ab4294ee,waymo,test,ok,-2.3079110991563137,50.55685371911525,3.6903813338540203e-13,1,1,,,,,False,False,True
waymo:training_20s:d0e476bfea958b7f,waymo,train,ok,-1.7377992630247845,93.98845701133236,3.552713678800501e-13,2,2,1.4437536118228977,-7.986678740802176,-3.1815528748476822,LANE_SURFACE_STREET,False,False,True
waymo:training_20s:d11171e2f830e143,waymo,train,ok,-4.806366614001843,5.864456982951365,4.991562718714704e-13,2,2,1.312490991396774,-9.373974309990686,-6.118857605398617,LANE_SURFACE_STREET,False,True,True
waymo:training_20s:d11191bbfa4b1360,waymo,train,ok,-1.999533205041201,9.216587939479053,2.6645352591003757e-14,3,3,5.915510644714461,-12.425341180128186,-7.915043849755662,LANE_FREEWAY,False,False,True
waymo:training_20s:d13cbc4fe85d4331,waymo,train,ok,-8.009050980453088,3.56169605001091,2.184918912462308e-13,3,2,25.286660635827218,28.848356685838127,43.747926140123866,LANE_SURFACE_STREET,False,True,True
waymo:training_20s:d16ce15dfc38eae0,waymo,train,ok,-9.87396425221265,1.7896665661651474,4.1722181265413383e-13,5,4,19.84521821050638,-60.031158196435854,-29.719182462719033,LANE_SURFACE_STREET,False,True,False
waymo:training_20s:d1943e0e579545c4,waymo,train,ok,-5.29426016842555,1.510491989741456,1.2434497875801753e-14,7,3,0.34005693136874715,1.850548921110203,4.512851241116081,LANE_SURFACE_STREET,False,True,False
waymo:training_20s:d1abe983c3539e68,waymo,train,ok,-2.958353075520614,2.958362730659694,5.626610288800293e-13,2,2,33.394218137088224,36.35258086774792,45.72497072529501,LANE_SURFACE_STREET,False,True,True
waymo:training_20s:d1f08de64afcb206,waymo,train,ok,-5.471856623551538,1.9084031059356767,1.1435297153639112e-13,3,3,7.190355577658885,-18.985868439732272,-12.662212201210423,LANE_SURFACE_STREET,False,True,False
waymo:training_20s:d2153eb01e723c4d,waymo,train,ok,-1.8225870702522182,13.860913436390176,6.439293542825908e-14,2,1,75.07759757982731,-83.7407622905156,-76.90018465007952,LANE_SURFACE_STREET,False,False,True
waymo:training_20s:d229d1a4397a7507,waymo,test,ok,-13.513049437037406,5.71226571498935,3.801403636316536e-13,2,1,84.1406651483712,89.85293086336054,99.50519031997504,LANE_SURFACE_STREET,False,True,True
waymo:training_20s:d26a6a2748bfbdc0,waymo,train,ok,-6.486146844818832,5.298445259715458,2.993161274389422e-13,1,1,,,,,False,True,True
waymo:training_20s:d2ae10f6ad2f872c,waymo,train,ok,-10.191672392890887,5.935334391496938,1.5720758028692217e-13,3,2,3.2947726074930372,-13.77052904466727,-13.486445000383924,LANE_SURFACE_STREET,False,True,True
waymo:training_20s:d2d79f0f1cf21474,waymo,train,ok,-1.5307148173183702,8.33976247887649,6.039613253960852e-14,6,5,0.6822879293582709,9.022050408234762,12.128312571794538,LANE_SURFACE_STREET,False,False,True
waymo:training_20s:d2df5fa2545f092,waymo,test,ok,-5.784009027051604,9.531308499973505,5.684341886080802e-14,1,1,,,,,False,True,True
waymo:training_20s:d2f85e0093d7ed0d,waymo,train,ok,-8.35448873161007,6.267916394858169,3.907985046680551e-13,3,2,37.939036332043024,44.20695272690119,50.00200885638236,LANE_SURFACE_STREET,False,True,True
waymo:training_20s:d2fd5a7373c626a7,waymo,train,ok,-3.239918947219782,3.2221832275388045,1.1146639167236572e-13,1,1,,,,,False,True,True
waymo:training_20s:d30fea214c96e53e,waymo,train,ok,-3.600392097000956,4.5226768548295535,4.973799150320701e-14,5,2,4.344857242905114,-15.953944007461345,-7.94524933990607,LANE_SURFACE_STREET,False,True,True
waymo:training_20s:d3442ec49ee77695,waymo,test,ok,-2.0601626863077294,2.0602482858394846,3.774758283725532e-14,1,1,,,,,False,False,False
waymo:training_20s:d345faf7230c79f,waymo,train,ok,-1.6922503094004444,8.729887783058382,6.572520305780927e-14,3,3,24.53433682848928,33.26422461154766,45.6033972730514,LANE_SURFACE_STREET,False,False,True
waymo:training_20s:d38195969375910b,waymo,train,ok,-8.871308734737312,1.5632950984027447,3.0109248427834245e-13,3,3,49.59335156779841,-66.06972229459228,-58.46466030253572,LANE_SURFACE_STREET,False,True,False
waymo:training_20s:d39b293834d40797,waymo,train,ok,-1.642794447858257,12.678257678370752,6.350475700855895e-14,2,2,69.13430267686428,81.81256035523504,88.6622068023531,LANE_SURFACE_STREET,False,False,True
waymo:training_20s:d3a19cd153daf538,waymo,train,ok,-5.8190844373606145,5.110452008376026,3.197442310920451e-14,6,7,0.6613021148848652,5.771754123260891,34.459670082801296,LANE_SURFACE_STREET,False,True,True
waymo:training_20s:d40fd97cd3b8dd6f,waymo,train,ok,-6.444794661517042,5.941628651220079,6.306066779870889e-14,3,2,60.678538207500004,-73.13040186402574,-67.12333286901705,LANE_SURFACE_STREET,False,True,True
waymo:training_20s:d46593ed2bc3a4d7,waymo,test,ok,-5.147688556026637,5.099448106398603,1.2256862191861728e-13,2,2,52.98734337680562,58.08679148320422,64.43560431270822,LANE_SURFACE_STREET,False,True,True
waymo:training_20s:d4fb137f849b65a2,waymo,validation,ok,-1.7491409556055546,1.7491446959696737,1.6431300764452317e-14,1,1,,,,,False,False,False
waymo:training_20s:d564d7a9fde7313a,waymo,train,ok,-6.050696361873441,6.032084267130567,1.0897949209720537e-12,1,1,,,,,False,True,True
waymo:training_20s:d5655cd13504beae,waymo,train,ok,-9.091483588721974,3.815989090809447,3.907985046680551e-14,2,1,24.846130521442927,-99.35389250531577,-33.9376141101649,LANE_SURFACE_STREET,False,True,True
waymo:training_20s:d56b4cef2b9976b3,waymo,train,ok,-1.9049292665599873,32.06661457757875,8.72635297355373e-14,3,3,24.478133904785835,56.54474848236458,56.7578284550041,LANE_SURFACE_STREET,False,False,True
waymo:training_20s:d56c64cbee72ec33,waymo,test,ok,-8.041066379501387,1.5952743015694766,7.815970093361102e-13,1,1,,,,,False,True,False
waymo:training_20s:d577de316380f5bb,waymo,test,ok,-5.027658184549217,4.9510308428112975,5.311306949806749e-13,1,1,,,,,False,True,True
waymo:training_20s:d5836901fdc61760,waymo,test,ok,-24.37964683900756,1.6584836342993632,1.1759482276829658e-12,2,1,51.538943953822404,53.19742758812177,69.36629804281247,LANE_SURFACE_STREET,False,True,False
waymo:training_20s:d5b1e325f5a085b3,waymo,test,ok,-3.6532373134588774,1.576934447278354,2.4868995751603507e-14,5,4,25.72129721659322,27.298231663871576,52.09915951881777,LANE_SURFACE_STREET,False,True,False
waymo:training_20s:d5b26fea3b65b2df,waymo,train,ok,-8.911717632433668,1.8262367536847932,3.950173521616307e-13,5,6,0.5525853820464761,2.3788221357312693,9.185634579291502,LANE_SURFACE_STREET,False,True,False
waymo:training_20s:d5edfe96d84643bb,waymo,train,ok,-8.869274477667926,5.475614067972335,7.913669719528116e-13,1,1,,,,,False,True,True
waymo:training_20s:d5fa91637563fafb,waymo,test,ok,-1.8752070594891699,1.757402831774018,5.906386491005833e-14,1,1,,,,,False,False,False
waymo:training_20s:d64a20c5624985c3,waymo,train,ok,-4.963467285538873,1.3001254337245554,2.398081733190338e-14,1,1,,,,,False,True,False
waymo:training_20s:d660caf7cbfa8bfa,waymo,train,ok,-5.025259115536967,4.1511880675217245,5.1514348342607263e-14,2,1,58.15712698892406,-100.0,-63.18238610446103,LANE_SURFACE_STREET,False,True,True
waymo:training_20s:d6bb550c1822d06d,waymo,train,ok,-10.431980364484183,1.71680523744892,6.394884621840902e-14,8,3,1.1683339900854612,2.8851392275343812,8.625505380018666,LANE_SURFACE_STREET,False,True,False
waymo:training_20s:d6d9b4b4ded9d6c6,waymo,train,ok,-1.641633046749826,53.72930562602495,1.4210854715202004e-14,5,5,0.444301692852866,-11.922297225959227,-2.085934739602692,LANE_SURFACE_STREET,False,False,True
waymo:training_20s:d6daac483f432f29,waymo,train,ok,-1.4777323045076232,4.905454608798129,5.488942633746774e-13,4,3,8.15194101840699,-12.586161539124063,-9.629673322914613,LANE_SURFACE_STREET,False,False,True
waymo:training_20s:d6f6ab4992915b13,waymo,test,ok,-8.146132603624938,1.74979442607866,1.900701818158268e-13,5,3,1.0815882718456233,2.8313826979242833,100.00000000000034,LANE_SURFACE_STREET,False,True,False
waymo:training_20s:d73b467eddad02a5,waymo,train,ok,-4.8796663168934495,4.879666316896754,2.930988785010413e-14,3,2,69.55363977088862,74.43330608778538,84.77654708012486,LANE_SURFACE_STREET,False,True,True
waymo:training_20s:d74f52b5b2cb8bab,waymo,train,ok,-7.980799987855588,1.5723503087453767,3.7214675785435247e-13,6,5,17.002060009940685,18.574410318686063,53.01931186459845,LANE_SURFACE_STREET,False,True,False
waymo:training_20s:d75f964db52b918e,waymo,train,ok,-4.298959678956736,100.00000000000017,8.348877145181177e-14,1,1,,,,,False,True,True
waymo:training_20s:d79839258131d719,waymo,train,ok,-1.5356279760203078,1.5652388251948204,5.1958437552457326e-14,1,1,,,,,False,False,False
waymo:training_20s:d79a22de8bfad35e,waymo,train,ok,-1.7401623665744301,9.287560322499992,2.2026824808563106e-13,2,2,62.90030285979088,72.18786318229087,84.09651802190479,LANE_SURFACE_STREET,False,False,True
waymo:training_20s:d79bd28a09b7911f,waymo,test,ok,-5.702873853288879,88.15133291220322,1.0036416142611415e-13,2,2,44.55350031946404,-57.66816922036403,-50.25637417275292,LANE_SURFACE_STREET,False,True,True
waymo:training_20s:d7ab5e6f5d122af5,waymo,train,ok,-1.9152915479497148,2.4044042951416227,1.758593271006248e-13,2,2,0.7734460729353518,3.1778503680769745,7.154908811099503,LANE_SURFACE_STREET,False,False,False
waymo:training_20s:d7be7c4f3d73fc2a,waymo,test,ok,-3.7353376913490077,3.735356543694011,9.059419880941277e-14,1,1,,,,,False,True,True
waymo:training_20s:d7c988f571e67da1,waymo,train,ok,-13.179018891928715,1.4782990261487143,7.205347429817266e-13,2,2,1.4990777474422767,-18.071167598409488,-14.678096639370992,LANE_SURFACE_STREET,False,True,False
waymo:training_20s:d7d64f5d00ffa88d,waymo,train,ok,-4.066129345504502,4.0661293455063205,2.788880237858393e-13,2,2,87.11629341799788,91.1824227635042,96.91832310389839,LANE_SURFACE_STREET,False,True,True
waymo:training_20s:d7e3a5bf1d3ba648,waymo,validation,ok,-1.6061377721960919,8.708003121944797,4.218847493575595e-14,1,1,,,,,False,False,True
waymo:training_20s:d82e315570a975f4,waymo,test,ok,-5.159534142913799,5.3627828997614415,0.0,1,1,,,,,False,True,True
waymo:training_20s:d887b85f2ed56cb9,waymo,train,ok,-9.063710675967176,1.610327493931308,2.8199664825478976e-14,2,2,26.96137952562613,28.571707019557437,34.66271702677969,LANE_SURFACE_STREET,False,True,False
waymo:training_20s:d89c2f25391e76d9,waymo,train,ok,-5.331079549428796,5.278436913494178,1.1546319456101628e-14,4,4,1.8405636359845348,-10.833444618881586,-7.1716431854133305,LANE_SURFACE_STREET,False,True,True
waymo:training_20s:d8cf2dde2395f91e,waymo,test,ok,-12.205111065098313,70.56168346776386,6.536993168992922e-13,3,3,0.011630972301867715,-90.83455587025965,-12.21674203740018,LANE_SURFACE_STREET,False,True,True
waymo:training_20s:d8d1acb3b6e740e2,waymo,test,ok,-1.5651424137522407,6.389304710426893,6.217248937900877e-14,3,3,25.45199104667607,-34.60288377072855,-27.01713346042831,LANE_SURFACE_STREET,False,False,True
waymo:training_20s:d9158515f0c6e424,waymo,validation,ok,-6.9346915406656375,2.295801949539447,1.2434497875801753e-14,1,1,,,,,False,True,False
waymo:training_20s:d91d281365b50e90,waymo,train,ok,-1.9851357431011505,4.750570617588473,8.837375276016246e-14,2,1,55.21960661830331,-61.31118015864525,-57.20474236140446,LANE_SURFACE_STREET,False,False,True
waymo:training_20s:d929702fab3f91c3,waymo,train,ok,-2.000758283648824,2.479966854213557,4.556355293061642e-13,2,2,71.50933289073876,73.98929974495232,82.48052419764005,LANE_SURFACE_STREET,False,False,False
waymo:training_20s:d947fc69f7ee6dbe,waymo,train,ok,-4.962966381835458,10.40218110059463,1.829647544582258e-13,4,3,15.888870706418702,26.291051807013332,70.25218961686599,LANE_SURFACE_STREET,False,True,True
waymo:training_20s:d96d24628752856f,waymo,train,ok,-9.636791956991273,1.7673905174096816,1.7763568394002505e-15,3,3,53.758282572682724,-64.4793078411151,-63.395074529674,LANE_SURFACE_STREET,False,True,False
waymo:training_20s:d978df3458fdaebf,waymo,train,ok,-4.291871656462019,4.2918104461634705,1.1546319456101628e-13,2,2,89.11087406566013,-96.69742470930434,-93.40274572212215,LANE_SURFACE_STREET,False,True,True
waymo:training_20s:d98fd809231913df,waymo,train,ok,-1.7153313512240682,7.639094310460882,3.086420008457935e-14,3,3,79.62162904486178,87.26072335532265,93.68129731085509,LANE_SURFACE_STREET,False,False,True
waymo:training_20s:d9d611010148f888,waymo,test,ok,-9.218554007027329,99.60555320004353,2.4158453015843406e-13,1,1,,,,,False,True,True
waymo:training_20s:d9f50e4eccc6ca28,waymo,test,ok,-88.8567632835815,99.99999999999943,1.4210854715202004e-13,1,1,,,,,False,True,True
waymo:training_20s:da14ba6ded9f1c67,waymo,train,ok,-3.161522273907738,3.161515358570256,1.4210854715202004e-14,3,2,44.10712728134392,-53.76693128511559,-47.268649555251656,LANE_SURFACE_STREET,False,True,True
waymo:training_20s:da4e778bd762ad0a,waymo,validation,ok,-7.8335843534903145,2.998487212534586,9.814371537686384e-14,3,2,0.01247785066689211,-12.772014000937773,-7.846062204157207,LANE_SURFACE_STREET,False,True,True
waymo:training_20s:da7b147b0c611e12,waymo,train,ok,-12.955302928944656,5.6353001949511645,8.446576771348191e-13,2,2,7.882206938904764,-27.16308805387399,-20.83750986784942,LANE_FREEWAY,False,True,True
waymo:training_20s:da9499d45fd9e428,waymo,train,ok,-3.793168727544617,3.793119766967785,4.911626660941693e-13,1,1,,,,,False,True,True
waymo:training_20s:da9d32c6cab98175,waymo,test,ok,-7.008497066498703,7.008531836497414,2.6645352591003757e-15,1,1,,,,,False,True,True
waymo:training_20s:dab1b76080f06d3b,waymo,test,ok,-4.970038338426726,11.318188806522805,3.552713678800501e-14,5,3,1.1327326444839434,-9.577708594798295,-6.10277098291067,LANE_SURFACE_STREET,False,True,True
waymo:training_20s:daccf49e0efc62c4,waymo,validation,ok,-2.1247424142558287,9.311391557538382,8.881784197001252e-14,4,3,36.23232746401827,45.543719021556655,45.798845950571035,LANE_SURFACE_STREET,False,False,True
waymo:training_20s:daeae6b651767810,waymo,train,ok,-1.4891722686665942,1.873891194421951,2.1316282072803006e-14,2,1,5.228437191703689,-7.090448716561298,-6.717609460370284,LANE_SURFACE_STREET,False,False,False
waymo:training_20s:db64dc8fbf102036,waymo,train,ok,-5.12799964902212,7.948065387300147,5.684341886080802e-14,2,2,75.57390324629223,-86.94621553776777,-80.70190289531435,LANE_SURFACE_STREET,False,True,True
waymo:training_20s:db6c158f7d2d7870,waymo,test,ok,-10.70121255044274,2.190847197424988,8.5087492607272e-13,1,1,,,,,False,True,False
waymo:training_20s:db97863aa7d63687,waymo,train,ok,-1.6218977483592967,4.962115222188146,7.971401316808624e-14,2,2,42.27661497871307,47.238730200901216,54.832069203612775,LANE_SURFACE_STREET,False,False,True
waymo:training_20s:dbb56cee136bec23,waymo,train,ok,-2.210052993892678,1.7330082267836115,5.284661597215745e-14,2,2,82.87440881451336,-91.73944987503089,-85.08446180840603,LANE_SURFACE_STREET,False,False,False
waymo:training_20s:dbc788cbb7e056a5,waymo,train,ok,-4.046180824485814,4.046177964099082,1.1546319456101628e-13,1,1,,,,,False,True,True
waymo:training_20s:dbdb26efa8f5c690,waymo,validation,ok,-1.6357315005601833,1.635731499100442,4.0190073491430667e-14,3,3,0.07221083666642869,-21.380539782217156,-1.707942337226612,LANE_SURFACE_STREET,False,False,False
waymo:training_20s:dc04b9f610fd845a,waymo,train,ok,-1.567205478756952,3.4556755709914357,4.2077452633293433e-13,1,1,,,,,False,False,True
waymo:training_20s:dc0e5cdb4ed4829a,waymo,validation,ok,-36.22317422978987,47.284244427218766,4.405364961712621e-13,3,3,33.61543260324959,80.89967703046835,87.10343863422295,LANE_SURFACE_STREET,False,True,True
waymo:training_20s:dc2c0532090ffafc,waymo,train,ok,-2.6661651922964684,2.6661284766552527,2.62456723021387e-13,1,1,,,,,False,True,True
waymo:training_20s:dc37501d655a357e,waymo,test,ok,-1.7569632387267369,13.389808968069541,1.0302869668521453e-13,2,2,19.081747967368603,32.471556935438144,39.544053840503835,LANE_FREEWAY,False,False,True
waymo:training_20s:dc44574c627ede7f,waymo,train,ok,-4.538126452647566,7.8940417789945645,1.652011860642233e-13,2,2,5.030515734447912,-14.327144835887538,-9.568642187095477,LANE_SURFACE_STREET,False,True,True
waymo:training_20s:dc7873fb59f83420,waymo,train,ok,-2.2092613111598807,2.209273931535138,1.9628743075372768e-13,3,3,1.9248516408416778,-12.424211209985998,-4.1341129520015585,LANE_SURFACE_STREET,False,False,False
waymo:training_20s:dc8208a3b96b44c4,waymo,train,ok,-1.6710683906728587,8.49565566710009,5.795364188543317e-14,6,6,5.384247752967936,-13.062054836022824,-7.055316143640795,LANE_SURFACE_STREET,False,False,True
waymo:training_20s:dc83f73e0c293ab8,waymo,train,ok,-1.776045588396504,1.957200375659881,3.7969627442180354e-14,1,1,,,,,False,False,False
waymo:training_20s:dca93b6297d62f12,waymo,train,ok,-1.7114246887911244,1.7114265368688402,3.042011087472929e-14,3,3,7.100317632915138,-19.62585405646024,-8.811742321706262,LANE_SURFACE_STREET,False,False,False
waymo:training_20s:dcd508cf0f952bcd,waymo,test,ok,-10.543625261513407,2.5956438867189564,2.3092638912203256e-14,1,1,,,,,False,True,True
waymo:training_20s:dcdffafcd943a45,waymo,train,ok,-8.805876144808341,1.7289614579234769,3.5349501104064984e-13,3,3,35.96417998658683,37.6931414445103,42.81594211482118,LANE_SURFACE_STREET,False,True,False
waymo:training_20s:dcf4f6cd5a8b19cb,waymo,test,ok,-1.6491187356034107,15.164828826319235,3.019806626980426e-14,3,2,59.344195802705755,74.50902462902499,99.54308834988163,LANE_SURFACE_STREET,False,False,True
waymo:training_20s:dd23cc91dcd05099,waymo,test,ok,-39.50341857150956,15.328367326258578,2.3447910280083306e-13,5,2,2.3988368202630284,-45.75752522585689,-41.90225539177259,LANE_FREEWAY,False,True,True
waymo:training_20s:dd460ab008b7b90d,waymo,train,ok,-5.429857808335047,5.940601593318491,2.4868995751603507e-14,4,3,10.965947839390822,16.906549432709312,20.655887685670294,LANE_SURFACE_STREET,False,True,True
waymo:training_20s:dd670f9a2f238be8,waymo,train,ok,-4.926304693134425,6.429137123861486,3.9879211044535623e-13,2,1,45.73236579249539,52.16150291635688,93.44384493055048,LANE_SURFACE_STREET,False,True,True
waymo:training_20s:dd713450fb5d5f57,waymo,train,ok,-1.9277913471708363,20.909319745961866,2.5979218776228663e-14,5,3,22.592867059373916,43.50218680533578,48.54559271093092,LANE_SURFACE_STREET,False,False,True
waymo:training_20s:dddfff7513c58d55,waymo,test,ok,-1.9000982518356666,16.26519622170695,3.397282455352979e-14,1,1,,,,,False,False,True
waymo:training_20s:de0d4e01f454eccd,waymo,test,ok,-1.8994476234283677,9.154497770414746,1.5987211554602254e-13,1,1,,,,,False,False,True
waymo:training_20s:de0d757b66cf419e,waymo,test,ok,-11.995522866858149,86.74150187216098,1.2789769243681803e-13,2,2,1.485749891767984,-16.847505932681514,-13.481272758626133,LANE_SURFACE_STREET,False,True,True
waymo:training_20s:de4cf198b53aeacc,waymo,test,ok,-6.234935919054842,2.2703127989142806,4.75175454539567e-14,3,2,27.65576981216767,-77.6259091383418,-33.89070573122251,LANE_SURFACE_STREET,False,True,False
waymo:training_20s:dea51d710fcda412,waymo,test,ok,-8.71423318899307,1.8824533898343367,8.881784197001252e-13,3,3,0.8864639734098767,2.7689173632442134,9.444547399636448,LANE_SURFACE_STREET,False,True,False
waymo:training_20s:dee2e510804392cc,waymo,train,ok,-1.5379500716215508,99.75714197027995,2.842170943040401e-14,1,1,,,,,False,False,True
waymo:training_20s:dee974ed720abf6,waymo,train,ok,-2.1977083893211553,2.1977083893193363,2.9309887850104133e-13,8,8,13.889720259341795,-20.95470871326414,-16.08742864866295,LANE_SURFACE_STREET,False,False,False
waymo:training_20s:df0edcbc8e89bf30,waymo,train,ok,-4.059963895705409,4.244355843325651,5.773159728050814e-14,2,2,93.90746310515607,98.15181894848172,98.55893774485102,LANE_SURFACE_STREET,False,True,True
waymo:training_20s:df1065effe5f3fc1,waymo,train,ok,-5.3463076792383495,1.8919179396894519,4.1744385725905886e-14,2,2,0.04786673346247117,-9.663296257840287,-5.394174412700821,LANE_SURFACE_STREET,False,True,False
waymo:training_20s:df1ef66932def08c,waymo,train,ok,-8.004534587896607,57.943965174261905,8.526512829121202e-14,4,3,25.304819978082655,-61.53899308036191,-33.30935456597926,LANE_SURFACE_STREET,False,True,True
waymo:training_20s:df65f4e586d3a2c4,waymo,train,ok,-8.574371751944861,2.5136910197516844,4.3165471197426086e-13,2,2,1.4904158188014431,-15.144219622361476,-10.064787570746304,LANE_SURFACE_STREET,False,True,False
waymo:training_20s:df9e1b10f1e7f728,waymo,test,ok,-12.31855552596954,1.7171310975456278,2.4513724383723456e-13,2,2,1.8366600927686854,-17.45741960488388,-14.155215618738225,LANE_SURFACE_STREET,False,True,False
waymo:training_20s:dffbfc6327b84335,waymo,test,ok,-9.30795833328115,1.70080189472453,2.842170943040401e-14,3,2,9.752505063724902,11.453306958449431,15.87171070648506,LANE_SURFACE_STREET,True,True,False
waymo:training_20s:e028754632ec8c1c,waymo,train,ok,-3.742935745930894,3.7429993266195156,9.85878045867139e-14,2,2,79.86668593539262,83.60968526201214,91.669011365448,LANE_SURFACE_STREET,False,True,True
waymo:training_20s:e0531cdad1358aac,waymo,validation,ok,-4.93322479444085,1.4214811967897534,8.260059303211165e-14,2,2,75.41078183128053,76.83226302807029,84.5783404776856,LANE_SURFACE_STREET,False,True,False
waymo:training_20s:e0810a0842ef700b,waymo,test,ok,-2.4636289452739444,2.4635893722219606,4.796163466380676e-14,2,1,32.71985117238806,35.18344054461002,36.20374033921004,LANE_SURFACE_STREET,False,False,False
waymo:training_20s:e093b7784ead39a8,waymo,train,ok,-5.123186371244163,5.392540220249953,1.5987211554602254e-13,1,1,,,,,False,True,True
waymo:training_20s:e099d22eb1298781,waymo,test,ok,-2.104899930810329,9.091130379721148,3.3928415632544784e-13,2,2,61.37874880512784,70.46987918484899,77.164302983926,LANE_SURFACE_STREET,False,False,True
waymo:training_20s:e0b1c5c6811c903c,waymo,train,ok,-10.319732592030702,5.29584467042992,3.8902214782865485e-13,1,1,,,,,False,True,True
waymo:training_20s:e0fb6d6ea02227ae,waymo,train,ok,-1.9841859321386839,1.9841859321399318,5.1736392947532295e-14,1,1,,,,,False,False,False
waymo:training_20s:e13b0c505dfe5440,waymo,train,ok,-3.0372157226884036,3.037188096650509,4.134470543704083e-13,6,6,12.69496800480013,-22.23015713054025,-15.732183727488533,LANE_SURFACE_STREET,False,True,True
waymo:training_20s:e13f6fb32385f550,waymo,train,ok,-3.428793708563136,2.733296152318794,1.0746958878371515e-13,1,1,,,,,False,True,True
waymo:training_20s:e14a7e2f4e0fce3c,waymo,test,ok,-4.770661851031725,4.759134978335579,6.217248937900877e-15,1,1,,,,,False,True,True
waymo:training_20s:e169de40170dd9a1,waymo,train,ok,-2.0203408342479094,9.663715170586093,1.0600409439120995e-12,2,1,33.86699241559534,-59.94287956494698,-35.88733324984325,LANE_FREEWAY,False,False,True
waymo:training_20s:e16a00dcce20dedf,waymo,test,ok,-1.614967744563038,4.8795792121122945,3.206324095117452e-13,3,3,1.764860763069401,-7.006012163151169,-3.379828507632439,LANE_SURFACE_STREET,False,False,True
waymo:training_20s:e170c962cde29adb,waymo,train,ok,-2.874779754583363,2.8747799638053637,4.0678571622265736e-13,1,1,,,,,False,True,True
waymo:training_20s:e1cc1896f69b2607,waymo,train,ok,-7.92470552606288,87.26600393501045,1.4210854715202004e-14,2,2,84.51321673545412,-98.47448325756568,-92.437922261517,LANE_SURFACE_STREET,False,True,True
waymo:training_20s:e1ce61eb8a178620,waymo,test,ok,-12.315200568050436,1.3895109999244704,6.88338275267597e-14,2,2,95.29720761608571,96.68671861601018,100.00000000000011,LANE_SURFACE_STREET,False,True,False
waymo:training_20s:e1e0ef2bf26e5fac,waymo,train,ok,-2.875430090915909,2.875300576285365,1.0658141036401503e-14,2,2,84.18711599842275,-93.27860269716669,-87.06254608933867,LANE_SURFACE_STREET,False,True,True
waymo:training_20s:e1ea31997f9a8cc8,waymo,train,ok,-2.4294954532279074,5.331133720689977,1.3322676295501878e-14,2,2,78.7400095346765,84.07114325536648,91.77200399515837,LANE_SURFACE_STREET,False,False,True
waymo:training_20s:e1ee5025a1f8ff17,waymo,train,ok,-2.6357730932920114,2.635772865011804,1.9095836023552692e-14,1,1,,,,,False,True,True
waymo:training_20s:e211c9b4f68ff2c8,waymo,train,ok,-3.6878914296847385,3.6878914290880993,3.148592497836944e-13,2,2,86.84920116398669,-100.0,-90.53709259367143,LANE_SURFACE_STREET,False,True,True
waymo:training_20s:e22d3110574c4d5d,waymo,train,ok,-14.265511019294324,2.430247431605314,1.0125233984581428e-13,6,2,8.019110229682125,-31.338820056052782,-22.28462124897645,LANE_SURFACE_STREET,False,True,False
waymo:training_20s:e244d04e60192df9,waymo,validation,ok,-8.225972034206931,7.7727211575558846,6.927791673660977e-14,4,4,1.3951528168157825,-13.217335966611046,-9.621124851022714,LANE_SURFACE_STREET,False,True,True
waymo:training_20s:e27e558933e671be,waymo,train,ok,-2.370317458033482,2.3703174580331456,5.3290705182007514e-14,1,1,,,,,False,False,False
waymo:training_20s:e2ec5b79e47766f5,waymo,train,ok,-3.7000230715823945,2.5090066590538997,1.554312234475219e-14,6,3,45.93805113387103,-60.70275065991373,-49.63807420545342,LANE_SURFACE_STREET,False,True,False
waymo:training_20s:e2f1aca76b0186ba,waymo,train,ok,-5.701117732192259,1.8002895945824895,2.842170943040401e-14,4,1,5.820103268633204,-32.66197871555639,-11.521221000825463,LANE_SURFACE_STREET,False,True,False
waymo:training_20s:e31188404edadaf1,waymo,train,ok,-5.1611702930257985,11.503933206305309,1.4832579608992091e-13,7,7,1.134519023899677,-9.704339235800205,-6.2956893169254755,LANE_SURFACE_STREET,False,True,True
waymo:training_20s:e3575e9e9952f4f,waymo,test,ok,-2.5966868709868325,7.809510961325107,1.1679546219056647e-13,1,1,,,,,False,True,True
waymo:training_20s:e36d93be222486b,waymo,train,ok,-4.1005950470163475,1.7575683048875101,6.772360450213455e-14,1,1,,,,,False,True,False
waymo:training_20s:e375351c622064d1,waymo,test,ok,-5.310164717723817,5.301023714396444,7.327471962526033e-13,4,4,0.8904207154693102,6.191444429865754,12.86046483937092,LANE_SURFACE_STREET,False,True,True
waymo:training_20s:e3897405320354a8,waymo,train,ok,-8.588607556187606,63.330206890257564,9.414691248821327e-14,2,3,24.671863332311695,-47.95505991489547,-33.2604708884993,LANE_SURFACE_STREET,False,True,True
waymo:training_20s:e3984908169fe14e,waymo,test,ok,-9.397242681280604,1.7791085316282655,5.808686864838819e-13,4,2,0.3327085488643198,2.1118170804925853,6.389310224499667,LANE_SURFACE_STREET,False,True,False
waymo:training_20s:e3c7802dfbf537ea,waymo,train,ok,-1.65205549132036,1.6520554913135412,1.4810375148499588e-13,3,3,0.022971966391588383,-5.4134761176606645,-1.6750274577119484,LANE_SURFACE_STREET,False,False,False
waymo:training_20s:e413cb52425a0c0f,waymo,test,ok,-17.751946191537048,1.4598528576386272,3.730349362740526e-13,3,3,65.08816275467828,-91.16615319062487,-82.84010894621532,LANE_SURFACE_STREET,False,True,False
waymo:training_20s:e439813845118b2a,waymo,train,ok,-7.285047578098887,5.765521679787371,4.440892098500626e-14,5,3,0.6195051065775328,6.385026786364904,11.405212380127182,LANE_SURFACE_STREET,False,True,True
waymo:training_20s:e477b9ee86a7d9db,waymo,validation,ok,-1.9379357922235303,1.9379932715529957,1.8784973576657649e-13,6,6,0.01798978048952593,-6.003237197510174,-1.9559255727130562,LANE_SURFACE_STREET,False,False,False
waymo:training_20s:e4a35b70638bb29d,waymo,test,ok,-3.769648304737401,3.7695216087256647,1.4654943925052066e-14,2,2,12.723995935639351,-43.016861895797874,-16.493644240376753,LANE_SURFACE_STREET,False,True,True
waymo:training_20s:e4a7d09653eccc5f,waymo,test,ok,-1.5503887297900119,1.6806900844607673,8.837375276016246e-14,2,2,44.942255113735136,-53.73806115940527,-46.49264384352515,LANE_SURFACE_STREET,False,False,False
waymo:training_20s:e4cf746dac2b4e99,waymo,train,ok,-6.564269794689869,5.819233727479008,2.220446049250313e-14,2,2,77.78919261655889,83.6084263440379,91.39395997550349,LANE_SURFACE_STREET,False,True,True
waymo:training_20s:e4d11dd1d32c0c9b,waymo,train,ok,-2.697299309568119,2.6973938975135883,1.7497114868092467e-13,3,1,61.615692491521806,64.31308638903539,67.50447289896479,LANE_SURFACE_STREET,False,True,True
waymo:training_20s:e4e377b4deb52f04,waymo,test,ok,-48.775078534905845,48.77665959512108,2.1316282072803006e-14,2,2,11.564473396000658,-70.70959661269976,-60.3395519309065,LANE_SURFACE_STREET,False,True,True
waymo:training_20s:e505b40e76e2d392,waymo,train,ok,-8.470021427916274,4.918149496435999,2.957634137601417e-13,2,2,1.2744756249545954,-14.028130456382897,-9.74449705287087,LANE_SURFACE_STREET,False,True,True
waymo:training_20s:e506eb549c5d9884,waymo,test,ok,-1.9343754709478236,1.9343754709478236,1.949551631241775e-13,3,3,1.2873343296213773,3.221709800569201,14.34156606067701,LANE_FREEWAY,False,False,False
waymo:training_20s:e56e73078ae0d4,waymo,train,ok,-5.766968636777555,3.1329602232476317,2.398081733190338e-14,4,4,41.654055655765035,-51.77725325978575,-47.42102429254259,LANE_SURFACE_STREET,False,True,True
waymo:training_20s:e583d16ab80a6c17,waymo,train,ok,-3.388261976985015,5.075512487667465,5.773159728050814e-15,1,1,,,,,False,True,True
waymo:training_20s:e58a9c5ef972d825,waymo,train,ok,-44.44190061156598,1.5598658551132267,9.947598300641403e-14,4,3,0.07895133845520164,1.6388171935684284,5.057333533024334,LANE_SURFACE_STREET,False,True,False
waymo:training_20s:e591b1394c3affa1,waymo,validation,ok,-6.048293612650826,4.9848710092735855,7.37188088351104e-14,4,5,0.977932454613442,5.9628034638870275,8.482200275221345,LANE_SURFACE_STREET,False,True,True
waymo:training_20s:e59c4fc3e49db536,waymo,train,ok,-14.740689939617472,5.547888307334148,9.947598300641403e-14,2,2,2.683681237079238,-17.779696189596564,-17.42437117669671,LANE_SURFACE_STREET,False,True,True
waymo:training_20s:e59d15a19c93bf65,waymo,train,ok,-3.2458334008999463,77.40242210669044,9.325873406851315e-14,2,1,13.560372973441787,90.96279508013222,99.99999999999989,LANE_SURFACE_STREET,False,True,True
waymo:training_20s:e5ab869cae61339e,waymo,test,ok,-3.046212467629842,60.821923775854614,9.947598300641403e-14,1,1,,,,,False,True,True
waymo:training_20s:e5c20e2ccc9da8a1,waymo,test,ok,-1.8194659823794914,5.03838511187706,5.040412531798211e-14,2,2,2.0590384732804967,7.097423585157557,10.30917525345967,LANE_SURFACE_STREET,False,False,True
waymo:training_20s:e5c64f3068e9ffe6,waymo,train,ok,-5.901301221899524,7.830913344808979,7.993605777301127e-15,5,3,9.591802364245591,17.42271570905457,23.942726705067315,LANE_SURFACE_STREET,False,True,True
waymo:training_20s:e5d787d64ec1258d,waymo,train,ok,-4.264820097374036,9.853382144170947,8.881784197001252e-15,2,2,10.317064990274009,20.170447134444956,24.265196002556095,LANE_SURFACE_STREET,False,True,True
waymo:training_20s:e5ec177813d05951,waymo,train,ok,-5.9730264159089295,2.5444312740796864,3.552713678800501e-15,2,2,36.042020271994815,-99.04766727352087,-42.01504668790374,LANE_SURFACE_STREET,False,True,False
waymo:training_20s:e5f6e55de094caab,waymo,train,ok,-1.9131671083423183,1.913167094281078,3.015365734881925e-13,2,2,0.34691917868888167,-5.455209153633135,-2.2600862870312,LANE_SURFACE_STREET,False,False,False
waymo:training_20s:e5fedd885fbf5faa,waymo,validation,ok,-4.0223338810365785,4.02232841121976,2.842170943040401e-14,1,1,,,,,False,True,True
waymo:training_20s:e6110cec07926cf,waymo,train,ok,-2.732924371918621,2.732916551884195,2.1316282072803006e-14,1,1,,,,,False,True,True
waymo:training_20s:e61d13949facc610,waymo,train,ok,-12.155688757974024,8.086006590309157,1.2256862191861728e-13,3,3,44.70721000971695,-99.91424514061701,-56.86289876769098,LANE_SURFACE_STREET,False,True,True
waymo:training_20s:e62cac85032e27ae,waymo,train,ok,-18.250778831902235,7.583500807379788,3.197442310920451e-14,5,2,6.311362671611524,13.894863478991311,30.4083968762896,LANE_SURFACE_STREET,False,True,True
waymo:training_20s:e636ddf0ba87ecb9,waymo,train,ok,-2.9448537783219617,2.944921214193346,3.730349362740526e-14,2,1,73.24336923230486,76.1882904464982,93.6878286531043,LANE_SURFACE_STREET,False,True,True
waymo:training_20s:e63e46e764c3ace4,waymo,train,ok,-3.3601029484887404,5.697673723812913,2.566835632933362e-13,2,2,64.82717001071056,-71.16307706532129,-68.1872729591993,LANE_SURFACE_STREET,False,True,True
waymo:training_20s:e6545dfbd9eaf0c5,waymo,test,ok,-8.080254327763393,5.968231651451972,1.474376176702208e-13,3,3,60.89261348238082,-76.54669674105446,-68.97286781014421,LANE_SURFACE_STREET,False,True,True
waymo:training_20s:e67b27ca6677b990,waymo,train,ok,-4.9778063914540684,91.2205119381091,5.684341886080802e-14,2,2,1.283673268691059,-9.68394055071306,-6.2614796601451275,LANE_SURFACE_STREET,False,True,True
waymo:training_20s:e6988666e23aa157,waymo,train,ok,-5.413157820241925,1.8030700745078834,8.260059303211165e-14,2,2,26.227877274815445,28.030947349323327,60.567273795878975,LANE_SURFACE_STREET,False,True,False
waymo:training_20s:e6aaf4d89a49adf9,waymo,train,ok,-1.8085629459141825,1.8085717349641945,3.3173463975799677e-13,1,1,,,,,False,False,False
waymo:training_20s:e71fcabb5a259ad3,waymo,test,ok,-2.1281612408607606,1.8071235078533991,2.9309887850104133e-13,1,1,,,,,False,False,False
waymo:training_20s:e7759dd9063577b8,waymo,validation,ok,-2.2665535026606323,2.0324131554619718,7.580602812140569e-13,2,2,1.970712119939288,4.00312527540126,18.816936436206376,LANE_FREEWAY,False,False,False
waymo:training_20s:e7bc7fa5af58fa8,waymo,test,ok,-4.456737726027278,5.085702392551621,2.1316282072803006e-14,1,1,,,,,False,True,True
waymo:training_20s:e7e2e0dd0c0833a2,waymo,test,ok,-3.638529629433566,3.6385127201245266,8.79296635503124e-14,2,2,76.15931061611506,-88.17501170574718,-79.79784024554863,LANE_SURFACE_STREET,False,True,True
waymo:training_20s:e7ece49bb8716c3d,waymo,test,ok,-5.291677985340728,4.8063192804666945,5.124789481669723e-13,1,1,,,,,False,True,True
waymo:training_20s:e804bedd2ee5d522,waymo,train,ok,-4.251186230780533,4.251186659340753,2.1316282072803006e-14,1,1,,,,,False,True,True
waymo:training_20s:e8626aa08f7b6085,waymo,test,ok,-6.5630777077183335,7.3613895265836,1.5987211554602254e-14,2,2,10.425785500303313,17.787175026886914,21.348120813435003,LANE_SURFACE_STREET,False,True,True
waymo:training_20s:e8651a20109be983,waymo,train,ok,-8.526747575093024,1.8726990232622167,8.770761894538737e-14,2,1,6.982927240384713,-34.62638011473227,-15.509674815477737,LANE_SURFACE_STREET,False,True,False
waymo:training_20s:e88083e93197e19,waymo,train,ok,-8.281316982082464,7.744960214602546,5.329070518200751e-15,5,4,1.3893329197940663,-13.369872104428254,-9.67064990187653,LANE_SURFACE_STREET,False,True,True
waymo:training_20s:e8903854fc70e62e,waymo,train,ok,-2.909728570997558,2.909728003434074,2.842170943040401e-14,1,1,,,,,False,True,True
waymo:training_20s:e89a085515dea7f2,waymo,test,ok,-5.197673597042293,1.7979555142880599,3.907985046680551e-14,4,4,39.68083193986608,41.478787454154144,50.31732631708823,LANE_SURFACE_STREET,False,True,False
waymo:training_20s:e8ae16f788c46030,waymo,test,ok,-1.7188277621415187,1.7188277621415187,1.9562129693895258e-13,8,3,0.06582589699392494,-5.043443903870596,-1.7846536591354436,LANE_SURFACE_STREET,False,False,False
waymo:training_20s:e8deaeca90dff148,waymo,train,ok,-12.871595509932012,93.34419510863339,8.526512829121202e-14,1,1,,,,,False,True,True
waymo:training_20s:e937716b7c6e72ca,waymo,test,ok,-1.7018248042388537,9.353180092662882,4.285460875053104e-14,2,2,18.183636564042317,-25.712248261682007,-19.88546136828117,LANE_SURFACE_STREET,False,False,True
waymo:training_20s:e93e4314bfd952a,waymo,train,ok,-3.7398120100341945,3.7398457614045832,1.6830981053317373e-13,1,1,,,,,False,True,True
waymo:training_20s:e971737a2edd1214,waymo,train,ok,-1.8193787133345962,9.667569648166413,3.2862601528904634e-14,2,2,10.342299509001585,20.009869157167998,23.719626246471094,LANE_SURFACE_STREET,False,False,True
waymo:training_20s:e9a635f6d85d0de1,waymo,validation,ok,-5.055795013692882,5.432832260582874,1.7763568394002505e-14,4,3,39.89360736061905,-51.64858806090317,-44.94940237431193,LANE_SURFACE_STREET,False,True,True
waymo:training_20s:e9aa820ad443b879,waymo,train,ok,-4.817911619561713,5.380553059232495,2.842170943040401e-14,3,3,45.590359029706164,50.97091208893866,54.51931863959163,LANE_SURFACE_STREET,False,True,True
waymo:training_20s:e9e818575d533356,waymo,test,ok,-4.668152301984451,1.642342054819601,1.5987211554602254e-14,1,1,,,,,False,True,False
waymo:training_20s:e9f442391f8ac481,waymo,train,ok,-15.030848937307638,10.666160242069425,1.5987211554602254e-14,7,3,1.3868804189342399,-28.50835178975565,-16.41772935624188,LANE_SURFACE_STREET,False,True,True
waymo:training_20s:e9fcecf4376172c3,waymo,test,ok,-3.6782392655745455,3.678202185237332,4.276579090856103e-13,1,1,,,,,False,True,True
waymo:training_20s:ea0ce76a809f8aac,waymo,train,ok,-8.91366821241252,100.00000000000036,3.552713678800501e-13,2,2,1.5055846453530783,-14.026931454309732,-10.4192528577656,LANE_SURFACE_STREET,False,True,True
waymo:training_20s:ea15f439b0a3a16e,waymo,train,ok,-2.2622723704155243,12.940301483292666,3.730349362740526e-14,1,1,,,,,False,False,True
waymo:training_20s:ea23c0e77fcb953c,waymo,train,ok,-7.93754018961942,3.723491598640415,2.220446049250313e-14,2,2,1.434708445542376,-12.580389507654658,-9.372248635161796,LANE_SURFACE_STREET,False,True,True
waymo:training_20s:ea2cfff3d7f1b41,waymo,test,ok,-3.6353224398272515,3.635322621805433,8.424372310855688e-13,1,1,,,,,False,True,True
waymo:training_20s:ea3d7652e176db96,waymo,test,ok,-8.383525083289086,1.6487287311309646,5.995204332975845e-15,9,6,0.7159384877968986,2.3646672189278632,5.264259886710079,LANE_SURFACE_STREET,False,True,False
waymo:training_20s:ea5b01495d4cd083,waymo,train,ok,-1.6517106099054013,1.651710609930686,9.14823772291129e-14,3,3,0.03492401133526979,-5.417159127776316,-1.686634621240671,LANE_SURFACE_STREET,False,False,False
waymo:training_20s:ea7d1db44d22f5ea,waymo,test,ok,-2.0824394841216654,1.7700518417016484,1.509903313490213e-14,4,1,3.9535569043351435,-18.69465499700337,-6.035996388456809,LANE_SURFACE_STREET,False,False,False
waymo:training_20s:eada795dc504dbc1,waymo,train,ok,-4.482056588373022,1.6896958585441997,2.398081733190338e-14,1,1,,,,,False,True,False
waymo:training_20s:eb20aced6bb0dc20,waymo,train,ok,-1.8843074043123016,5.541493916894636,1.0125233984581428e-13,4,4,7.520506135906404,13.06200005280104,13.834608079293787,LANE_SURFACE_STREET,False,False,True
waymo:training_20s:eb3f88acbba4200,waymo,test,ok,-5.525560252579124,1.945357784431106,1.0325074129013956e-13,2,2,25.26636220532902,27.211719989760127,35.03237494427563,LANE_SURFACE_STREET,False,True,False
waymo:training_20s:eb3f9a7789f01ca1,waymo,test,ok,-1.978770288806743,1.9787702677584067,3.2662761384472105e-13,2,2,49.90647626171821,-59.1194480722497,-51.885246550524954,LANE_SURFACE_STREET,False,False,False
waymo:training_20s:eb5b85356d8d959f,waymo,train,ok,-4.71597653373112,1.5473077371940527,3.47499806707674e-13,1,1,,,,,False,True,False
waymo:training_20s:eb8231739e61d21a,waymo,train,ok,-8.503295415933597,6.80487055976774,1.1013412404281553e-13,4,1,24.295982488479805,-68.0828350313156,-32.7992779044134,LANE_SURFACE_STREET,False,True,True
waymo:training_20s:ebad311b2eb08a9,waymo,train,ok,-7.359804082642403,1.6701856024172421,2.7977620220553945e-13,6,2,0.8687998490938533,2.5389854515110954,23.978501362732644,LANE_SURFACE_STREET,False,True,False
waymo:training_20s:ebeae316e1816898,waymo,train,ok,-1.8069620270438826,5.557397874168657,8.526512829121202e-14,1,1,,,,,False,False,True
waymo:training_20s:ec3c13fb4d3b7db7,waymo,train,ok,-1.5366908673791422,14.678112645168643,7.771561172376096e-15,3,1,82.3799176522428,-85.0181791275414,-83.91660851962193,LANE_SURFACE_STREET,False,False,True
waymo:training_20s:ec7031122d5fadbd,waymo,train,ok,-6.90993644740395,3.643649013409937,1.4210854715202004e-14,1,1,,,,,False,True,True
waymo:training_20s:ec770b4daa4db64,waymo,test,ok,-4.060156520347451,4.060205327840153,5.426770144367765e-13,3,3,70.7231922200811,74.78339754792125,99.96443572888288,LANE_SURFACE_STREET,False,True,True
waymo:training_20s:ec942e2e13771ad1,waymo,validation,ok,-3.005438337793838,3.0054383169561616,5.950795411990839e-14,4,3,59.37999111039021,62.38542942734637,68.49399092789051,LANE_SURFACE_STREET,False,True,True
waymo:training_20s:ecb2fd73d4e20f63,waymo,train,ok,-16.46300429418983,12.291528253774674,2.6645352591003757e-14,4,4,29.82674191122569,-50.88753862087516,-46.28974620541552,LANE_SURFACE_STREET,False,True,True
waymo:training_20s:ecbe9e6f55809058,waymo,test,ok,-5.8633924523355745,61.99481610630937,0.0,3,2,80.39265222414815,-86.47461585998553,-86.25604467648373,LANE_SURFACE_STREET,False,True,True
waymo:training_20s:ecc817537d69b48b,waymo,test,ok,-3.764391449691825,3.322083710207677,9.592326932761353e-14,4,3,0.23605709288600174,3.5581408030936785,6.067081492724043,LANE_SURFACE_STREET,True,True,True
waymo:training_20s:ed07a273ccb5e17d,waymo,train,ok,-13.496604851497631,75.34634468258538,4.0678571622265736e-13,3,3,30.20861229556356,-84.03922785578222,-43.70521714706119,LANE_SURFACE_STREET,False,True,True
waymo:training_20s:ed30dabc039abc7a,waymo,test,ok,-4.998796936441458,9.147610971087627,3.907985046680551e-14,1,1,,,,,False,True,True
waymo:training_20s:ed34ea2e36395ca4,waymo,test,ok,-1.7772590712987628,3.171523686847081,1.7985612998927536e-13,1,1,,,,,False,False,True
waymo:training_20s:ed3a32885993cf07,waymo,train,ok,-5.561593255831088,9.266538367151046,9.592326932761353e-14,2,2,54.199949916883014,-64.21770466671873,-59.7615431727141,LANE_SURFACE_STREET,False,True,True
waymo:training_20s:ed681c3eacfd69e0,waymo,train,ok,-2.8935712694180764,2.89357754087463,1.3322676295501878e-14,3,2,40.72864644332735,43.62222398420198,58.686985317907784,LANE_SURFACE_STREET,False,True,True
waymo:training_20s:ed789cda2733f0a2,waymo,train,ok,-9.10460528361416,24.148295490310492,8.881784197001252e-14,1,1,,,,,False,True,True
waymo:training_20s:ed8f3f7d190b1f50,waymo,train,ok,-2.374968769242054,6.283136440273752,3.6060043839825084e-13,2,2,51.12900732144789,57.41214376172164,63.808130252763476,LANE_SURFACE_STREET,False,False,True
waymo:training_20s:edc2e042f6027805,waymo,train,ok,-4.217335848926214,4.225896445485903,1.5898393712632242e-13,3,1,12.271491457992978,16.49738790347888,48.679738605559294,LANE_SURFACE_STREET,False,True,True
waymo:training_20s:eddd161c627818cb,waymo,test,ok,-1.7135295621316964,4.966042143841954,1.0014211682118912e-13,2,1,76.10309979681467,81.06914194065664,99.99999999999986,LANE_SURFACE_STREET,False,False,True
waymo:training_20s:ede1125656ee4006,waymo,train,ok,-1.7134044340800756,1.7133209522353354,0.0,3,3,67.18413280928598,-76.67301631072223,-68.89753724336606,LANE_SURFACE_STREET,False,False,False
waymo:training_20s:edeeb2027fa2c35,waymo,test,ok,-5.159613521009268,8.979232025066029,1.0658141036401503e-14,1,1,,,,,False,True,True
waymo:training_20s:ee034556dd22665e,waymo,test,ok,-9.731267829779622,1.6756957420883436,3.232969447708456e-13,4,2,0.6855376553906114,2.361233397478955,5.3142291268653,LANE_SURFACE_STREET,False,True,False
waymo:training_20s:ee8279877478c800,waymo,train,ok,-1.6618902899247616,5.085733726620096,2.0339285811132868e-13,2,2,51.262665434107596,-58.98559611580512,-52.92455572403236,LANE_SURFACE_STREET,False,False,True
waymo:training_20s:ee87a69bb5ee2b11,waymo,train,ok,-3.6378896215717,3.637919341610077,7.593925488436071e-14,4,4,80.1621190557711,83.80003839738117,99.99999999999991,LANE_SURFACE_STREET,False,True,True
waymo:training_20s:ee90ee81b8654e40,waymo,test,ok,-5.42259766760867,7.825924944248747,3.552713678800501e-13,3,3,0.1210586803050262,-16.29727422767263,-5.543656347913696,LANE_SURFACE_STREET,False,True,True
waymo:training_20s:eeb60912a0cd5db6,waymo,train,ok,-3.062721033475956,4.129297166268017,3.375077994860476e-13,1,1,,,,,False,True,True
waymo:training_20s:eee82daf86132a2d,waymo,train,ok,-2.46804386167622,5.991009253465451,1.7763568394002505e-15,1,1,,,,,False,False,True
waymo:training_20s:eefe623e83d842a,waymo,test,ok,-3.6506562046533104,2.557108835926358,7.949196856316121e-14,4,3,45.95378950923064,-59.248876899456796,-49.60444571388395,LANE_SURFACE_STREET,False,True,False
waymo:training_20s:ef001512ea5b60a6,waymo,train,ok,-3.2865268992693255,16.587240281629565,6.750155989720952e-14,1,1,,,,,False,True,True
waymo:training_20s:ef713236bfb70f40,waymo,validation,ok,-2.003149023114517,2.0031488044088985,5.684341886080802e-14,3,3,2.558042404070804,-16.459607899428747,-4.561191427185321,LANE_SURFACE_STREET,False,False,False
waymo:training_20s:ef80eb9a28c8ead9,waymo,train,ok,-3.186809846603949,3.1868457682626454,1.3322676295501878e-14,9,8,11.847036438101124,15.03388220636377,19.659049308189623,LANE_SURFACE_STREET,False,True,True
waymo:training_20s:ef8cdca333e86127,waymo,train,ok,-11.926143153492642,8.010741831214183,7.815970093361102e-14,3,2,13.5714213247604,21.582163155974584,26.385808467781544,LANE_SURFACE_STREET,False,True,True
waymo:training_20s:ef8ceb085485552d,waymo,train,ok,-10.328867172287135,5.136908443325949,6.927791673660977e-14,1,1,,,,,False,True,True
waymo:training_20s:ef9f68a445384457,waymo,train,ok,-8.503598951848799,6.805761859788298,1.1191048088221578e-13,2,1,48.82791290863086,-68.10073187921222,-57.33151186047966,LANE_SURFACE_STREET,False,True,True
waymo:training_20s:efc25189b771bca1,waymo,test,ok,-1.7075258997917002,12.728243981444898,1.0658141036401503e-13,2,2,0.8981171729340263,-7.212294746759127,-2.6056430727257265,LANE_SURFACE_STREET,False,False,True
waymo:training_20s:eff977c24c98683,waymo,train,ok,-5.887643682512343,2.7463132843500397,1.6431300764452317e-14,2,2,19.420772362979346,22.167085647329387,46.77687273047954,LANE_SURFACE_STREET,False,True,True
waymo:training_20s:f0231557451305f8,waymo,test,ok,-10.802504215434174,3.5994200700347783,4.796163466380676e-13,2,1,1.2696621904675656,-54.37824167230457,-12.07216640590174,LANE_SURFACE_STREET,False,True,True
waymo:training_20s:f024ba884951721,waymo,train,ok,-4.983676141698392,1.7797090391762465,5.240252676230739e-14,1,1,,,,,False,True,False
waymo:training_20s:f027a149ae9d79d8,waymo,train,ok,-88.86249602037584,100.00000000000013,7.105427357601002e-14,1,1,,,,,False,True,True
waymo:training_20s:f07b935ac08333e7,waymo,test,ok,-1.71358705356464,1.7357893263589723,1.0302869668521453e-13,1,1,,,,,False,False,False
waymo:training_20s:f092f146ea15aa7,waymo,test,ok,-8.807069494472756,27.41380783151877,1.3145040611561853e-13,2,2,22.459445924007596,-36.054206005976525,-31.266515418480353,LANE_SURFACE_STREET,False,True,True
waymo:training_20s:f0d821193afede0e,waymo,train,ok,-8.233763468154141,4.358086295010006,3.375077994860476e-14,3,3,34.609943867016256,-50.5833933894961,-42.84370733517039,LANE_SURFACE_STREET,False,True,True
waymo:training_20s:f0d97c949ccc3646,waymo,train,ok,-1.5897220965727512,41.75648010856968,1.0524914273446484e-13,4,4,1.5611358694390902,-6.9619458308859805,-3.1508579660118414,LANE_SURFACE_STREET,False,False,True
waymo:training_20s:f0e36df6e9a5ec06,waymo,test,ok,-1.6347827064294798,4.640581554741548,5.3290705182007514e-14,2,1,30.138908046967597,34.779489601709145,48.17272008827422,LANE_SURFACE_STREET,False,False,True
waymo:training_20s:f1174e112c1a7d0f,waymo,train,ok,-2.074718786352519,2.074718789548825,5.639932965095795e-14,6,5,15.071154649932453,17.145873439481278,22.178010305436544,LANE_SURFACE_STREET,False,False,False
waymo:training_20s:f127503d65719f1f,waymo,train,ok,-8.245885274822571,4.829728600503745,1.687538997430238e-14,2,2,75.58884508882915,-90.08001102010371,-83.83473036365172,LANE_SURFACE_STREET,False,True,True
waymo:training_20s:f16f82e862814845,waymo,test,ok,-2.468094916939542,52.11957277049727,1.4921397450962104e-13,1,1,,,,,False,False,True
waymo:training_20s:f18617f4a7ae5db2,waymo,train,ok,-2.048151771090891,5.726279802623067,1.8962609260597674e-13,4,3,45.119287254250665,50.84556705687373,57.89627547105408,LANE_SURFACE_STREET,False,False,True
waymo:training_20s:f1b29daac80caf01,waymo,train,ok,-12.146515870684569,8.074549662977862,6.927791673660977e-14,3,3,35.819067057841615,-97.31116060960771,-47.96558292852618,LANE_SURFACE_STREET,False,True,True
waymo:training_20s:f1bd556b22055c97,waymo,train,ok,-8.31528325827693,1.7195310032447715,5.1514348342607263e-14,1,1,,,,,False,True,False
waymo:training_20s:f1c32a2a57759e49,waymo,test,ok,-4.475531081718891,4.47553017046987,5.3290705182007514e-14,1,1,,,,,False,True,True
waymo:training_20s:f1cf2275e8236678,waymo,train,ok,-1.5775326017084241,70.71656553704038,7.105427357601002e-14,1,1,,,,,False,False,True
waymo:training_20s:f1d4535db1861794,waymo,train,ok,-1.816329737282997,8.673754617328473,8.704148513061227e-14,2,2,53.06807120390935,-63.10239524763201,-54.88440094119235,LANE_SURFACE_STREET,False,False,True
waymo:training_20s:f1fd98b9060c893d,waymo,train,ok,-99.63558829813047,60.117579248369516,7.815970093361102e-14,3,2,1.4169711098764068,61.53455035824592,63.841493282078886,LANE_SURFACE_STREET,False,True,True
waymo:training_20s:f20265a9c4e8cf5f,waymo,train,ok,-1.7374925188964192,19.01341527909146,3.064215547965432e-14,3,3,9.099417198886284,-14.684490933877186,-10.836909717782703,LANE_SURFACE_STREET,False,False,True
waymo:training_20s:f257fca9f17c8c0d,waymo,train,ok,-4.540706079643287,1.5144380122727867,5.262457136723242e-14,1,1,,,,,False,True,False
waymo:training_20s:f27574fc01312e33,waymo,test,ok,-7.782856637538572,8.925286612543484,3.197442310920451e-14,1,1,,,,,False,True,True
waymo:training_20s:f28d8896a985dca3,waymo,validation,ok,-8.608896152138549,1.764436623755942,2.1316282072803006e-14,5,4,0.6749223782503853,2.439359002006327,9.23192020420342,LANE_SURFACE_STREET,False,True,False
waymo:training_20s:f298c8181fe8ecb2,waymo,train,ok,-3.9310665019297524,3.9734870843601002,4.1300296516055823e-14,7,3,41.24535741832908,-60.79529440068374,-45.176423920258834,LANE_SURFACE_STREET,False,True,True
waymo:training_20s:f2f35b89d6b21b36,waymo,train,ok,-1.7373214015899872,1.396668066144685,1.8407497748285095e-13,1,1,,,,,False,False,False
waymo:training_20s:f30e395c8fcb3cbc,waymo,train,ok,-3.7856537787299795,3.7856595152605097,1.98507876802978e-13,5,2,12.753311067333808,16.538970582594317,52.33685391368087,LANE_SURFACE_STREET,False,True,True
waymo:training_20s:f35d0abb8569fcaf,waymo,train,ok,-4.901136702502957,8.744520829163518,8.348877145181177e-14,2,2,13.423380045573065,-28.663374649559515,-18.32451674807602,LANE_SURFACE_STREET,False,True,True
waymo:training_20s:f3a8dfbb81d2fa8b,waymo,train,ok,-6.421344387224339,1.7463954595209672,6.972200594645983e-14,3,3,39.02643607267048,-93.71156080633631,-45.447780459894815,LANE_SURFACE_STREET,False,True,False
waymo:training_20s:f3afbab5c7b6d7f2,waymo,train,ok,-8.204705147977819,19.604591001003655,2.2737367544323206e-13,2,2,1.32377030479212,-14.096976935792966,-9.52847545276994,LANE_SURFACE_STREET,False,True,True
waymo:training_20s:f3be84358fad7cb5,waymo,validation,ok,-4.136277050609771,4.136306265302526,4.18332035678759e-13,2,1,74.15702210065052,78.29332836595304,85.74838655762227,LANE_SURFACE_STREET,False,True,True
waymo:training_20s:f3f501a40cb9ddfa,waymo,test,ok,-1.8300321153819756,60.15236871099998,2.842170943040401e-14,1,1,,,,,False,False,True
waymo:training_20s:f400520c780c0fc6,waymo,train,ok,-4.9535924395343445,5.075696259543994,2.3092638912203256e-14,1,1,,,,,False,True,True
waymo:training_20s:f40b0e52b180a29a,waymo,train,ok,-5.027053664378186,8.940054234495875,8.881784197001252e-16,2,2,60.47927119126456,69.41932542576043,76.17077853959015,LANE_SURFACE_STREET,False,True,True
waymo:training_20s:f437f7432fb8fe1e,waymo,test,ok,-4.856737946936476,29.848988310056164,2.930988785010413e-14,4,2,52.686342225254215,82.53533053531038,93.12979804739041,LANE_SURFACE_STREET,False,True,True
waymo:training_20s:f471dc62734220cc,waymo,train,ok,-2.1160686965709337,99.9999999999996,3.9879211044535623e-13,4,3,6.879436343918315,-49.219099707126404,-8.995505040489249,LANE_SURFACE_STREET,False,False,True
waymo:training_20s:f4a3f588261a4e63,waymo,test,ok,-8.87419826472074,23.773428000430044,2.1316282072803006e-14,1,1,,,,,False,True,True
waymo:training_20s:f4e910679c50bbc9,waymo,train,ok,-2.6107533298049876,2.823566469784806,2.042810365310288e-13,2,1,32.823876158353286,35.647442628138094,43.471871792183606,LANE_SURFACE_STREET,False,True,True
waymo:training_20s:f4f3ee39851686,waymo,test,ok,-4.109978673624402,1.7921933679143913,1.2989609388114332e-13,1,1,,,,,False,True,False
waymo:training_20s:f51d89f531991a2c,waymo,train,ok,-4.39771264222337,4.397726179302082,1.580957587066223e-13,1,1,,,,,False,True,True
waymo:training_20s:f550e25a33ce0cc3,waymo,test,ok,-2.6891029000386646,2.6947634674277663,7.633893517322576e-13,10,9,9.387021984132103,-20.877423180823413,-12.076124884170767,LANE_SURFACE_STREET,False,True,True
waymo:training_20s:f58cf01546310e7c,waymo,train,ok,-8.623073555460303,99.99999999999982,1.8474111129762605e-13,3,2,75.57511940464663,-84.32790428545259,-84.19819296010694,LANE_SURFACE_STREET,False,True,True
waymo:training_20s:f58f411c640b2768,waymo,test,ok,-5.317098423106414,5.2545229694716475,5.861977570020827e-14,1,1,,,,,False,True,True
waymo:training_20s:f59d9ed62c080121,waymo,test,ok,-12.893976104361437,1.8371694840082637,6.217248937900877e-14,1,1,,,,,False,True,False
waymo:training_20s:f5a315dc9a2c1033,waymo,train,ok,-5.280358906076886,10.743320643084212,1.9539925233402755e-14,2,2,85.72404345722546,96.46736410030968,99.58397394278091,LANE_SURFACE_STREET,False,True,True
waymo:training_20s:f5a666ec7a5cb0b3,waymo,validation,ok,-2.043177350358157,6.3400252894727736,1.3566925360919413e-12,3,3,70.12721073624559,-88.18212405647085,-72.17038808660375,LANE_SURFACE_STREET,False,False,True
waymo:training_20s:f5b5ab5b760b5d22,waymo,test,ok,-2.0246475317430157,13.51040418541602,3.7125857943465235e-13,2,2,52.440979527814314,-61.642582691787965,-54.46562705955733,LANE_SURFACE_STREET,False,False,True
waymo:training_20s:f61b9c18dd0b5e7,waymo,test,ok,-4.829087592165785,7.720202525061859,7.904787935331115e-14,1,1,,,,,False,True,True
waymo:training_20s:f6208cce2b710a7e,waymo,train,ok,-5.041656981687541,76.44835478788205,1.9628743075372768e-13,1,1,,,,,False,True,True
waymo:training_20s:f664a6b1c17fdc49,waymo,test,ok,-7.337151343202196,71.71480161054579,1.4210854715202004e-14,1,1,,,,,False,True,True
waymo:training_20s:f676c613cece3779,waymo,train,ok,-5.293123240437996,5.0778981784211155,2.1316282072803006e-14,3,3,46.20126842190153,-58.82316723667893,-51.49439166233953,LANE_SURFACE_STREET,False,True,True
waymo:training_20s:f6b24b3cfe8a5ae1,waymo,test,ok,-8.746624971674,8.750461300869045,1.0480505352461478e-13,4,1,2.5986506538555663,-78.20005365904638,-11.345275625529567,LANE_SURFACE_STREET,False,True,True
waymo:training_20s:f7185d644085ace,waymo,train,ok,-3.6675687011004103,3.668000814331307,3.7259084706420253e-13,1,1,,,,,False,True,True
waymo:training_20s:f73e4867f5aaba45,waymo,train,ok,-3.6710305213930194,3.6710305213930194,2.007283228522283e-13,1,1,,,,,False,True,True
waymo:training_20s:f7492904498262ec,waymo,test,ok,-4.560083298927608,1.7042817800281247,7.194245199571014e-14,3,3,67.28006830945762,-82.46749772941357,-71.84015160838523,LANE_SURFACE_STREET,False,True,False
waymo:training_20s:f796f71d52a06ff,waymo,test,ok,-2.4253245206948097,7.793658608984472,1.4210854715202004e-14,4,3,30.169668203025616,-40.27776774411929,-32.594992723720424,LANE_SURFACE_STREET,False,False,True
waymo:training_20s:f7aad4657a2bd02,waymo,train,ok,-5.499564952750657,1.9298164332167578,6.390443729742401e-13,1,1,,,,,False,True,False
waymo:training_20s:f7be75dcff8ae5bf,waymo,train,ok,-3.5637813975202297,3.3562619619613576,1.2168044349891716e-13,1,1,,,,,False,True,True
waymo:training_20s:f7d87818636f2848,waymo,train,ok,-2.1157065178960694,7.989803907770893,5.861977570020827e-14,1,1,,,,,False,False,True
waymo:training_20s:f7d9d74fb78ebc8,waymo,test,ok,-27.40058080267453,21.006200471517207,3.659295089164516e-13,1,1,,,,,False,True,True
waymo:training_20s:f7e75efe5166f3a7,waymo,validation,ok,-8.326142511041184,10.879392843755477,2.753353101070388e-13,1,1,,,,,False,True,True
waymo:training_20s:f7f6c0b9a6b9e33,waymo,train,ok,-4.961280041183677,4.821963397236757,4.973799150320701e-14,2,2,81.55994392210339,86.38190731934014,92.42737907203991,LANE_SURFACE_STREET,False,True,True
waymo:training_20s:f848d6a993d64af6,waymo,validation,ok,-3.857875593583061,3.8578913674091657,2.708944180085382e-13,2,2,74.18831280184602,78.04620416925519,86.48653541475298,LANE_SURFACE_STREET,False,True,True
waymo:training_20s:f887a0837b9a6e76,waymo,train,ok,-1.8664796002944692,69.23882069525608,6.812328479099961e-13,3,3,31.491014478425882,-66.22738645607657,-33.35749407872035,LANE_SURFACE_STREET,False,False,True
waymo:training_20s:f8e5806416a82d60,waymo,test,ok,-2.1372670147686796,6.35842008185824,2.0117241206207837e-13,1,1,,,,,False,False,True
waymo:training_20s:f8eb26fb0765a309,waymo,test,ok,-1.493924389149441,1.62344967093514,1.1834977442504169e-13,2,2,17.636912182668524,-100.0,-19.130836571817966,LANE_SURFACE_STREET,False,False,False
waymo:training_20s:f9474dc53d01af9a,waymo,train,ok,-5.455151210583266,1.6103090921236556,2.851052727237402e-13,2,2,2.4909573010012744,-13.0896993415206,-7.946108511584541,LANE_SURFACE_STREET,False,True,False
waymo:training_20s:f9483749b4835362,waymo,train,ok,-1.640546910041531,54.41919185457223,2.842170943040401e-14,2,2,31.309013204961218,85.72820505953345,100.00000000000006,LANE_SURFACE_STREET,False,False,True
waymo:training_20s:f961a05d46ab3b0b,waymo,test,ok,-2.305079678265299,4.605645600256287,2.779998453661392e-13,5,4,0.06008343287566564,4.665729033131953,7.946058387822717,LANE_SURFACE_STREET,False,False,True
waymo:training_20s:f99cb0606af2f1cb,waymo,train,ok,-4.413527506112292,4.644875475616082,4.618527782440651e-14,2,2,77.41892932035115,-89.79317183410741,-81.83245682646344,LANE_SURFACE_STREET,False,True,True
waymo:training_20s:f9cb1b3d417d3cb9,waymo,train,ok,-13.278277666946114,1.4801273565715933,6.8833827526759706e-15,2,2,1.5317335155607559,-18.191669724690314,-14.81001118250687,LANE_SURFACE_STREET,False,True,False
waymo:training_20s:fa4bae26adc7b81e,waymo,train,ok,-1.7475895207726584,1.747586760699742,8.899547765395255e-13,1,1,,,,,False,False,False
waymo:training_20s:fa501d443167a3ce,waymo,test,ok,-12.275784525618981,20.833702283354345,2.1316282072803006e-14,1,1,,,,,False,True,True
waymo:training_20s:faa1006b60b7fdda,waymo,test,ok,-1.707703680292593,8.132498811203558,1.0658141036401503e-14,2,2,32.860019941955954,40.992518753159516,45.688125748773814,LANE_SURFACE_STREET,False,False,True
waymo:training_20s:facba78cb419514f,waymo,test,ok,-1.4786241660714272,40.91122216570871,4.3076653355456074e-14,1,1,,,,,False,False,True
waymo:training_20s:faf37c5c420bb283,waymo,test,ok,-1.7334776542249997,2.5325980570607762,1.5765166949677223e-13,1,1,,,,,False,False,False
waymo:training_20s:fb50578fcdc5b9ef,waymo,test,ok,-1.6671062679373354,1.6671082438679563,5.81756864903582e-14,1,1,,,,,False,False,False
waymo:training_20s:fb54af6ba50325ee,waymo,train,ok,-35.013541876716495,26.379936383819913,9.023892744153272e-13,2,2,32.67908876248686,-80.08834191043647,-67.69263063920336,LANE_SURFACE_STREET,False,True,True
waymo:training_20s:fb78397aaf4c692f,waymo,train,ok,-4.880848140912677,7.455713929451326,4.440892098500626e-14,2,2,53.8605462284764,-68.939778146864,-58.74139436938908,LANE_SURFACE_STREET,False,True,True
waymo:training_20s:fbc5574c5b65b3d6,waymo,test,ok,-5.237339826063128,66.10191329276742,1.2079226507921703e-13,2,2,1.7538398875819112,-10.352119864393046,-6.991179713645039,LANE_SURFACE_STREET,False,True,True
waymo:training_20s:fc0aeab271f482c3,waymo,test,ok,-6.825888748763785,6.887676456277851,1.2168044349891716e-13,2,1,10.42861253719423,-83.9906552458545,-17.254501285958014,LANE_SURFACE_STREET,False,True,True
waymo:training_20s:fc1c66336631d264,waymo,train,ok,-5.509950043512122,90.27511002246037,9.769962616701378e-14,2,2,1.4699012480649127,-10.422438975837082,-6.9798512915770345,LANE_SURFACE_STREET,False,True,True
waymo:training_20s:fc4015b010d9e5a7,waymo,train,ok,-7.369954461755391,1.6368846108873312,9.769962616701378e-15,2,2,72.17944582573011,-88.08844321545328,-79.5494002874855,LANE_SURFACE_STREET,False,True,False
waymo:training_20s:fc4cf181da5acc14,waymo,test,ok,-5.069221930250023,5.2187390299041,0.0,2,2,48.33691207073116,53.55565110063526,66.18113300179266,LANE_SURFACE_STREET,False,True,True
waymo:training_20s:fca2375e0b50db33,waymo,test,ok,-31.56518365483239,5.34254805126592,5.5067062021407764e-14,2,1,4.945640504516788,-42.069529979387234,-36.51082415934918,LANE_SURFACE_STREET,False,True,True
waymo:training_20s:fcf2b18e56a52ded,waymo,train,ok,-2.281365526156363,7.504199762486444,3.552713678800501e-14,3,3,81.52662393987441,89.03082370236086,94.95830883100936,LANE_SURFACE_STREET,False,False,True
waymo:training_20s:fd105b6951afc5fc,waymo,train,ok,-9.08191970802525,1.5150030425036929,6.039613253960852e-14,7,3,0.6403708696998969,-41.61172199494234,-9.722290577725147,LANE_SURFACE_STREET,False,True,False
waymo:training_20s:fd159a092694ce39,waymo,train,ok,-8.202503808204984,32.83097962477507,3.694822225952521e-13,4,2,1.2726660371236385,-12.726797550440182,-9.475169845328622,LANE_SURFACE_STREET,False,True,True
waymo:training_20s:fd1f51699c0cac0a,waymo,train,ok,-2.1806122709478863,2.6412118723765365,7.72715225139109e-14,2,1,41.96075892828927,44.60197080066581,67.58904662008965,LANE_SURFACE_STREET,False,False,True
waymo:training_20s:fd2cf7541b253a6d,waymo,train,ok,-3.1338792443317236,3.1338791563845803,7.105427357601002e-14,2,2,94.30427255864706,97.43815171503164,99.99999999999989,LANE_SURFACE_STREET,False,True,True
waymo:training_20s:fd43fefac95ff7a4,waymo,train,ok,-5.0362932679711445,29.359522658147707,3.197442310920451e-14,4,4,1.7849322220399717,-10.416823896091842,-6.821225490011116,LANE_SURFACE_STREET,False,True,True
waymo:training_20s:fd53cccbb6f56778,waymo,train,ok,-4.847628283690806,8.617231950804266,2.149391775674303e-13,4,4,66.47942947754501,75.09666142834928,82.15868707515787,LANE_SURFACE_STREET,False,True,True
waymo:training_20s:fd5886f20920c791,waymo,train,ok,-99.99999999999997,27.46528310115562,2.842170943040401e-14,1,1,,,,,False,True,True
waymo:training_20s:fd8a437c262df62f,waymo,test,ok,-6.414178951176596,94.09590711190042,1.8562928971732617e-13,1,1,,,,,False,True,True
waymo:training_20s:fdd4198e3752838e,waymo,test,ok,-1.612104602030192,1.6755567834778815,9.370282327836321e-14,1,1,,,,,False,False,False
waymo:training_20s:fddd7dd8a70fbd8d,waymo,train,ok,-1.9342944392115062,1.4270913562421814,8.881784197001252e-15,1,1,,,,,False,False,False
waymo:training_20s:fe2ff2471f1df2a7,waymo,validation,ok,-12.06101542482074,93.46556319567271,1.4210854715202004e-14,2,2,1.5544849921405568,-17.49354351502045,-13.615500416961297,LANE_SURFACE_STREET,False,True,True
waymo:training_20s:fe43dced30bc289d,waymo,validation,ok,-8.286136073240492,8.036280619361161,1.0658141036401503e-14,6,5,1.1448954995724776,-12.890320685606852,-9.43103157281297,LANE_SURFACE_STREET,False,True,True
waymo:training_20s:fe6141aeb4061824,waymo,train,ok,-6.504366145426356,5.415910464173779,7.460698725481052e-14,1,1,,,,,False,True,True
waymo:training_20s:feebb73b0e916198,waymo,test,ok,-1.7069683955146195,7.543160931626547,6.88338275267597e-14,3,3,39.169538410730695,-47.66632054870367,-40.87650680624532,LANE_SURFACE_STREET,False,False,True
waymo:training_20s:ff063034b73aaa36,waymo,train,ok,-1.7782322383554654,56.59773294464227,8.040235144335384e-13,3,2,26.359898937718278,82.95763188236054,83.49865983685783,LANE_SURFACE_STREET,False,False,True
waymo:training_20s:ff1f81eafb006cbf,waymo,train,ok,-16.989668251034633,3.0226071859244463,3.907985046680551e-14,2,2,48.766288708307314,-100.0,-65.75595695934194,LANE_SURFACE_STREET,False,True,True
waymo:training_20s:ff5ce0794c0be672,waymo,train,ok,-19.01235143195406,25.571228475107013,1.4210854715202004e-13,6,3,0.0760316007800057,25.64726007588702,52.279227437679765,LANE_SURFACE_STREET,False,True,True
waymo:training_20s:ffb0a3e44a83bea7,waymo,test,ok,-2.731260947776736,2.7312700033824457,1.8740564655672642e-13,1,1,,,,,False,True,True
